timestamp,tof0,tof1
1734907669.730576,255.0,255.0
1734907669.7306178,255.0,255.0
1734907669.7306993,255.0,255.0
1734907669.7308333,255.0,255.0
1734907669.7308915,255.0,255.0
1734907669.7309132,255.0,255.0
1734907669.7309482,255.0,255.0
1734907669.7309608,255.0,255.0
1734907669.7335038,255.0,255.0
1734907669.7340853,255.0,255.0
1734907669.7345943,255.0,255.0
1734907669.734993,255.0,255.0
1734907669.735979,255.0,255.0
1734907669.7362812,255.0,255.0
1734907669.7381947,255.0,255.0
1734907669.7382648,255.0,255.0
1734907669.7394674,255.0,255.0
1734907669.7397776,255.0,255.0
1734907669.7408478,255.0,255.0
1734907669.740897,255.0,255.0
1734907669.7425294,255.0,255.0
1734907669.74276,255.0,255.0
1734907669.7448525,255.0,255.0
1734907669.7449856,255.0,255.0
1734907669.746437,255.0,255.0
1734907669.746537,255.0,255.0
1734907669.7491677,255.0,255.0
1734907669.7511644,255.0,255.0
1734907669.7513614,255.0,255.0
1734907669.752646,255.0,255.0
1734907669.7526994,255.0,255.0
1734907669.7540634,255.0,255.0
1734907669.754899,255.0,255.0
1734907669.7552888,255.0,255.0
1734907669.7561982,255.0,255.0
1734907669.7564702,255.0,255.0
1734907669.7575233,255.0,255.0
1734907669.757817,255.0,255.0
1734907669.7590868,255.0,255.0
1734907669.7591705,255.0,255.0
1734907669.7612457,255.0,255.0
1734907669.761995,255.0,255.0
1734907669.763888,255.0,255.0
1734907669.7644093,255.0,255.0
1734907669.765895,255.0,255.0
1734907669.7667737,255.0,255.0
1734907669.7673125,255.0,255.0
1734907669.7681315,255.0,255.0
1734907669.7691405,255.0,255.0
1734907669.7696786,255.0,255.0
1734907669.7703876,255.0,255.0
1734907669.7709694,255.0,255.0
1734907669.7717767,255.0,255.0
1734907669.772887,255.0,255.0
1734907669.7735069,255.0,255.0
1734907669.7744153,255.0,255.0
1734907669.7745516,255.0,255.0
1734907669.7759724,255.0,255.0
1734907669.7759995,255.0,255.0
1734907669.7776086,255.0,255.0
1734907669.77788,255.0,255.0
1734907669.779369,255.0,255.0
1734907669.7796028,255.0,255.0
1734907669.7808254,255.0,255.0
1734907669.7811766,255.0,255.0
1734907669.7825165,255.0,255.0
1734907669.7825904,255.0,255.0
1734907669.784298,255.0,255.0
1734907669.7843335,255.0,255.0
1734907669.7861648,255.0,255.0
1734907669.786484,255.0,255.0
1734907669.7874908,255.0,255.0
1734907669.7878346,255.0,255.0
1734907669.788924,255.0,255.0
1734907669.7890446,255.0,255.0
1734907669.790277,255.0,255.0
1734907669.790337,255.0,255.0
1734907669.7915251,255.0,255.0
1734907669.7916722,255.0,255.0
1734907669.793756,255.0,255.0
1734907669.7938845,255.0,255.0
1734907669.7953925,255.0,255.0
1734907669.795566,255.0,255.0
1734907669.7969387,255.0,255.0
1734907669.7971551,255.0,255.0
1734907669.7983801,255.0,255.0
1734907669.799163,255.0,255.0
1734907669.799684,255.0,255.0
1734907669.8003113,255.0,255.0
1734907669.8005278,255.0,255.0
1734907669.8011336,255.0,255.0
1734907669.8018057,255.0,255.0
1734907669.8019605,255.0,255.0
1734907669.8034897,255.0,255.0
1734907669.8036754,255.0,255.0
1734907669.804559,255.0,255.0
1734907669.805047,255.0,255.0
1734907669.8059645,255.0,255.0
1734907669.8066533,255.0,255.0
1734907669.8074389,255.0,255.0
1734907669.8076904,255.0,255.0
1734907669.8092644,255.0,255.0
1734907669.809385,255.0,255.0
1734907669.8108072,255.0,255.0
1734907669.810896,255.0,255.0
1734907669.8121197,255.0,255.0
1734907669.8122852,255.0,255.0
1734907669.8136675,255.0,255.0
1734907669.8139527,255.0,255.0
1734907669.815177,255.0,255.0
1734907669.8152797,255.0,255.0
1734907669.8167732,255.0,255.0
1734907669.8170912,255.0,255.0
1734907669.8182986,255.0,255.0
1734907669.8193533,255.0,255.0
1734907669.8205132,255.0,255.0
1734907669.8212707,255.0,255.0
1734907669.8222103,255.0,255.0
1734907669.8224983,255.0,255.0
1734907669.8230898,255.0,255.0
1734907669.8234677,255.0,255.0
1734907669.824551,255.0,255.0
1734907669.8246894,255.0,255.0
1734907669.8275235,255.0,255.0
1734907669.8275602,255.0,255.0
1734907669.828633,255.0,255.0
1734907669.8287714,255.0,255.0
1734907669.8304434,255.0,255.0
1734907669.830833,255.0,255.0
1734907669.8317099,255.0,255.0
1734907669.8317559,255.0,255.0
1734907669.8329093,255.0,255.0
1734907669.8331869,255.0,255.0
1734907669.8343759,255.0,255.0
1734907669.8345556,255.0,255.0
1734907669.835855,255.0,255.0
1734907669.8362043,255.0,255.0
1734907669.837647,255.0,255.0
1734907669.8377936,255.0,255.0
1734907669.8387077,255.0,255.0
1734907669.838846,255.0,255.0
1734907669.840248,255.0,255.0
1734907669.8403172,255.0,255.0
1734907669.8417287,255.0,255.0
1734907669.841753,255.0,255.0
1734907669.843447,255.0,255.0
1734907669.8436253,255.0,255.0
1734907669.8447592,255.0,255.0
1734907669.8449576,255.0,255.0
1734907669.8462222,255.0,255.0
1734907669.8465528,255.0,255.0
1734907669.8478231,255.0,255.0
1734907669.847853,255.0,255.0
1734907669.8494081,255.0,255.0
1734907669.8494518,255.0,255.0
1734907669.850966,255.0,255.0
1734907669.8510323,255.0,255.0
1734907669.8524075,255.0,255.0
1734907669.8524382,255.0,255.0
1734907669.8536983,255.0,255.0
1734907669.8539643,255.0,255.0
1734907669.8549395,255.0,255.0
1734907669.8551495,255.0,255.0
1734907669.8564703,255.0,255.0
1734907669.8565364,255.0,255.0
1734907669.857777,255.0,255.0
1734907669.8578,255.0,255.0
1734907669.859207,255.0,255.0
1734907669.8592725,255.0,255.0
1734907669.860857,255.0,255.0
1734907669.860881,255.0,255.0
1734907669.8622527,255.0,255.0
1734907669.8622997,255.0,255.0
1734907669.8637493,255.0,255.0
1734907669.8640106,255.0,255.0
1734907669.8649385,255.0,255.0
1734907669.865286,255.0,255.0
1734907669.8663018,255.0,255.0
1734907669.8663754,255.0,255.0
1734907669.867543,255.0,255.0
1734907669.8677077,255.0,255.0
1734907669.869149,255.0,255.0
1734907669.8692842,255.0,255.0
1734907669.8704963,255.0,255.0
1734907669.870591,255.0,255.0
1734907669.8726482,255.0,255.0
1734907669.8726735,255.0,255.0
1734907669.874115,255.0,255.0
1734907669.874279,255.0,255.0
1734907669.8760064,255.0,255.0
1734907669.8761687,255.0,255.0
1734907669.8773415,255.0,255.0
1734907669.877547,255.0,255.0
1734907669.878694,255.0,255.0
1734907669.8792264,255.0,255.0
1734907669.8800993,255.0,255.0
1734907669.880192,255.0,255.0
1734907669.881658,255.0,255.0
1734907669.8821473,255.0,255.0
1734907669.8831155,255.0,255.0
1734907669.8833818,255.0,255.0
1734907669.88461,255.0,255.0
1734907669.8848102,255.0,255.0
1734907669.8863368,255.0,255.0
1734907669.8865702,255.0,255.0
1734907669.8875997,255.0,255.0
1734907669.8877087,255.0,255.0
1734907669.8886905,255.0,255.0
1734907669.889043,255.0,255.0
1734907669.8903193,255.0,255.0
1734907669.8903823,255.0,255.0
1734907669.8917599,255.0,255.0
1734907669.8929372,255.0,255.0
1734907669.8931873,255.0,255.0
1734907669.8939734,255.0,255.0
1734907669.894911,255.0,255.0
1734907669.8949926,255.0,255.0
1734907669.8963215,255.0,255.0
1734907669.8964043,255.0,255.0
1734907669.8978217,255.0,255.0
1734907669.898144,255.0,255.0
1734907669.898981,255.0,255.0
1734907669.8991494,255.0,255.0
1734907669.9000568,255.0,255.0
1734907669.9002724,255.0,255.0
1734907669.901324,255.0,255.0
1734907669.9014163,255.0,255.0
1734907669.9027126,255.0,255.0
1734907669.9029763,255.0,255.0
1734907669.9049838,255.0,255.0
1734907669.9050019,255.0,255.0
1734907669.9058142,255.0,255.0
1734907669.9058917,255.0,255.0
1734907669.9069886,255.0,255.0
1734907669.9070644,255.0,255.0
1734907669.9083254,255.0,255.0
1734907669.9085424,255.0,255.0
1734907669.9100146,255.0,255.0
1734907669.910229,255.0,255.0
1734907669.9114888,255.0,255.0
1734907669.911603,255.0,255.0
1734907669.9129403,255.0,255.0
1734907669.9129984,255.0,255.0
1734907669.9141896,255.0,255.0
1734907669.9144168,255.0,255.0
1734907669.915538,255.0,255.0
1734907669.916341,255.0,255.0
1734907669.9176264,255.0,255.0
1734907669.9176488,255.0,255.0
1734907669.918975,255.0,255.0
1734907669.919359,255.0,255.0
1734907669.9205685,255.0,255.0
1734907669.920595,255.0,255.0
1734907669.9219482,255.0,255.0
1734907669.9219627,255.0,255.0
1734907669.923896,255.0,255.0
1734907669.923929,255.0,255.0
1734907669.9257715,255.0,255.0
1734907669.9269617,255.0,255.0
1734907669.9272907,255.0,255.0
1734907669.9280372,255.0,255.0
1734907669.9289372,255.0,255.0
1734907669.9298716,255.0,255.0
1734907669.9305415,255.0,255.0
1734907669.930604,255.0,255.0
1734907669.9318347,255.0,255.0
1734907669.9318812,255.0,255.0
1734907669.9329863,255.0,255.0
1734907669.9336994,255.0,255.0
1734907669.934528,255.0,255.0
1734907669.935896,255.0,255.0
1734907669.9359782,255.0,255.0
1734907669.9370353,255.0,255.0
1734907669.937425,255.0,255.0
1734907669.938644,255.0,255.0
1734907669.9394355,255.0,255.0
1734907669.9406579,255.0,255.0
1734907669.9409623,255.0,255.0
1734907669.9419677,255.0,255.0
1734907669.942822,255.0,255.0
1734907669.9434543,255.0,255.0
1734907669.9436622,255.0,255.0
1734907669.9451249,255.0,255.0
1734907669.945163,255.0,255.0
1734907669.9466705,255.0,255.0
1734907669.9466975,255.0,255.0
1734907669.9481301,255.0,255.0
1734907669.9481645,255.0,255.0
1734907669.9495242,255.0,255.0
1734907669.949554,255.0,255.0
1734907669.950653,255.0,255.0
1734907669.9508126,255.0,255.0
1734907669.952281,255.0,255.0
1734907669.952319,255.0,255.0
1734907669.953727,255.0,255.0
1734907669.9538486,255.0,255.0
1734907669.954748,255.0,255.0
1734907669.9548821,255.0,255.0
1734907669.9563985,255.0,255.0
1734907669.9565558,255.0,255.0
1734907669.9580467,255.0,255.0
1734907669.958121,255.0,255.0
1734907669.9593968,255.0,255.0
1734907669.9599147,255.0,255.0
1734907669.9609337,255.0,255.0
1734907669.9611127,255.0,255.0
1734907669.9621835,255.0,255.0
1734907669.9625173,255.0,255.0
1734907669.9637637,255.0,255.0
1734907669.9641938,255.0,255.0
1734907669.9650319,255.0,255.0
1734907669.9651039,255.0,255.0
1734907669.967452,255.0,255.0
1734907669.967477,255.0,255.0
1734907669.9690368,255.0,255.0
1734907669.9690669,255.0,255.0
1734907669.9707859,255.0,255.0
1734907669.9708216,255.0,255.0
1734907669.9720051,255.0,255.0
1734907669.9722452,255.0,255.0
1734907669.9737136,255.0,255.0
1734907669.9737628,255.0,255.0
1734907669.9750445,255.0,255.0
1734907669.97507,255.0,255.0
1734907669.9767132,255.0,255.0
1734907669.976852,255.0,255.0
1734907669.97852,255.0,255.0
1734907669.978891,255.0,255.0
1734907669.9801962,255.0,255.0
1734907669.9805012,255.0,255.0
1734907669.9814293,255.0,255.0
1734907669.9827785,255.0,255.0
1734907669.9830503,255.0,255.0
1734907669.9838233,255.0,255.0
1734907669.98391,255.0,255.0
1734907669.9853997,255.0,255.0
1734907669.9854858,255.0,255.0
1734907669.9869883,255.0,255.0
1734907669.98703,255.0,255.0
1734907669.9881864,255.0,255.0
1734907669.9882698,255.0,255.0
1734907669.9896164,255.0,255.0
1734907669.9898176,255.0,255.0
1734907669.9914162,255.0,255.0
1734907669.9914525,255.0,255.0
1734907669.9926617,255.0,255.0
1734907669.9929452,255.0,255.0
1734907669.9941916,255.0,255.0
1734907669.994319,255.0,255.0
1734907669.9956155,255.0,255.0
1734907669.9957206,255.0,255.0
1734907669.9969723,255.0,255.0
1734907669.9970155,255.0,255.0
1734907669.9984353,255.0,255.0
1734907669.9997666,255.0,255.0
1734907669.999843,255.0,255.0
1734907670.0004745,255.0,255.0
1734907670.0010176,255.0,255.0
1734907670.001306,255.0,255.0
1734907670.0027635,255.0,255.0
1734907670.0027735,255.0,255.0
1734907670.0045352,255.0,255.0
1734907670.0045614,255.0,255.0
1734907670.00618,255.0,255.0
1734907670.0070667,255.0,255.0
1734907670.0078986,255.0,255.0
1734907670.0080492,255.0,255.0
1734907670.009456,255.0,255.0
1734907670.0096483,255.0,255.0
1734907670.0107083,255.0,255.0
1734907670.0109437,255.0,255.0
1734907670.0121436,255.0,255.0
1734907670.0122461,255.0,255.0
1734907670.0135436,255.0,255.0
1734907670.0135696,255.0,255.0
1734907670.0150027,255.0,255.0
1734907670.015022,255.0,255.0
1734907670.0161803,255.0,255.0
1734907670.0163157,255.0,255.0
1734907670.0172334,255.0,255.0
1734907670.0174887,255.0,255.0
1734907670.018805,255.0,255.0
1734907670.018885,255.0,255.0
1734907670.0214045,255.0,255.0
1734907670.021423,255.0,255.0
1734907670.022698,255.0,255.0
1734907670.0227065,255.0,255.0
1734907670.024135,255.0,255.0
1734907670.024303,255.0,255.0
1734907670.0254917,255.0,255.0
1734907670.0255973,255.0,255.0
1734907670.0268576,255.0,255.0
1734907670.0270324,255.0,255.0
1734907670.0283966,255.0,255.0
1734907670.0285,255.0,255.0
1734907670.0297525,255.0,255.0
1734907670.029854,255.0,255.0
1734907670.031105,255.0,255.0
1734907670.0323799,255.0,255.0
1734907670.0325382,255.0,255.0
1734907670.0338373,255.0,255.0
1734907670.0357609,255.0,255.0
1734907670.0362847,255.0,255.0
1734907670.037307,255.0,255.0
1734907670.0378864,255.0,255.0
1734907670.0389335,255.0,255.0
1734907670.0389962,255.0,255.0
1734907670.0402944,255.0,255.0
1734907670.0405066,255.0,255.0
1734907670.0416296,255.0,255.0
1734907670.0416622,255.0,255.0
1734907670.0432296,255.0,255.0
1734907670.0433815,255.0,255.0
1734907670.044776,255.0,255.0
1734907670.044804,255.0,255.0
1734907670.046351,255.0,255.0
1734907670.047112,255.0,255.0
1734907670.0479214,255.0,255.0
1734907670.0482569,255.0,255.0
1734907670.0490088,255.0,255.0
1734907670.0490394,255.0,255.0
1734907670.0501845,255.0,255.0
1734907670.0502198,255.0,255.0
1734907670.0517116,255.0,255.0
1734907670.0517943,255.0,255.0
1734907670.0533655,255.0,255.0
1734907670.0536873,255.0,255.0
1734907670.0545557,255.0,255.0
1734907670.0551832,255.0,255.0
1734907670.0562856,255.0,255.0
1734907670.0564082,255.0,255.0
1734907670.0577037,255.0,255.0
1734907670.0579467,255.0,255.0
1734907670.0591927,255.0,255.0
1734907670.0593836,255.0,255.0
1734907670.0610595,255.0,255.0
1734907670.0613954,255.0,255.0
1734907670.062436,255.0,255.0
1734907670.0625138,255.0,255.0
1734907670.0642126,255.0,255.0
1734907670.0651484,255.0,255.0
1734907670.0657232,255.0,255.0
1734907670.0658755,255.0,255.0
1734907670.0673907,255.0,255.0
1734907670.0674043,255.0,255.0
1734907670.0692537,255.0,255.0
1734907670.0692952,255.0,255.0
1734907670.072028,255.0,255.0
1734907670.0725815,255.0,255.0
1734907670.0738473,255.0,255.0
1734907670.0740077,255.0,255.0
1734907670.0771923,255.0,255.0
1734907670.0775118,255.0,255.0
1734907670.079274,255.0,255.0
1734907670.0795004,255.0,255.0
1734907670.081287,255.0,255.0
1734907670.0817509,255.0,255.0
1734907670.0838504,255.0,255.0
1734907670.0840561,255.0,255.0
1734907670.0846477,255.0,255.0
1734907670.085294,255.0,255.0
1734907670.0853279,255.0,255.0
1734907670.0872672,255.0,255.0
1734907670.0874307,255.0,255.0
1734907670.0883772,255.0,255.0
1734907670.0902674,255.0,255.0
1734907670.0906577,255.0,255.0
1734907670.0914316,255.0,255.0
1734907670.0920727,255.0,255.0
1734907670.0927868,255.0,255.0
1734907670.0932136,255.0,255.0
1734907670.0946112,255.0,255.0
1734907670.0947971,255.0,255.0
1734907670.0959735,255.0,255.0
1734907670.096049,255.0,255.0
1734907670.0972052,255.0,255.0
1734907670.0972438,255.0,255.0
1734907670.0988193,255.0,255.0
1734907670.0989792,255.0,255.0
1734907670.1007802,255.0,255.0
1734907670.1008139,255.0,255.0
1734907670.1020925,255.0,255.0
1734907670.1021206,255.0,255.0
1734907670.1034057,255.0,255.0
1734907670.1036847,255.0,255.0
1734907670.1047814,255.0,255.0
1734907670.1049528,255.0,255.0
1734907670.106126,255.0,255.0
1734907670.1063166,255.0,255.0
1734907670.108047,255.0,255.0
1734907670.1080778,255.0,255.0
1734907670.1090834,255.0,255.0
1734907670.1092281,255.0,255.0
1734907670.110869,255.0,255.0
1734907670.1117115,255.0,255.0
1734907670.111912,255.0,255.0
1734907670.1127863,255.0,255.0
1734907670.11365,255.0,255.0
1734907670.1138725,255.0,255.0
1734907670.1147552,255.0,255.0
1734907670.1147835,255.0,255.0
1734907670.1160073,255.0,255.0
1734907670.1160657,255.0,255.0
1734907670.1175907,255.0,255.0
1734907670.1176064,255.0,255.0
1734907670.119876,255.0,255.0
1734907670.1199074,255.0,255.0
1734907670.1214538,255.0,255.0
1734907670.1215339,255.0,255.0
1734907670.1226742,255.0,255.0
1734907670.1233795,255.0,255.0
1734907670.124424,255.0,255.0
1734907670.1247137,255.0,255.0
1734907670.1258366,255.0,255.0
1734907670.125966,255.0,255.0
1734907670.1274798,255.0,255.0
1734907670.127591,255.0,255.0
1734907670.1286125,255.0,255.0
1734907670.1288185,255.0,255.0
1734907670.1304762,255.0,255.0
1734907670.1305149,255.0,255.0
1734907670.1317773,255.0,255.0
1734907670.131904,255.0,255.0
1734907670.133216,255.0,255.0
1734907670.1333778,255.0,255.0
1734907670.1348011,255.0,255.0
1734907670.1348312,255.0,255.0
1734907670.1362844,255.0,255.0
1734907670.13643,255.0,255.0
1734907670.1376917,255.0,255.0
1734907670.137731,255.0,255.0
1734907670.1389887,255.0,255.0
1734907670.139008,255.0,255.0
1734907670.140514,255.0,255.0
1734907670.1405432,255.0,255.0
1734907670.1418507,255.0,255.0
1734907670.1420412,255.0,255.0
1734907670.1432312,255.0,255.0
1734907670.1434762,255.0,255.0
1734907670.1444526,255.0,255.0
1734907670.1447306,255.0,255.0
1734907670.1459422,255.0,255.0
1734907670.1462305,255.0,255.0
1734907670.147294,255.0,255.0
1734907670.1476898,255.0,255.0
1734907670.1485915,255.0,255.0
1734907670.1486907,255.0,255.0
1734907670.1500206,255.0,255.0
1734907670.1511981,255.0,255.0
1734907670.1514935,255.0,255.0
1734907670.1520696,255.0,255.0
1734907670.1528218,255.0,255.0
1734907670.153253,255.0,255.0
1734907670.1545062,255.0,255.0
1734907670.154726,255.0,255.0
1734907670.1556869,255.0,255.0
1734907670.1558619,255.0,255.0
1734907670.1574008,255.0,255.0
1734907670.1575944,255.0,255.0
1734907670.1589994,255.0,255.0
1734907670.1596894,255.0,255.0
1734907670.1607127,255.0,255.0
1734907670.1613185,255.0,255.0
1734907670.162935,255.0,255.0
1734907670.1629603,255.0,255.0
1734907670.1643245,255.0,255.0
1734907670.1643488,255.0,255.0
1734907670.1659577,255.0,255.0
1734907670.1659696,255.0,255.0
1734907670.1682293,255.0,255.0
1734907670.1685212,255.0,255.0
1734907670.169777,255.0,255.0
1734907670.1698403,255.0,255.0
1734907670.170979,255.0,255.0
1734907670.1711142,255.0,255.0
1734907670.1724641,255.0,255.0
1734907670.1724935,255.0,255.0
1734907670.1740725,255.0,255.0
1734907670.1741102,255.0,255.0
1734907670.175268,255.0,255.0
1734907670.175691,255.0,255.0
1734907670.1770651,255.0,255.0
1734907670.1772397,255.0,255.0
1734907670.1785004,255.0,255.0
1734907670.1786404,255.0,255.0
1734907670.1798308,255.0,255.0
1734907670.1802719,255.0,255.0
1734907670.181101,255.0,255.0
1734907670.1813946,255.0,255.0
1734907670.1826048,255.0,255.0
1734907670.1826286,255.0,255.0
1734907670.1840389,255.0,255.0
1734907670.1840563,255.0,255.0
1734907670.1856487,255.0,255.0
1734907670.1865776,255.0,255.0
1734907670.1872663,255.0,255.0
1734907670.1877658,255.0,255.0
1734907670.1886382,255.0,255.0
1734907670.18878,255.0,255.0
1734907670.1901643,255.0,255.0
1734907670.190402,255.0,255.0
1734907670.1918912,255.0,255.0
1734907670.191914,255.0,255.0
1734907670.1933913,255.0,255.0
1734907670.1935015,255.0,255.0
1734907670.1949677,255.0,255.0
1734907670.195564,255.0,255.0
1734907670.19654,255.0,255.0
1734907670.1965742,255.0,255.0
1734907670.1979,255.0,255.0
1734907670.197943,255.0,255.0
1734907670.1997461,255.0,255.0
1734907670.1998284,255.0,255.0
1734907670.2010067,255.0,255.0
1734907670.2011776,255.0,255.0
1734907670.202431,255.0,255.0
1734907670.2024932,255.0,255.0
1734907670.2038507,255.0,255.0
1734907670.204013,255.0,255.0
1734907670.204949,255.0,255.0
1734907670.2050633,255.0,255.0
1734907670.2064242,255.0,255.0
1734907670.2064686,255.0,255.0
1734907670.2077413,255.0,255.0
1734907670.2079103,255.0,255.0
1734907670.2089524,255.0,255.0
1734907670.2092097,255.0,255.0
1734907670.2104807,255.0,255.0
1734907670.2105696,255.0,255.0
1734907670.2124422,255.0,255.0
1734907670.2124622,255.0,255.0
1734907670.2138007,255.0,255.0
1734907670.2138245,255.0,255.0
1734907670.215281,255.0,255.0
1734907670.2153227,255.0,255.0
1734907670.216474,255.0,255.0
1734907670.2165785,255.0,255.0
1734907670.2178645,255.0,255.0
1734907670.2181265,255.0,255.0
1734907670.219118,255.0,255.0
1734907670.2192013,255.0,255.0
1734907670.2209358,255.0,255.0
1734907670.2209816,255.0,255.0
1734907670.222042,255.0,255.0
1734907670.2220628,255.0,255.0
1734907670.223752,255.0,255.0
1734907670.223816,255.0,255.0
1734907670.2250223,255.0,255.0
1734907670.2251062,255.0,255.0
1734907670.226377,255.0,255.0
1734907670.2264302,255.0,255.0
1734907670.228114,255.0,255.0
1734907670.2281492,255.0,255.0
1734907670.2294636,255.0,255.0
1734907670.2295678,255.0,255.0
1734907670.230793,255.0,255.0
1734907670.2308257,255.0,255.0
1734907670.2323909,255.0,255.0
1734907670.2324471,255.0,255.0
1734907670.2335758,255.0,255.0
1734907670.233742,255.0,255.0
1734907670.2348816,255.0,255.0
1734907670.2351708,255.0,255.0
1734907670.2365196,255.0,255.0
1734907670.2365453,255.0,255.0
1734907670.2376406,255.0,255.0
1734907670.2380674,255.0,255.0
1734907670.2392356,255.0,255.0
1734907670.2393687,255.0,255.0
1734907670.2404401,255.0,255.0
1734907670.2405705,255.0,255.0
1734907670.24176,255.0,255.0
1734907670.2419434,255.0,255.0
1734907670.243499,255.0,255.0
1734907670.2435353,255.0,255.0
1734907670.2446992,255.0,255.0
1734907670.24493,255.0,255.0
1734907670.2464204,255.0,255.0
1734907670.2465863,255.0,255.0
1734907670.2477431,255.0,255.0
1734907670.2480423,255.0,255.0
1734907670.2491953,255.0,255.0
1734907670.2494357,255.0,255.0
1734907670.2506583,255.0,255.0
1734907670.2507665,255.0,255.0
1734907670.2521133,255.0,255.0
1734907670.2524297,255.0,255.0
1734907670.2533715,255.0,255.0
1734907670.2537575,255.0,255.0
1734907670.2550218,255.0,255.0
1734907670.2550862,255.0,255.0
1734907670.2561233,255.0,255.0
1734907670.2561483,255.0,255.0
1734907670.2576501,255.0,255.0
1734907670.2578657,255.0,255.0
1734907670.2592723,255.0,255.0
1734907670.2594714,255.0,255.0
1734907670.262118,255.0,255.0
1734907670.2624712,255.0,255.0
1734907670.2643228,255.0,255.0
1734907670.264343,255.0,255.0
1734907670.2656016,255.0,255.0
1734907670.265662,255.0,255.0
1734907670.2669897,255.0,255.0
1734907670.2670796,255.0,255.0
1734907670.268452,255.0,255.0
1734907670.2685976,255.0,255.0
1734907670.2698326,255.0,255.0
1734907670.2700393,255.0,255.0
1734907670.271136,255.0,255.0
1734907670.2713172,255.0,255.0
1734907670.272388,255.0,255.0
1734907670.2725518,255.0,255.0
1734907670.273883,255.0,255.0
1734907670.2739382,255.0,255.0
1734907670.275033,255.0,255.0
1734907670.2751706,255.0,255.0
1734907670.2766733,255.0,255.0
1734907670.2768202,255.0,255.0
1734907670.2782478,255.0,255.0
1734907670.278436,255.0,255.0
1734907670.279686,255.0,255.0
1734907670.2797182,255.0,255.0
1734907670.2812147,255.0,255.0
1734907670.2812743,255.0,255.0
1734907670.282722,255.0,255.0
1734907670.2827628,255.0,255.0
1734907670.2840064,255.0,255.0
1734907670.2840338,255.0,255.0
1734907670.2852852,255.0,255.0
1734907670.2854006,255.0,255.0
1734907670.28678,255.0,255.0
1734907670.2868812,255.0,255.0
1734907670.288532,255.0,255.0
1734907670.2885606,255.0,255.0
1734907670.2894945,255.0,255.0
1734907670.2899013,255.0,255.0
1734907670.2912326,255.0,255.0
1734907670.291342,255.0,255.0
1734907670.293215,255.0,255.0
1734907670.293376,255.0,255.0
1734907670.2946432,255.0,255.0
1734907670.294662,255.0,255.0
1734907670.2961144,255.0,255.0
1734907670.296159,255.0,255.0
1734907670.297826,255.0,255.0
1734907670.2978714,255.0,255.0
1734907670.2993271,255.0,255.0
1734907670.2993507,255.0,255.0
1734907670.3006518,255.0,255.0
1734907670.3007112,255.0,255.0
1734907670.3023012,255.0,255.0
1734907670.30247,255.0,255.0
1734907670.3037896,255.0,255.0
1734907670.3042321,255.0,255.0
1734907670.3053222,255.0,255.0
1734907670.305339,255.0,255.0
1734907670.3063567,255.0,255.0
1734907670.3064919,255.0,255.0
1734907670.3078208,255.0,255.0
1734907670.3078775,255.0,255.0
1734907670.309168,255.0,255.0
1734907670.3098295,255.0,255.0
1734907670.3117914,255.0,255.0
1734907670.3123615,255.0,255.0
1734907670.3130047,255.0,255.0
1734907670.3135543,255.0,255.0
1734907670.314379,255.0,255.0
1734907670.3149447,255.0,255.0
1734907670.3156762,255.0,255.0
1734907670.3164487,255.0,255.0
1734907670.317081,255.0,255.0
1734907670.3177207,255.0,255.0
1734907670.318491,255.0,255.0
1734907670.3187366,255.0,255.0
1734907670.3199053,255.0,255.0
1734907670.3199275,255.0,255.0
1734907670.321283,255.0,255.0
1734907670.3214169,255.0,255.0
1734907670.3230152,255.0,255.0
1734907670.3231654,255.0,255.0
1734907670.3245873,255.0,255.0
1734907670.3246398,255.0,255.0
1734907670.3260171,255.0,255.0
1734907670.3261015,255.0,255.0
1734907670.3273816,255.0,255.0
1734907670.3277206,255.0,255.0
1734907670.3291502,255.0,255.0
1734907670.329775,255.0,255.0
1734907670.3306055,255.0,255.0
1734907670.3307667,255.0,255.0
1734907670.3319285,255.0,255.0
1734907670.3319683,255.0,255.0
1734907670.3334355,255.0,255.0
1734907670.3337247,255.0,255.0
1734907670.335027,255.0,255.0
1734907670.3350694,255.0,255.0
1734907670.3366272,255.0,255.0
1734907670.3368797,255.0,255.0
1734907670.338211,255.0,255.0
1734907670.3385367,255.0,255.0
1734907670.3395133,255.0,255.0
1734907670.3395987,255.0,255.0
1734907670.340852,255.0,255.0
1734907670.3408778,255.0,255.0
1734907670.3421888,255.0,255.0
1734907670.342331,255.0,255.0
1734907670.3439648,255.0,255.0
1734907670.3441389,255.0,255.0
1734907670.3453991,255.0,255.0
1734907670.345802,255.0,255.0
1734907670.34689,255.0,255.0
1734907670.347068,255.0,255.0
1734907670.348389,255.0,255.0
1734907670.3486288,255.0,255.0
1734907670.3500466,255.0,255.0
1734907670.3502116,255.0,255.0
1734907670.351364,255.0,255.0
1734907670.3516762,255.0,255.0
1734907670.3529458,255.0,255.0
1734907670.3531468,255.0,255.0
1734907670.354232,255.0,255.0
1734907670.354251,255.0,255.0
1734907670.355759,255.0,255.0
1734907670.355798,255.0,255.0
1734907670.3577325,255.0,255.0
1734907670.357853,255.0,255.0
1734907670.3610005,255.0,255.0
1734907670.3610249,255.0,255.0
1734907670.3622212,255.0,255.0
1734907670.3625689,255.0,255.0
1734907670.3641741,255.0,255.0
1734907670.3642888,255.0,255.0
1734907670.3653405,255.0,255.0
1734907670.3653722,255.0,255.0
1734907670.3668377,255.0,255.0
1734907670.367204,255.0,255.0
1734907670.3681912,255.0,255.0
1734907670.3685606,255.0,255.0
1734907670.3701007,255.0,255.0
1734907670.3713062,255.0,255.0
1734907670.3717937,255.0,255.0
1734907670.372441,255.0,255.0
1734907670.372745,255.0,255.0
1734907670.3741643,255.0,255.0
1734907670.3745196,255.0,255.0
1734907670.3757637,255.0,255.0
1734907670.3758163,255.0,255.0
1734907670.3783488,255.0,255.0
1734907670.3785195,255.0,255.0
1734907670.379569,255.0,255.0
1734907670.379694,255.0,255.0
1734907670.380924,255.0,255.0
1734907670.38112,255.0,255.0
1734907670.38229,255.0,255.0
1734907670.382468,255.0,255.0
1734907670.383423,255.0,255.0
1734907670.3836079,255.0,255.0
1734907670.3847966,255.0,255.0
1734907670.3848119,255.0,255.0
1734907670.386689,255.0,255.0
1734907670.386725,255.0,255.0
1734907670.3881938,255.0,255.0
1734907670.38822,255.0,255.0
1734907670.3896134,255.0,255.0
1734907670.3896554,255.0,255.0
1734907670.391291,255.0,255.0
1734907670.3913321,255.0,255.0
1734907670.3925629,255.0,255.0
1734907670.3925962,255.0,255.0
1734907670.394053,255.0,255.0
1734907670.3940961,255.0,255.0
1734907670.3954804,255.0,255.0
1734907670.395528,255.0,255.0
1734907670.3969119,255.0,255.0
1734907670.3969605,255.0,255.0
1734907670.3986268,255.0,255.0
1734907670.3986466,255.0,255.0
1734907670.3997838,255.0,255.0
1734907670.3998644,255.0,255.0
1734907670.4009967,255.0,255.0
1734907670.4011428,255.0,255.0
1734907670.4026337,255.0,255.0
1734907670.4029284,255.0,255.0
1734907670.4043713,255.0,255.0
1734907670.4044065,255.0,255.0
1734907670.4056,255.0,255.0
1734907670.405683,255.0,255.0
1734907670.4073994,255.0,255.0
1734907670.4077926,255.0,255.0
1734907670.4090948,255.0,255.0
1734907670.409213,255.0,255.0
1734907670.4105318,255.0,255.0
1734907670.4105647,255.0,255.0
1734907670.411736,255.0,255.0
1734907670.4118571,255.0,255.0
1734907670.4131336,255.0,255.0
1734907670.4133637,255.0,255.0
1734907670.4144075,255.0,255.0
1734907670.4145048,255.0,255.0
1734907670.4159768,255.0,255.0
1734907670.4160016,255.0,255.0
1734907670.417178,255.0,255.0
1734907670.4172747,255.0,255.0
1734907670.4189703,255.0,255.0
1734907670.4189994,255.0,255.0
1734907670.420675,255.0,255.0
1734907670.4207115,255.0,255.0
1734907670.4217753,255.0,255.0
1734907670.4218767,255.0,255.0
1734907670.4231558,255.0,255.0
1734907670.423306,255.0,255.0
1734907670.4245548,255.0,255.0
1734907670.424636,255.0,255.0
1734907670.4260654,255.0,255.0
1734907670.4261534,255.0,255.0
1734907670.427716,255.0,255.0
1734907670.4277713,255.0,255.0
1734907670.4290466,255.0,255.0
1734907670.4291108,255.0,255.0
1734907670.4304929,255.0,255.0
1734907670.4305258,255.0,255.0
1734907670.431794,255.0,255.0
1734907670.4318216,255.0,255.0
1734907670.4330504,255.0,255.0
1734907670.4332497,255.0,255.0
1734907670.4343805,255.0,255.0
1734907670.4344606,255.0,255.0
1734907670.43607,255.0,255.0
1734907670.4364223,255.0,255.0
1734907670.4375784,255.0,255.0
1734907670.4376843,255.0,255.0
1734907670.4388885,255.0,255.0
1734907670.4392464,255.0,255.0
1734907670.4406168,255.0,255.0
1734907670.4411106,255.0,255.0
1734907670.441997,255.0,255.0
1734907670.4420278,255.0,255.0
1734907670.4432597,255.0,255.0
1734907670.443433,255.0,255.0
1734907670.4446402,255.0,255.0
1734907670.4448667,255.0,255.0
1734907670.445921,255.0,255.0
1734907670.4460804,255.0,255.0
1734907670.4472113,255.0,255.0
1734907670.4475505,255.0,255.0
1734907670.448815,255.0,255.0
1734907670.4489288,255.0,255.0
1734907670.4501772,255.0,255.0
1734907670.4503176,255.0,255.0
1734907670.4516017,255.0,255.0
1734907670.4517324,255.0,255.0
1734907670.4532099,255.0,255.0
1734907670.4532459,255.0,255.0
1734907670.4548712,255.0,255.0
1734907670.4549062,255.0,255.0
1734907670.4582183,255.0,255.0
1734907670.4586382,255.0,255.0
1734907670.4595947,255.0,255.0
1734907670.4597988,255.0,255.0
1734907670.4608405,255.0,255.0
1734907670.4608538,255.0,255.0
1734907670.462433,255.0,255.0
1734907670.4624617,255.0,255.0
1734907670.463952,255.0,255.0
1734907670.4639745,255.0,255.0
1734907670.4650528,255.0,255.0
1734907670.4651794,255.0,255.0
1734907670.4664814,255.0,255.0
1734907670.46688,255.0,255.0
1734907670.467999,255.0,255.0
1734907670.4680235,255.0,255.0
1734907670.4696748,255.0,255.0
1734907670.46985,255.0,255.0
1734907670.4710948,255.0,255.0
1734907670.4711552,255.0,255.0
1734907670.472578,255.0,255.0
1734907670.472852,255.0,255.0
1734907670.4740674,255.0,255.0
1734907670.4741254,255.0,255.0
1734907670.4756124,255.0,255.0
1734907670.4758854,255.0,255.0
1734907670.477029,255.0,255.0
1734907670.4774096,255.0,255.0
1734907670.4785903,255.0,255.0
1734907670.4788663,255.0,255.0
1734907670.4801242,255.0,255.0
1734907670.4805439,255.0,255.0
1734907670.4813106,255.0,255.0
1734907670.4815764,255.0,255.0
1734907670.4828577,255.0,255.0
1734907670.4832242,255.0,255.0
1734907670.4845839,255.0,255.0
1734907670.484773,255.0,255.0
1734907670.48638,255.0,255.0
1734907670.4868424,255.0,255.0
1734907670.4879045,255.0,255.0
1734907670.4880004,255.0,255.0
1734907670.4891229,255.0,255.0
1734907670.4891858,255.0,255.0
1734907670.4905393,255.0,255.0
1734907670.4910088,255.0,255.0
1734907670.492312,255.0,255.0
1734907670.4923332,255.0,255.0
1734907670.493733,255.0,255.0
1734907670.4937727,255.0,255.0
1734907670.4952273,255.0,255.0
1734907670.495289,255.0,255.0
1734907670.4966128,255.0,255.0
1734907670.4966383,255.0,255.0
1734907670.497795,255.0,255.0
1734907670.4979067,255.0,255.0
1734907670.4993439,255.0,255.0
1734907670.4993625,255.0,255.0
1734907670.5006952,255.0,255.0
1734907670.500864,255.0,255.0
1734907670.502414,255.0,255.0
1734907670.502523,255.0,255.0
1734907670.5038197,255.0,255.0
1734907670.503944,255.0,255.0
1734907670.505277,255.0,255.0
1734907670.5052955,255.0,255.0
1734907670.5080364,255.0,255.0
1734907670.5082083,255.0,255.0
1734907670.509425,255.0,255.0
1734907670.5099428,255.0,255.0
1734907670.5109146,255.0,255.0
1734907670.5112543,255.0,255.0
1734907670.5123243,255.0,255.0
1734907670.5126579,255.0,255.0
1734907670.5139039,255.0,255.0
1734907670.514035,255.0,255.0
1734907670.5151207,255.0,255.0
1734907670.5153408,255.0,255.0
1734907670.516843,255.0,255.0
1734907670.5170548,255.0,255.0
1734907670.5183425,255.0,255.0
1734907670.5183816,255.0,255.0
1734907670.5199585,255.0,255.0
1734907670.5201476,255.0,255.0
1734907670.5212264,255.0,255.0
1734907670.5212529,255.0,255.0
1734907670.522702,255.0,255.0
1734907670.5229638,255.0,255.0
1734907670.524319,255.0,255.0
1734907670.5243392,255.0,255.0
1734907670.5258155,255.0,255.0
1734907670.5259335,255.0,255.0
1734907670.5274322,255.0,255.0
1734907670.5274591,255.0,255.0
1734907670.5287042,255.0,255.0
1734907670.5287673,255.0,255.0
1734907670.5305703,255.0,255.0
1734907670.5306807,255.0,255.0
1734907670.53157,255.0,255.0
1734907670.5316477,255.0,255.0
1734907670.533053,255.0,255.0
1734907670.5332408,255.0,255.0
1734907670.5344973,255.0,255.0
1734907670.534579,255.0,255.0
1734907670.5358918,255.0,255.0
1734907670.5363243,255.0,255.0
1734907670.5376458,255.0,255.0
1734907670.537662,255.0,255.0
1734907670.538907,255.0,255.0
1734907670.5401773,255.0,255.0
1734907670.5408328,255.0,255.0
1734907670.5412655,255.0,255.0
1734907670.542242,255.0,255.0
1734907670.5424073,255.0,255.0
1734907670.5436273,255.0,255.0
1734907670.5437217,255.0,255.0
1734907670.5451899,255.0,255.0
1734907670.5452204,255.0,255.0
1734907670.5464437,255.0,255.0
1734907670.546468,255.0,255.0
1734907670.5479965,255.0,255.0
1734907670.5480273,255.0,255.0
1734907670.549726,255.0,255.0
1734907670.5497742,255.0,255.0
1734907670.5509064,255.0,255.0
1734907670.5511055,255.0,255.0
1734907670.5532837,255.0,255.0
1734907670.5533416,255.0,255.0
1734907670.554601,255.0,255.0
1734907670.5546718,255.0,255.0
1734907670.5568678,255.0,255.0
1734907670.556968,255.0,255.0
1734907670.5584764,255.0,255.0
1734907670.558514,255.0,255.0
1734907670.5599046,255.0,255.0
1734907670.5599897,255.0,255.0
1734907670.5615191,255.0,255.0
1734907670.5617232,255.0,255.0
1734907670.5630908,255.0,255.0
1734907670.5633204,255.0,255.0
1734907670.564206,255.0,255.0
1734907670.5652056,255.0,255.0
1734907670.5658622,255.0,255.0
1734907670.5669944,255.0,255.0
1734907670.5671365,255.0,255.0
1734907670.5687127,255.0,255.0
1734907670.5688715,255.0,255.0
1734907670.569942,255.0,255.0
1734907670.570236,255.0,255.0
1734907670.5714436,255.0,255.0
1734907670.5714622,255.0,255.0
1734907670.572893,255.0,255.0
1734907670.572926,255.0,255.0
1734907670.5747082,255.0,255.0
1734907670.5747583,255.0,255.0
1734907670.576331,255.0,255.0
1734907670.5766106,255.0,255.0
1734907670.5778317,255.0,255.0
1734907670.5779154,255.0,255.0
1734907670.5792992,255.0,255.0
1734907670.5794172,255.0,255.0
1734907670.5808551,255.0,255.0
1734907670.5808985,255.0,255.0
1734907670.5822046,255.0,255.0
1734907670.582254,255.0,255.0
1734907670.5835967,255.0,255.0
1734907670.584384,255.0,255.0
1734907670.5851996,255.0,255.0
1734907670.5854888,255.0,255.0
1734907670.5867047,255.0,255.0
1734907670.586815,255.0,255.0
1734907670.587784,255.0,255.0
1734907670.5880227,255.0,255.0
1734907670.5892327,255.0,255.0
1734907670.5893264,255.0,255.0
1734907670.5907784,255.0,255.0
1734907670.5910335,255.0,255.0
1734907670.5925527,255.0,255.0
1734907670.592634,255.0,255.0
1734907670.5942569,255.0,255.0
1734907670.5943253,255.0,255.0
1734907670.5956833,255.0,255.0
1734907670.5959034,255.0,255.0
1734907670.5970771,255.0,255.0
1734907670.5972269,255.0,255.0
1734907670.5984547,255.0,255.0
1734907670.5984638,255.0,255.0
1734907670.5996928,255.0,255.0
1734907670.5998065,255.0,255.0
1734907670.601115,255.0,255.0
1734907670.6011546,255.0,255.0
1734907670.6025743,255.0,255.0
1734907670.602638,255.0,255.0
1734907670.6042104,255.0,255.0
1734907670.6043286,255.0,255.0
1734907670.605414,255.0,255.0
1734907670.6055312,255.0,255.0
1734907670.6070914,255.0,255.0
1734907670.6072469,255.0,255.0
1734907670.6087012,255.0,255.0
1734907670.6087213,255.0,255.0
1734907670.6103334,255.0,255.0
1734907670.610367,255.0,255.0
1734907670.611905,255.0,255.0
1734907670.611941,255.0,255.0
1734907670.6132386,255.0,255.0
1734907670.6135848,255.0,255.0
1734907670.6145134,255.0,255.0
1734907670.6148198,255.0,255.0
1734907670.6162047,255.0,255.0
1734907670.6162465,255.0,255.0
1734907670.6176298,255.0,255.0
1734907670.6177197,255.0,255.0
1734907670.6190522,255.0,255.0
1734907670.6192267,255.0,255.0
1734907670.6203616,255.0,255.0
1734907670.6210926,255.0,255.0
1734907670.6218996,255.0,255.0
1734907670.6220233,255.0,255.0
1734907670.62329,255.0,255.0
1734907670.6233492,255.0,255.0
1734907670.6245933,255.0,255.0
1734907670.624701,255.0,255.0
1734907670.6261888,255.0,255.0
1734907670.6262639,255.0,255.0
1734907670.6277733,255.0,255.0
1734907670.6278288,255.0,255.0
1734907670.629132,255.0,255.0
1734907670.6294117,255.0,255.0
1734907670.630641,255.0,255.0
1734907670.6310565,255.0,255.0
1734907670.6322389,255.0,255.0
1734907670.6323943,255.0,255.0
1734907670.6333995,255.0,255.0
1734907670.6335921,255.0,255.0
1734907670.6349096,255.0,255.0
1734907670.6361387,255.0,255.0
1734907670.636454,255.0,255.0
1734907670.6371953,255.0,255.0
1734907670.6378202,255.0,255.0
1734907670.637843,255.0,255.0
1734907670.639462,255.0,255.0
1734907670.640041,255.0,255.0
1734907670.6407666,255.0,255.0
1734907670.6410038,255.0,255.0
1734907670.6424255,255.0,255.0
1734907670.6426961,255.0,255.0
1734907670.6437979,255.0,255.0
1734907670.6441436,255.0,255.0
1734907670.6452143,255.0,255.0
1734907670.646374,255.0,255.0
1734907670.647084,255.0,255.0
1734907670.6473842,255.0,255.0
1734907670.6484241,255.0,255.0
1734907670.6484718,255.0,255.0
1734907670.6507213,255.0,255.0
1734907670.651013,255.0,255.0
1734907670.653131,255.0,255.0
1734907670.6532037,255.0,255.0
1734907670.654305,255.0,255.0
1734907670.654576,255.0,255.0
1734907670.6558137,255.0,255.0
1734907670.655873,255.0,255.0
1734907670.6569698,255.0,255.0
1734907670.6571693,255.0,255.0
1734907670.6585736,255.0,255.0
1734907670.6586778,255.0,255.0
1734907670.6598668,255.0,255.0
1734907670.660222,255.0,255.0
1734907670.6618433,255.0,255.0
1734907670.6618629,255.0,255.0
1734907670.6630473,255.0,255.0
1734907670.6631777,255.0,255.0
1734907670.6646326,255.0,255.0
1734907670.6647255,255.0,255.0
1734907670.666195,255.0,255.0
1734907670.6662223,255.0,255.0
1734907670.6673117,255.0,255.0
1734907670.6676016,255.0,255.0
1734907670.668626,255.0,255.0
1734907670.6687546,255.0,255.0
1734907670.6703079,255.0,255.0
1734907670.6705394,255.0,255.0
1734907670.6717083,255.0,255.0
1734907670.6721485,255.0,255.0
1734907670.6734986,255.0,255.0
1734907670.6737022,255.0,255.0
1734907670.6750407,255.0,255.0
1734907670.6754112,255.0,255.0
1734907670.6766255,255.0,255.0
1734907670.6769514,255.0,255.0
1734907670.678008,255.0,255.0
1734907670.6781852,255.0,255.0
1734907670.679508,255.0,255.0
1734907670.6795433,255.0,255.0
1734907670.681067,255.0,255.0
1734907670.681103,255.0,255.0
1734907670.6823864,255.0,255.0
1734907670.6825671,255.0,255.0
1734907670.6840446,255.0,255.0
1734907670.6841354,255.0,255.0
1734907670.6855812,255.0,255.0
1734907670.6857364,255.0,255.0
1734907670.687237,255.0,255.0
1734907670.6885896,255.0,255.0
1734907670.6894727,255.0,255.0
1734907670.6910567,255.0,255.0
1734907670.6921024,255.0,255.0
1734907670.6930518,255.0,255.0
1734907670.6941886,255.0,255.0
1734907670.6944754,255.0,255.0
1734907670.6954002,255.0,255.0
1734907670.6964757,255.0,255.0
1734907670.6971323,255.0,255.0
1734907670.6989312,255.0,255.0
1734907670.6991918,255.0,255.0
1734907670.7006962,255.0,255.0
1734907670.7010365,255.0,255.0
1734907670.7019925,255.0,255.0
1734907670.702651,255.0,255.0
1734907670.7034814,255.0,255.0
1734907670.7037294,255.0,255.0
1734907670.7052078,255.0,255.0
1734907670.7053409,255.0,255.0
1734907670.7060575,255.0,255.0
1734907670.7061849,255.0,255.0
1734907670.7074418,255.0,255.0
1734907670.7082553,255.0,255.0
1734907670.7092063,255.0,255.0
1734907670.7095919,255.0,255.0
1734907670.7109408,255.0,255.0
1734907670.7109792,255.0,255.0
1734907670.7122052,255.0,255.0
1734907670.7124412,255.0,255.0
1734907670.7137034,255.0,255.0
1734907670.7137597,255.0,255.0
1734907670.71505,255.0,255.0
1734907670.7150698,255.0,255.0
1734907670.7163932,255.0,255.0
1734907670.7164836,255.0,255.0
1734907670.7178154,255.0,255.0
1734907670.7184248,255.0,255.0
1734907670.719625,255.0,255.0
1734907670.71981,255.0,255.0
1734907670.7212012,255.0,255.0
1734907670.721236,255.0,255.0
1734907670.7226334,255.0,255.0
1734907670.722938,255.0,255.0
1734907670.7235126,255.0,255.0
1734907670.7235417,255.0,255.0
1734907670.725263,255.0,255.0
1734907670.7253065,255.0,255.0
1734907670.7266881,255.0,255.0
1734907670.7269986,255.0,255.0
1734907670.728433,255.0,255.0
1734907670.7284575,255.0,255.0
1734907670.7296433,255.0,255.0
1734907670.7297015,255.0,255.0
1734907670.7311785,255.0,255.0
1734907670.7312026,255.0,255.0
1734907670.7325745,255.0,255.0
1734907670.732688,255.0,255.0
1734907670.7338996,255.0,255.0
1734907670.733999,255.0,255.0
1734907670.7351756,255.0,255.0
1734907670.7352016,255.0,255.0
1734907670.736846,255.0,255.0
1734907670.7370114,255.0,255.0
1734907670.7388532,255.0,255.0
1734907670.7388802,255.0,255.0
1734907670.7407198,255.0,255.0
1734907670.7408257,255.0,255.0
1734907670.7427533,255.0,255.0
1734907670.743726,255.0,255.0
1734907670.744496,255.0,255.0
1734907670.7450762,255.0,255.0
1734907670.745461,255.0,255.0
1734907670.7474282,255.0,255.0
1734907670.7477927,255.0,255.0
1734907670.748868,255.0,255.0
1734907670.7489922,255.0,255.0
1734907670.7503085,255.0,255.0
1734907670.751307,255.0,255.0
1734907670.7525241,255.0,255.0
1734907670.7536552,255.0,255.0
1734907670.7544827,255.0,255.0
1734907670.7546895,255.0,255.0
1734907670.7560542,255.0,255.0
1734907670.7566094,255.0,255.0
1734907670.7574887,255.0,255.0
1734907670.758213,255.0,255.0
1734907670.7591734,255.0,255.0
1734907670.7592828,255.0,255.0
1734907670.760501,255.0,255.0
1734907670.7606237,255.0,255.0
1734907670.762036,255.0,255.0
1734907670.7622054,255.0,255.0
1734907670.763497,255.0,255.0
1734907670.763638,255.0,255.0
1734907670.7649655,255.0,255.0
1734907670.765085,255.0,255.0
1734907670.7660203,255.0,255.0
1734907670.7662902,255.0,255.0
1734907670.7675707,255.0,255.0
1734907670.767622,255.0,255.0
1734907670.7690413,255.0,255.0
1734907670.769106,255.0,255.0
1734907670.7707639,255.0,255.0
1734907670.77089,255.0,255.0
1734907670.7723958,255.0,255.0
1734907670.7726607,255.0,255.0
1734907670.7738485,255.0,255.0
1734907670.7739966,255.0,255.0
1734907670.7753758,255.0,255.0
1734907670.7754374,255.0,255.0
1734907670.7767625,255.0,255.0
1734907670.7769127,255.0,255.0
1734907670.7783022,255.0,255.0
1734907670.7788894,255.0,255.0
1734907670.7798915,255.0,255.0
1734907670.7799838,255.0,255.0
1734907670.7813885,255.0,255.0
1734907670.781962,255.0,255.0
1734907670.7826798,255.0,255.0
1734907670.783219,255.0,255.0
1734907670.7841058,255.0,255.0
1734907670.7843187,255.0,255.0
1734907670.7856584,255.0,255.0
1734907670.7856853,255.0,255.0
1734907670.7870631,255.0,255.0
1734907670.7871099,255.0,255.0
1734907670.7881398,255.0,255.0
1734907670.788551,255.0,255.0
1734907670.789726,255.0,255.0
1734907670.7898808,255.0,255.0
1734907670.7910643,255.0,255.0
1734907670.7912269,255.0,255.0
1734907670.7924705,255.0,255.0
1734907670.792878,255.0,255.0
1734907670.7943716,255.0,255.0
1734907670.7944376,255.0,255.0
1734907670.795758,255.0,255.0
1734907670.7971342,255.0,255.0
1734907670.7973764,255.0,255.0
1734907670.7994459,255.0,255.0
1734907670.7995586,255.0,255.0
1734907670.8008783,255.0,255.0
1734907670.8009255,255.0,255.0
1734907670.8022795,255.0,255.0
1734907670.8024929,255.0,255.0
1734907670.8039753,255.0,255.0
1734907670.8042507,255.0,255.0
1734907670.8053796,255.0,255.0
1734907670.805602,255.0,255.0
1734907670.8067913,255.0,255.0
1734907670.8069835,255.0,255.0
1734907670.808323,255.0,255.0
1734907670.808765,255.0,255.0
1734907670.80998,255.0,255.0
1734907670.8106697,255.0,255.0
1734907670.8113785,255.0,255.0
1734907670.8118758,255.0,255.0
1734907670.8132153,255.0,255.0
1734907670.813253,255.0,255.0
1734907670.814506,255.0,255.0
1734907670.8145583,255.0,255.0
1734907670.815677,255.0,255.0
1734907670.815915,255.0,255.0
1734907670.817025,255.0,255.0
1734907670.8170762,255.0,255.0
1734907670.8186038,255.0,255.0
1734907670.8186512,255.0,255.0
1734907670.820041,255.0,255.0
1734907670.8202593,255.0,255.0
1734907670.8211193,255.0,255.0
1734907670.8214297,255.0,255.0
1734907670.8226612,255.0,255.0
1734907670.8230994,255.0,255.0
1734907670.8242466,255.0,255.0
1734907670.825784,255.0,255.0
1734907670.8258832,255.0,255.0
1734907670.8272996,255.0,255.0
1734907670.8274763,255.0,255.0
1734907670.8288772,255.0,255.0
1734907670.8289099,255.0,255.0
1734907670.8301187,255.0,255.0
1734907670.8301494,255.0,255.0
1734907670.831149,255.0,255.0
1734907670.831439,255.0,255.0
1734907670.8326986,255.0,255.0
1734907670.8327549,255.0,255.0
1734907670.834107,255.0,255.0
1734907670.834172,255.0,255.0
1734907670.8355439,255.0,255.0
1734907670.8364756,255.0,255.0
1734907670.8376455,255.0,255.0
1734907670.8376818,255.0,255.0
1734907670.838996,255.0,255.0
1734907670.8391488,255.0,255.0
1734907670.8403645,255.0,255.0
1734907670.8406925,255.0,255.0
1734907670.8420422,255.0,255.0
1734907670.8421185,255.0,255.0
1734907670.8445036,255.0,255.0
1734907670.844783,255.0,255.0
1734907670.8456864,255.0,255.0
1734907670.846866,255.0,255.0
1734907670.8472931,255.0,255.0
1734907670.8480332,255.0,255.0
1734907670.8486555,255.0,255.0
1734907670.849131,255.0,255.0
1734907670.8499022,255.0,255.0
1734907670.8499298,255.0,255.0
1734907670.8511305,255.0,255.0
1734907670.8514621,255.0,255.0
1734907670.8525705,255.0,255.0
1734907670.852776,255.0,255.0
1734907670.8540497,255.0,255.0
1734907670.8543441,255.0,255.0
1734907670.8554313,255.0,255.0
1734907670.855439,255.0,255.0
1734907670.856745,255.0,255.0
1734907670.8568337,255.0,255.0
1734907670.8580778,255.0,255.0
1734907670.8581526,255.0,255.0
1734907670.8600461,255.0,255.0
1734907670.8601685,255.0,255.0
1734907670.8612287,255.0,255.0
1734907670.8614233,255.0,255.0
1734907670.8624258,255.0,255.0
1734907670.8626335,255.0,255.0
1734907670.8641112,255.0,255.0
1734907670.8641362,255.0,255.0
1734907670.8652236,255.0,255.0
1734907670.8654063,255.0,255.0
1734907670.8667939,255.0,255.0
1734907670.8668177,255.0,255.0
1734907670.8684077,255.0,255.0
1734907670.8685544,255.0,255.0
1734907670.8698955,255.0,255.0
1734907670.8699317,255.0,255.0
1734907670.8712885,255.0,255.0
1734907670.8714929,255.0,255.0
1734907670.872794,255.0,255.0
1734907670.8728042,255.0,255.0
1734907670.8740058,255.0,255.0
1734907670.8742635,255.0,255.0
1734907670.8758419,255.0,255.0
1734907670.8758712,255.0,255.0
1734907670.8773463,255.0,255.0
1734907670.8775816,255.0,255.0
1734907670.8788104,255.0,255.0
1734907670.8791175,255.0,255.0
1734907670.8802826,255.0,255.0
1734907670.8803465,255.0,255.0
1734907670.8818488,255.0,255.0
1734907670.881867,255.0,255.0
1734907670.8830287,255.0,255.0
1734907670.8831987,255.0,255.0
1734907670.8842409,255.0,255.0
1734907670.8844109,255.0,255.0
1734907670.8862565,255.0,255.0
1734907670.8869915,255.0,255.0
1734907670.887788,255.0,255.0
1734907670.8878508,255.0,255.0
1734907670.888876,255.0,255.0
1734907670.8890731,255.0,255.0
1734907670.8901277,255.0,255.0
1734907670.8903444,255.0,255.0
1734907670.8915765,255.0,255.0
1734907670.891745,255.0,255.0
1734907670.8930278,255.0,255.0
1734907670.893783,255.0,255.0
1734907670.8947546,255.0,255.0
1734907670.8949616,255.0,255.0
1734907670.8971329,255.0,255.0
1734907670.8976383,255.0,255.0
1734907670.8987894,255.0,255.0
1734907670.899056,255.0,255.0
1734907670.9005544,255.0,255.0
1734907670.9005811,255.0,255.0
1734907670.901804,255.0,255.0
1734907670.9019945,255.0,255.0
1734907670.9033816,255.0,255.0
1734907670.903411,255.0,255.0
1734907670.9048898,255.0,255.0
1734907670.9050488,255.0,255.0
1734907670.9063246,255.0,255.0
1734907670.9063346,255.0,255.0
1734907670.9074097,255.0,255.0
1734907670.90745,255.0,255.0
1734907670.909207,255.0,255.0
1734907670.9092336,255.0,255.0
1734907670.910503,255.0,255.0
1734907670.9105408,255.0,255.0
1734907670.9119635,255.0,255.0
1734907670.9120386,255.0,255.0
1734907670.914006,255.0,255.0
1734907670.914611,255.0,255.0
1734907670.9150243,255.0,255.0
1734907670.9156768,255.0,255.0
1734907670.9163117,255.0,255.0
1734907670.9175386,255.0,255.0
1734907670.9179292,255.0,255.0
1734907670.9190176,255.0,255.0
1734907670.9192796,255.0,255.0
1734907670.9206195,255.0,255.0
1734907670.9209342,255.0,255.0
1734907670.9219007,255.0,255.0
1734907670.9220662,255.0,255.0
1734907670.9233923,255.0,255.0
1734907670.9235797,255.0,255.0
1734907670.92506,255.0,255.0
1734907670.925099,255.0,255.0
1734907670.9266062,255.0,255.0
1734907670.927108,255.0,255.0
1734907670.9281952,255.0,255.0
1734907670.9283314,255.0,255.0
1734907670.9296982,255.0,255.0
1734907670.9297864,255.0,255.0
1734907670.9306843,255.0,255.0
1734907670.9312696,255.0,255.0
1734907670.9328835,255.0,255.0
1734907670.9329114,255.0,255.0
1734907670.9342332,255.0,255.0
1734907670.9346485,255.0,255.0
1734907670.935956,255.0,255.0
1734907670.9363265,255.0,255.0
1734907670.9374795,255.0,255.0
1734907670.9375122,255.0,255.0
1734907670.9387102,255.0,255.0
1734907670.9389625,255.0,255.0
1734907670.9408085,255.0,255.0
1734907670.9411113,255.0,255.0
1734907670.9424012,255.0,255.0
1734907670.9424646,255.0,255.0
1734907670.943855,255.0,255.0
1734907670.9439874,255.0,255.0
1734907670.9452457,255.0,255.0
1734907670.945811,255.0,255.0
1734907670.947937,255.0,255.0
1734907670.947962,255.0,255.0
1734907670.9491673,255.0,255.0
1734907670.949347,255.0,255.0
1734907670.9502196,255.0,255.0
1734907670.9504716,255.0,255.0
1734907670.9516504,255.0,255.0
1734907670.9518704,255.0,255.0
1734907670.9531336,255.0,255.0
1734907670.9533584,255.0,255.0
1734907670.9548244,255.0,255.0
1734907670.954928,255.0,255.0
1734907670.9557908,255.0,255.0
1734907670.9560597,255.0,255.0
1734907670.9574184,255.0,255.0
1734907670.957532,255.0,255.0
1734907670.9587557,255.0,255.0
1734907670.9590728,255.0,255.0
1734907670.9606009,255.0,255.0
1734907670.9606566,255.0,255.0
1734907670.9620907,255.0,255.0
1734907670.9621818,255.0,255.0
1734907670.9639885,255.0,255.0
1734907670.9640334,255.0,255.0
1734907670.9653723,255.0,255.0
1734907670.965489,255.0,255.0
1734907670.967174,255.0,255.0
1734907670.9674027,255.0,255.0
1734907670.968116,255.0,255.0
1734907670.968668,255.0,255.0
1734907670.9698277,255.0,255.0
1734907670.970141,255.0,255.0
1734907670.9712698,255.0,255.0
1734907670.9713814,255.0,255.0
1734907670.9724393,255.0,255.0
1734907670.9726415,255.0,255.0
1734907670.9739764,255.0,255.0
1734907670.973989,255.0,255.0
1734907670.9755573,255.0,255.0
1734907670.9757478,255.0,255.0
1734907670.977041,255.0,255.0
1734907670.9771209,255.0,255.0
1734907670.9786558,255.0,255.0
1734907670.978686,255.0,255.0
1734907670.980171,255.0,255.0
1734907670.9804194,255.0,255.0
1734907670.9814696,255.0,255.0
1734907670.9815416,255.0,255.0
1734907670.9827397,255.0,255.0
1734907670.9829516,255.0,255.0
1734907670.9841151,255.0,255.0
1734907670.9841938,255.0,255.0
1734907670.9855645,255.0,255.0
1734907670.9856615,255.0,255.0
1734907670.9872847,255.0,255.0
1734907670.9873116,255.0,255.0
1734907670.9885657,255.0,255.0
1734907670.9886255,255.0,255.0
1734907670.9907646,255.0,255.0
1734907670.9907787,255.0,255.0
1734907670.9922407,255.0,255.0
1734907670.9924653,255.0,255.0
1734907670.993749,255.0,255.0
1734907670.993853,255.0,255.0
1734907670.9956355,255.0,255.0
1734907670.995674,255.0,255.0
1734907670.9970744,255.0,255.0
1734907670.9971116,255.0,255.0
1734907670.9984303,255.0,255.0
1734907670.9985583,255.0,255.0
1734907670.9999697,255.0,255.0
1734907671.0000055,255.0,255.0
1734907671.0011551,255.0,255.0
1734907671.0012898,255.0,255.0
1734907671.0028005,255.0,255.0
1734907671.0028381,255.0,255.0
1734907671.0044224,255.0,255.0
1734907671.004499,255.0,255.0
1734907671.0056815,255.0,255.0
1734907671.0060563,255.0,255.0
1734907671.0069458,255.0,255.0
1734907671.007002,255.0,255.0
1734907671.0082946,255.0,255.0
1734907671.0084414,255.0,255.0
1734907671.009626,255.0,255.0
1734907671.0097988,255.0,255.0
1734907671.0113952,255.0,255.0
1734907671.01147,255.0,255.0
1734907671.0128841,255.0,255.0
1734907671.0129123,255.0,255.0
1734907671.0141327,255.0,255.0
1734907671.0144882,255.0,255.0
1734907671.0157883,255.0,255.0
1734907671.0158975,255.0,255.0
1734907671.0169904,255.0,255.0
1734907671.0172105,255.0,255.0
1734907671.0184033,255.0,255.0
1734907671.0189857,255.0,255.0
1734907671.0199747,255.0,255.0
1734907671.0200298,255.0,255.0
1734907671.0215476,255.0,255.0
1734907671.0220094,255.0,255.0
1734907671.0226042,255.0,255.0
1734907671.0235076,255.0,255.0
1734907671.0242014,255.0,255.0
1734907671.0242987,255.0,255.0
1734907671.0259085,255.0,255.0
1734907671.0259435,255.0,255.0
1734907671.027544,255.0,255.0
1734907671.0279136,255.0,255.0
1734907671.0291975,255.0,255.0
1734907671.0292788,255.0,255.0
1734907671.03054,255.0,255.0
1734907671.0307727,255.0,255.0
1734907671.0319457,255.0,255.0
1734907671.0320075,255.0,255.0
1734907671.0334115,255.0,255.0
1734907671.033661,255.0,255.0
1734907671.0349019,255.0,255.0
1734907671.034962,255.0,255.0
1734907671.0362396,255.0,255.0
1734907671.0364726,255.0,255.0
1734907671.0377662,255.0,255.0
1734907671.0380125,255.0,255.0
1734907671.0389626,255.0,255.0
1734907671.038987,255.0,255.0
1734907671.0405476,255.0,255.0
1734907671.0407047,255.0,255.0
1734907671.0417936,255.0,255.0
1734907671.0419302,255.0,255.0
1734907671.0440912,255.0,255.0
1734907671.0441108,255.0,255.0
1734907671.0456815,255.0,255.0
1734907671.045981,255.0,255.0
1734907671.0471325,255.0,255.0
1734907671.047285,255.0,255.0
1734907671.048572,255.0,255.0
1734907671.0488076,255.0,255.0
1734907671.0507424,255.0,255.0
1734907671.0507624,255.0,255.0
1734907671.0518126,255.0,255.0
1734907671.0523026,255.0,255.0
1734907671.0529394,255.0,255.0
1734907671.0537472,255.0,255.0
1734907671.0544138,255.0,255.0
1734907671.0544894,255.0,255.0
1734907671.0559115,255.0,255.0
1734907671.05645,255.0,255.0
1734907671.0574915,255.0,255.0
1734907671.057832,255.0,255.0
1734907671.0594552,255.0,255.0
1734907671.059554,255.0,255.0
1734907671.060711,255.0,255.0
1734907671.0607793,255.0,255.0
1734907671.0625737,255.0,255.0
1734907671.0626378,255.0,255.0
1734907671.0635931,255.0,255.0
1734907671.0637755,255.0,255.0
1734907671.0650096,255.0,255.0
1734907671.0653076,255.0,255.0
1734907671.066591,255.0,255.0
1734907671.066669,255.0,255.0
1734907671.0680482,255.0,255.0
1734907671.068077,255.0,255.0
1734907671.0696418,255.0,255.0
1734907671.069737,255.0,255.0
1734907671.0712183,255.0,255.0
1734907671.071232,255.0,255.0
1734907671.0724125,255.0,255.0
1734907671.0725098,255.0,255.0
1734907671.0738904,255.0,255.0
1734907671.0744994,255.0,255.0
1734907671.0755126,255.0,255.0
1734907671.075534,255.0,255.0
1734907671.0765243,255.0,255.0
1734907671.0768116,255.0,255.0
1734907671.07829,255.0,255.0
1734907671.078497,255.0,255.0
1734907671.0797596,255.0,255.0
1734907671.080035,255.0,255.0
1734907671.081508,255.0,255.0
1734907671.0815313,255.0,255.0
1734907671.082822,255.0,255.0
1734907671.0828347,255.0,255.0
1734907671.0838935,255.0,255.0
1734907671.0841534,255.0,255.0
1734907671.0864587,255.0,255.0
1734907671.0865974,255.0,255.0
1734907671.0879126,255.0,255.0
1734907671.0881252,255.0,255.0
1734907671.089216,255.0,255.0
1734907671.089261,255.0,255.0
1734907671.0910418,255.0,255.0
1734907671.0913124,255.0,255.0
1734907671.0923436,255.0,255.0
1734907671.092389,255.0,255.0
1734907671.093759,255.0,255.0
1734907671.0940275,255.0,255.0
1734907671.0953748,255.0,255.0
1734907671.0954628,255.0,255.0
1734907671.0968187,255.0,255.0
1734907671.0968294,255.0,255.0
1734907671.0982242,255.0,255.0
1734907671.098266,255.0,255.0
1734907671.0996926,255.0,255.0
1734907671.099714,255.0,255.0
1734907671.100985,255.0,255.0
1734907671.101129,255.0,255.0
1734907671.1025426,255.0,255.0
1734907671.1027217,255.0,255.0
1734907671.1038353,255.0,255.0
1734907671.103965,255.0,255.0
1734907671.1050591,255.0,255.0
1734907671.1051533,255.0,255.0
1734907671.1065001,255.0,255.0
1734907671.107012,255.0,255.0
1734907671.1078684,255.0,255.0
1734907671.1086864,255.0,255.0
1734907671.1099067,255.0,255.0
1734907671.110175,255.0,255.0
1734907671.1107624,255.0,255.0
1734907671.1114354,255.0,255.0
1734907671.1125984,255.0,255.0
1734907671.1127808,255.0,255.0
1734907671.113993,255.0,255.0
1734907671.1142197,255.0,255.0
1734907671.1155107,255.0,255.0
1734907671.1155465,255.0,255.0
1734907671.1169014,255.0,255.0
1734907671.1169422,255.0,255.0
1734907671.118007,255.0,255.0
1734907671.118288,255.0,255.0
1734907671.1197634,255.0,255.0
1734907671.119795,255.0,255.0
1734907671.1216555,255.0,255.0
1734907671.1224763,255.0,255.0
1734907671.1230958,255.0,255.0
1734907671.1244276,255.0,255.0
1734907671.124556,255.0,255.0
1734907671.1258821,255.0,255.0
1734907671.1259382,255.0,255.0
1734907671.1272378,255.0,255.0
1734907671.128233,255.0,255.0
1734907671.1289258,255.0,255.0
1734907671.129445,255.0,255.0
1734907671.1301637,255.0,255.0
1734907671.1304617,255.0,255.0
1734907671.131612,255.0,255.0
1734907671.1316478,255.0,255.0
1734907671.1330833,255.0,255.0
1734907671.1331313,255.0,255.0
1734907671.1355753,255.0,255.0
1734907671.1356053,255.0,255.0
1734907671.1369314,255.0,255.0
1734907671.1370323,255.0,255.0
1734907671.138061,255.0,255.0
1734907671.1382415,255.0,255.0
1734907671.1394804,255.0,255.0
1734907671.1397488,255.0,255.0
1734907671.1417205,255.0,255.0
1734907671.1420004,255.0,255.0
1734907671.143601,255.0,255.0
1734907671.1436377,255.0,255.0
1734907671.1447983,255.0,255.0
1734907671.1448827,255.0,255.0
1734907671.1466424,255.0,255.0
1734907671.1466653,255.0,255.0
1734907671.1477764,255.0,255.0
1734907671.147859,255.0,255.0
1734907671.1489203,255.0,255.0
1734907671.148949,255.0,255.0
1734907671.1504934,255.0,255.0
1734907671.1506371,255.0,255.0
1734907671.1521115,255.0,255.0
1734907671.1521397,255.0,255.0
1734907671.1535075,255.0,255.0
1734907671.1537716,255.0,255.0
1734907671.1547928,255.0,255.0
1734907671.1549034,255.0,255.0
1734907671.1562982,255.0,255.0
1734907671.1564958,255.0,255.0
1734907671.1579993,255.0,255.0
1734907671.158033,255.0,255.0
1734907671.1596122,255.0,255.0
1734907671.1596518,255.0,255.0
1734907671.1610184,255.0,255.0
1734907671.1611407,255.0,255.0
1734907671.1625733,255.0,255.0
1734907671.1626036,255.0,255.0
1734907671.1638746,255.0,255.0
1734907671.164002,255.0,255.0
1734907671.1655252,255.0,255.0
1734907671.1655855,255.0,255.0
1734907671.166885,255.0,255.0
1734907671.1669254,255.0,255.0
1734907671.1685333,255.0,255.0
1734907671.1690044,255.0,255.0
1734907671.1699717,255.0,255.0
1734907671.1699927,255.0,255.0
1734907671.1710806,255.0,255.0
1734907671.17116,255.0,255.0
1734907671.1724293,255.0,255.0
1734907671.172664,255.0,255.0
1734907671.1737666,255.0,255.0
1734907671.1737866,255.0,255.0
1734907671.175926,255.0,255.0
1734907671.1764126,255.0,255.0
1734907671.1770017,255.0,255.0
1734907671.17703,255.0,255.0
1734907671.1786907,255.0,255.0
1734907671.178704,255.0,255.0
1734907671.1800995,255.0,255.0
1734907671.1803,255.0,255.0
1734907671.1817844,255.0,255.0
1734907671.1818364,255.0,255.0
1734907671.1829836,255.0,255.0
1734907671.1833115,255.0,255.0
1734907671.1843367,255.0,255.0
1734907671.184451,255.0,255.0
1734907671.185981,255.0,255.0
1734907671.1861103,255.0,255.0
1734907671.1876612,255.0,255.0
1734907671.1879642,255.0,255.0
1734907671.1891074,255.0,255.0
1734907671.1892989,255.0,255.0
1734907671.1906254,255.0,255.0
1734907671.1907156,255.0,255.0
1734907671.1919627,255.0,255.0
1734907671.192244,255.0,255.0
1734907671.1933722,255.0,255.0
1734907671.1935372,255.0,255.0
1734907671.1951122,255.0,255.0
1734907671.1954832,255.0,255.0
1734907671.1964426,255.0,255.0
1734907671.196864,255.0,255.0
1734907671.1979964,255.0,255.0
1734907671.198187,255.0,255.0
1734907671.1990428,255.0,255.0
1734907671.1993346,255.0,255.0
1734907671.200426,255.0,255.0
1734907671.2007227,255.0,255.0
1734907671.2020044,255.0,255.0
1734907671.2020335,255.0,255.0
1734907671.2035413,255.0,255.0
1734907671.2035685,255.0,255.0
1734907671.204965,255.0,255.0
1734907671.204984,255.0,255.0
1734907671.2060027,255.0,255.0
1734907671.206074,255.0,255.0
1734907671.2073917,255.0,255.0
1734907671.207518,255.0,255.0
1734907671.20867,255.0,255.0
1734907671.2090027,255.0,255.0
1734907671.2109385,255.0,255.0
1734907671.2109847,255.0,255.0
1734907671.2122324,255.0,255.0
1734907671.2123396,255.0,255.0
1734907671.2137163,255.0,255.0
1734907671.2138917,255.0,255.0
1734907671.2150939,255.0,255.0
1734907671.2151446,255.0,255.0
1734907671.216283,255.0,255.0
1734907671.2164412,255.0,255.0
1734907671.217488,255.0,255.0
1734907671.2175841,255.0,255.0
1734907671.2189627,255.0,255.0
1734907671.2192755,255.0,255.0
1734907671.22072,255.0,255.0
1734907671.220969,255.0,255.0
1734907671.222205,255.0,255.0
1734907671.2223585,255.0,255.0
1734907671.2235217,255.0,255.0
1734907671.2236326,255.0,255.0
1734907671.224985,255.0,255.0
1734907671.2250063,255.0,255.0
1734907671.2262568,255.0,255.0
1734907671.2267723,255.0,255.0
1734907671.2279854,255.0,255.0
1734907671.22809,255.0,255.0
1734907671.2291284,255.0,255.0
1734907671.2292926,255.0,255.0
1734907671.2317526,255.0,255.0
1734907671.2319505,255.0,255.0
1734907671.232941,255.0,255.0
1734907671.2332091,255.0,255.0
1734907671.234384,255.0,255.0
1734907671.2346647,255.0,255.0
1734907671.2359107,255.0,255.0
1734907671.2371533,255.0,255.0
1734907671.2372854,255.0,255.0
1734907671.238354,255.0,255.0
1734907671.2391925,255.0,255.0
1734907671.2394247,255.0,255.0
1734907671.2407744,255.0,255.0
1734907671.240809,255.0,255.0
1734907671.2419655,255.0,255.0
1734907671.2422926,255.0,255.0
1734907671.2438803,255.0,255.0
1734907671.244207,255.0,255.0
1734907671.2456806,255.0,255.0
1734907671.2457182,255.0,255.0
1734907671.2471375,255.0,255.0
1734907671.2471666,255.0,255.0
1734907671.248606,255.0,255.0
1734907671.2486868,255.0,255.0
1734907671.249682,255.0,255.0
1734907671.2499056,255.0,255.0
1734907671.2514458,255.0,255.0
1734907671.2514668,255.0,255.0
1734907671.253101,255.0,255.0
1734907671.2531376,255.0,255.0
1734907671.254436,255.0,255.0
1734907671.2544649,255.0,255.0
1734907671.255569,255.0,255.0
1734907671.2556746,255.0,255.0
1734907671.2568192,255.0,255.0
1734907671.257049,255.0,255.0
1734907671.2582018,255.0,255.0
1734907671.258337,255.0,255.0
1734907671.2599835,255.0,255.0
1734907671.2603116,255.0,255.0
1734907671.2614427,255.0,255.0
1734907671.2615032,255.0,255.0
1734907671.2628405,255.0,255.0
1734907671.2637534,255.0,255.0
1734907671.264376,255.0,255.0
1734907671.2648,255.0,255.0
1734907671.2659132,255.0,255.0
1734907671.2667985,255.0,255.0
1734907671.2672331,255.0,255.0
1734907671.2674382,255.0,255.0
1734907671.2684162,255.0,255.0
1734907671.2684634,255.0,255.0
1734907671.2702742,255.0,255.0
1734907671.2702985,255.0,255.0
1734907671.271139,255.0,255.0
1734907671.2711515,255.0,255.0
1734907671.2728653,255.0,255.0
1734907671.2728808,255.0,255.0
1734907671.274043,255.0,255.0
1734907671.2743413,255.0,255.0
1734907671.275597,255.0,255.0
1734907671.2757483,255.0,255.0
1734907671.2769866,255.0,255.0
1734907671.2771347,255.0,255.0
1734907671.2786968,255.0,255.0
1734907671.2788227,255.0,255.0
1734907671.281201,255.0,255.0
1734907671.2813456,255.0,255.0
1734907671.2827225,255.0,255.0
1734907671.2827697,255.0,255.0
1734907671.2842703,255.0,255.0
1734907671.284413,255.0,255.0
1734907671.2857234,255.0,255.0
1734907671.2857609,255.0,255.0
1734907671.2872078,255.0,255.0
1734907671.2874455,255.0,255.0
1734907671.2887442,255.0,255.0
1734907671.2890842,255.0,255.0
1734907671.2906733,255.0,255.0
1734907671.2907956,255.0,255.0
1734907671.2920117,255.0,255.0
1734907671.2921705,255.0,255.0
1734907671.293515,255.0,255.0
1734907671.2936442,255.0,255.0
1734907671.2952235,255.0,255.0
1734907671.295256,255.0,255.0
1734907671.2967734,255.0,255.0
1734907671.2968178,255.0,255.0
1734907671.2982643,255.0,255.0
1734907671.2983122,255.0,255.0
1734907671.2995732,255.0,255.0
1734907671.3001924,255.0,255.0
1734907671.3007421,255.0,255.0
1734907671.3023038,255.0,255.0
1734907671.3024356,255.0,255.0
1734907671.3046854,255.0,255.0
1734907671.3055944,255.0,255.0
1734907671.3056195,255.0,255.0
1734907671.3071394,255.0,255.0
1734907671.3073304,255.0,255.0
1734907671.3082235,255.0,255.0
1734907671.3085005,255.0,255.0
1734907671.3097336,255.0,255.0
1734907671.3101249,255.0,255.0
1734907671.3115652,255.0,255.0
1734907671.3116243,255.0,255.0
1734907671.312907,255.0,255.0
1734907671.313079,255.0,255.0
1734907671.3146994,255.0,255.0
1734907671.3147328,255.0,255.0
1734907671.3161607,255.0,255.0
1734907671.3161933,255.0,255.0
1734907671.3176181,255.0,255.0
1734907671.3176453,255.0,255.0
1734907671.3191648,255.0,255.0
1734907671.3192,255.0,255.0
1734907671.320589,255.0,255.0
1734907671.3206365,255.0,255.0
1734907671.3219085,255.0,255.0
1734907671.3219316,255.0,255.0
1734907671.3230782,255.0,255.0
1734907671.3232574,255.0,255.0
1734907671.3244662,255.0,255.0
1734907671.3244996,255.0,255.0
1734907671.3257306,255.0,255.0
1734907671.3258305,255.0,255.0
1734907671.3274324,255.0,255.0
1734907671.3276343,255.0,255.0
1734907671.329177,255.0,255.0
1734907671.3295174,255.0,255.0
1734907671.3307445,255.0,255.0
1734907671.3307726,255.0,255.0
1734907671.3320947,255.0,255.0
1734907671.3321776,255.0,255.0
1734907671.333721,255.0,255.0
1734907671.333739,255.0,255.0
1734907671.3348327,255.0,255.0
1734907671.3349617,255.0,255.0
1734907671.3366463,255.0,255.0
1734907671.3368049,255.0,255.0
1734907671.3381412,255.0,255.0
1734907671.3384411,255.0,255.0
1734907671.3390427,255.0,255.0
1734907671.3393946,255.0,255.0
1734907671.3404593,255.0,255.0
1734907671.3407,255.0,255.0
1734907671.3420126,255.0,255.0
1734907671.3422067,255.0,255.0
1734907671.3438876,255.0,255.0
1734907671.3439345,255.0,255.0
1734907671.3452277,255.0,255.0
1734907671.3453689,255.0,255.0
1734907671.3466697,255.0,255.0
1734907671.3467271,255.0,255.0
1734907671.348416,255.0,255.0
1734907671.348451,255.0,255.0
1734907671.349799,255.0,255.0
1734907671.349867,255.0,255.0
1734907671.3513405,255.0,255.0
1734907671.3513653,255.0,255.0
1734907671.352654,255.0,255.0
1734907671.3528545,255.0,255.0
1734907671.3541834,255.0,255.0
1734907671.3542068,255.0,255.0
1734907671.3553603,255.0,255.0
1734907671.3555543,255.0,255.0
1734907671.3565996,255.0,255.0
1734907671.3569505,255.0,255.0
1734907671.3583171,255.0,255.0
1734907671.3590152,255.0,255.0
1734907671.3597271,255.0,255.0
1734907671.3601255,255.0,255.0
1734907671.3614044,255.0,255.0
1734907671.3614357,255.0,255.0
1734907671.3628216,255.0,255.0
1734907671.3628964,255.0,255.0
1734907671.3641891,255.0,255.0
1734907671.3643272,255.0,255.0
1734907671.3655908,255.0,255.0
1734907671.3658938,255.0,255.0
1734907671.3670638,255.0,255.0
1734907671.367867,255.0,255.0
1734907671.3688128,255.0,255.0
1734907671.3695288,255.0,255.0
1734907671.3702826,255.0,255.0
1734907671.3705652,255.0,255.0
1734907671.3718836,255.0,255.0
1734907671.3722043,255.0,255.0
1734907671.3730526,255.0,255.0
1734907671.3733463,255.0,255.0
1734907671.3747137,255.0,255.0
1734907671.3748164,255.0,255.0
1734907671.3768833,255.0,255.0
1734907671.3769047,255.0,255.0
1734907671.3785565,255.0,255.0
1734907671.3786752,255.0,255.0
1734907671.3798175,255.0,255.0
1734907671.3799865,255.0,255.0
1734907671.381521,255.0,255.0
1734907671.3816564,255.0,255.0
1734907671.38302,255.0,255.0
1734907671.383058,255.0,255.0
1734907671.384287,255.0,255.0
1734907671.3843663,255.0,255.0
1734907671.387,255.0,255.0
1734907671.387028,255.0,255.0
1734907671.3882046,255.0,255.0
1734907671.3884528,255.0,255.0
1734907671.389845,255.0,255.0
1734907671.3898778,255.0,255.0
1734907671.3911521,255.0,255.0
1734907671.3912194,255.0,255.0
1734907671.392146,255.0,255.0
1734907671.3921692,255.0,255.0
1734907671.3936002,255.0,255.0
1734907671.393831,255.0,255.0
1734907671.3953774,255.0,255.0
1734907671.3955808,255.0,255.0
1734907671.3970952,255.0,255.0
1734907671.39714,255.0,255.0
1734907671.3985615,255.0,255.0
1734907671.3986628,255.0,255.0
1734907671.400035,255.0,255.0
1734907671.4000967,255.0,255.0
1734907671.4011996,255.0,255.0
1734907671.4013062,255.0,255.0
1734907671.4027064,255.0,255.0
1734907671.4039338,255.0,255.0
1734907671.4042153,255.0,255.0
1734907671.4045484,255.0,255.0
1734907671.405181,255.0,255.0
1734907671.4054596,255.0,255.0
1734907671.4065344,255.0,255.0
1734907671.40685,255.0,255.0
1734907671.408003,255.0,255.0
1734907671.4082034,255.0,255.0
1734907671.4093745,255.0,255.0
1734907671.4096315,255.0,255.0
1734907671.4112108,255.0,255.0
1734907671.411409,255.0,255.0
1734907671.4127529,255.0,255.0
1734907671.412822,255.0,255.0
1734907671.4139807,255.0,255.0
1734907671.41408,255.0,255.0
1734907671.4155347,255.0,255.0
1734907671.4155703,255.0,255.0
1734907671.4173806,255.0,255.0
1734907671.4185398,255.0,255.0
1734907671.419186,255.0,255.0
1734907671.4207428,255.0,255.0
1734907671.4207752,255.0,255.0
1734907671.4220107,255.0,255.0
1734907671.4223793,255.0,255.0
1734907671.4232748,255.0,255.0
1734907671.4233465,255.0,255.0
1734907671.4243402,255.0,255.0
1734907671.425316,255.0,255.0
1734907671.4257264,255.0,255.0
1734907671.425978,255.0,255.0
1734907671.4271674,255.0,255.0
1734907671.4280562,255.0,255.0
1734907671.4288435,255.0,255.0
1734907671.4293704,255.0,255.0
1734907671.4303055,255.0,255.0
1734907671.4304354,255.0,255.0
1734907671.4317365,255.0,255.0
1734907671.4321518,255.0,255.0
1734907671.4332554,255.0,255.0
1734907671.4339614,255.0,255.0
1734907671.4345198,255.0,255.0
1734907671.4349732,255.0,255.0
1734907671.4366512,255.0,255.0
1734907671.4366903,255.0,255.0
1734907671.437893,255.0,255.0
1734907671.4382956,255.0,255.0
1734907671.4387934,255.0,255.0
1734907671.4402807,255.0,255.0
1734907671.4412684,255.0,255.0
1734907671.441836,255.0,255.0
1734907671.4420903,255.0,255.0
1734907671.4429975,255.0,255.0
1734907671.4430969,255.0,255.0
1734907671.444983,255.0,255.0
1734907671.4451087,255.0,255.0
1734907671.4464276,255.0,255.0
1734907671.446555,255.0,255.0
1734907671.447939,255.0,255.0
1734907671.448346,255.0,255.0
1734907671.4492853,255.0,255.0
1734907671.4494271,255.0,255.0
1734907671.4508324,255.0,255.0
1734907671.4509916,255.0,255.0
1734907671.4523416,255.0,255.0
1734907671.4531145,255.0,255.0
1734907671.4540548,255.0,255.0
1734907671.454233,255.0,255.0
1734907671.455251,255.0,255.0
1734907671.4556203,255.0,255.0
1734907671.4565573,255.0,255.0
1734907671.4569347,255.0,255.0
1734907671.45807,255.0,255.0
1734907671.4582636,255.0,255.0
1734907671.459689,255.0,255.0
1734907671.459883,255.0,255.0
1734907671.4612954,255.0,255.0
1734907671.4613307,255.0,255.0
1734907671.4627197,255.0,255.0
1734907671.4627476,255.0,255.0
1734907671.4641123,255.0,255.0
1734907671.4642081,255.0,255.0
1734907671.4655259,255.0,255.0
1734907671.465635,255.0,255.0
1734907671.466912,255.0,255.0
1734907671.4669461,255.0,255.0
1734907671.468034,255.0,255.0
1734907671.468244,255.0,255.0
1734907671.4697223,255.0,255.0
1734907671.4699304,255.0,255.0
1734907671.4712977,255.0,255.0
1734907671.4713311,255.0,255.0
1734907671.4735248,255.0,255.0
1734907671.473999,255.0,255.0
1734907671.4748957,255.0,255.0
1734907671.4749434,255.0,255.0
1734907671.4766202,255.0,255.0
1734907671.4766552,255.0,255.0
1734907671.4781306,255.0,255.0
1734907671.4783452,255.0,255.0
1734907671.4796212,255.0,255.0
1734907671.4801152,255.0,255.0
1734907671.481074,255.0,255.0
1734907671.4812734,255.0,255.0
1734907671.48359,255.0,255.0
1734907671.4836848,255.0,255.0
1734907671.4848976,255.0,255.0
1734907671.4852018,255.0,255.0
1734907671.486803,255.0,255.0
1734907671.4868913,255.0,255.0
1734907671.488205,255.0,255.0
1734907671.488642,255.0,255.0
1734907671.4896479,255.0,255.0
1734907671.4900053,255.0,255.0
1734907671.490893,255.0,255.0
1734907671.4912288,255.0,255.0
1734907671.4921126,255.0,255.0
1734907671.4922237,255.0,255.0
1734907671.4937584,255.0,255.0
1734907671.493959,255.0,255.0
1734907671.495508,255.0,255.0
1734907671.4963996,255.0,255.0
1734907671.4970722,255.0,255.0
1734907671.4974256,255.0,255.0
1734907671.498455,255.0,255.0
1734907671.4984827,255.0,255.0
1734907671.499591,255.0,255.0
1734907671.4997504,255.0,255.0
1734907671.5007646,255.0,255.0
1734907671.5009098,255.0,255.0
1734907671.5024247,255.0,255.0
1734907671.5025778,255.0,255.0
1734907671.5038412,255.0,255.0
1734907671.5039918,255.0,255.0
1734907671.505447,255.0,255.0
1734907671.5056536,255.0,255.0
1734907671.5068092,255.0,255.0
1734907671.5069249,255.0,255.0
1734907671.5085309,255.0,255.0
1734907671.5085535,255.0,255.0
1734907671.509914,255.0,255.0
1734907671.5100505,255.0,255.0
1734907671.5112197,255.0,255.0
1734907671.51128,255.0,255.0
1734907671.5126336,255.0,255.0
1734907671.5128295,255.0,255.0
1734907671.5138636,255.0,255.0
1734907671.514214,255.0,255.0
1734907671.5155747,255.0,255.0
1734907671.51559,255.0,255.0
1734907671.5170949,255.0,255.0
1734907671.5171258,255.0,255.0
1734907671.5187595,255.0,255.0
1734907671.518863,255.0,255.0
1734907671.5200486,255.0,255.0
1734907671.5203333,255.0,255.0
1734907671.5214434,255.0,255.0
1734907671.5220308,255.0,255.0
1734907671.5227334,255.0,255.0
1734907671.5228648,255.0,255.0
1734907671.524011,255.0,255.0
1734907671.5241635,255.0,255.0
1734907671.525637,255.0,255.0
1734907671.5257065,255.0,255.0
1734907671.5270677,255.0,255.0
1734907671.527173,255.0,255.0
1734907671.5284867,255.0,255.0
1734907671.5291674,255.0,255.0
1734907671.5301127,255.0,255.0
1734907671.5301554,255.0,255.0
1734907671.5312798,255.0,255.0
1734907671.531294,255.0,255.0
1734907671.5327673,255.0,255.0
1734907671.534069,255.0,255.0
1734907671.5341923,255.0,255.0
1734907671.5354824,255.0,255.0
1734907671.5355256,255.0,255.0
1734907671.5371578,255.0,255.0
1734907671.5373392,255.0,255.0
1734907671.5382433,255.0,255.0
1734907671.5385044,255.0,255.0
1734907671.5402849,255.0,255.0
1734907671.5404816,255.0,255.0
1734907671.5417588,255.0,255.0
1734907671.5418787,255.0,255.0
1734907671.5430517,255.0,255.0
1734907671.543104,255.0,255.0
1734907671.5444722,255.0,255.0
1734907671.5446072,255.0,255.0
1734907671.5459578,255.0,255.0
1734907671.5460987,255.0,255.0
1734907671.5474782,255.0,255.0
1734907671.5475433,255.0,255.0
1734907671.548957,255.0,255.0
1734907671.549013,255.0,255.0
1734907671.5505238,255.0,255.0
1734907671.5505567,255.0,255.0
1734907671.5518587,255.0,255.0
1734907671.5521564,255.0,255.0
1734907671.5531905,255.0,255.0
1734907671.5532026,255.0,255.0
1734907671.5547507,255.0,255.0
1734907671.5547764,255.0,255.0
1734907671.5557528,255.0,255.0
1734907671.5559053,255.0,255.0
1734907671.557611,255.0,255.0
1734907671.557657,255.0,255.0
1734907671.5590658,255.0,255.0
1734907671.5590968,255.0,255.0
1734907671.5603535,255.0,255.0
1734907671.560375,255.0,255.0
1734907671.5620046,255.0,255.0
1734907671.5622127,255.0,255.0
1734907671.5632687,255.0,255.0
1734907671.5633855,255.0,255.0
1734907671.5646937,255.0,255.0
1734907671.5649638,255.0,255.0
1734907671.5659223,255.0,255.0
1734907671.5659587,255.0,255.0
1734907671.567238,255.0,255.0
1734907671.5678525,255.0,255.0
1734907671.569848,255.0,255.0
1734907671.5701299,255.0,255.0
1734907671.571406,255.0,255.0
1734907671.571591,255.0,255.0
1734907671.5729072,255.0,255.0
1734907671.572945,255.0,255.0
1734907671.5746164,255.0,255.0
1734907671.575075,255.0,255.0
1734907671.57577,255.0,255.0
1734907671.5762172,255.0,255.0
1734907671.5773258,255.0,255.0
1734907671.5777295,255.0,255.0
1734907671.5787957,255.0,255.0
1734907671.5788286,255.0,255.0
1734907671.5815241,255.0,255.0
1734907671.5815632,255.0,255.0
1734907671.5828645,255.0,255.0
1734907671.5829008,255.0,255.0
1734907671.5839715,255.0,255.0
1734907671.5839803,255.0,255.0
1734907671.5854704,255.0,255.0
1734907671.5856152,255.0,255.0
1734907671.5870926,255.0,255.0
1734907671.587162,255.0,255.0
1734907671.5885038,255.0,255.0
1734907671.5885258,255.0,255.0
1734907671.5897257,255.0,255.0
1734907671.5897474,255.0,255.0
1734907671.591325,255.0,255.0
1734907671.5913663,255.0,255.0
1734907671.5927856,255.0,255.0
1734907671.592893,255.0,255.0
1734907671.5940151,255.0,255.0
1734907671.5945282,255.0,255.0
1734907671.5958114,255.0,255.0
1734907671.595847,255.0,255.0
1734907671.5970097,255.0,255.0
1734907671.597078,255.0,255.0
1734907671.5981314,255.0,255.0
1734907671.5982976,255.0,255.0
1734907671.5995235,255.0,255.0
1734907671.599786,255.0,255.0
1734907671.6009946,255.0,255.0
1734907671.60104,255.0,255.0
1734907671.602313,255.0,255.0
1734907671.6024485,255.0,255.0
1734907671.604204,255.0,255.0
1734907671.6042583,255.0,255.0
1734907671.6056294,255.0,255.0
1734907671.6056817,255.0,255.0
1734907671.607098,255.0,255.0
1734907671.6071308,255.0,255.0
1734907671.6083512,255.0,255.0
1734907671.6083949,255.0,255.0
1734907671.609873,255.0,255.0
1734907671.6100738,255.0,255.0
1734907671.6112754,255.0,255.0
1734907671.6112955,255.0,255.0
1734907671.6130311,255.0,255.0
1734907671.6130512,255.0,255.0
1734907671.614422,255.0,255.0
1734907671.6146178,255.0,255.0
1734907671.615889,255.0,255.0
1734907671.6159096,255.0,255.0
1734907671.6171017,255.0,255.0
1734907671.6172209,255.0,255.0
1734907671.6191537,255.0,255.0
1734907671.6193228,255.0,255.0
1734907671.620723,255.0,255.0
1734907671.6208522,255.0,255.0
1734907671.6220598,255.0,255.0
1734907671.6220732,255.0,255.0
1734907671.6233165,255.0,255.0
1734907671.62338,255.0,255.0
1734907671.6248882,255.0,255.0
1734907671.6250093,255.0,255.0
1734907671.6264577,255.0,255.0
1734907671.6266017,255.0,255.0
1734907671.6276915,255.0,255.0
1734907671.6279066,255.0,255.0
1734907671.629208,255.0,255.0
1734907671.6296477,255.0,255.0
1734907671.6303408,255.0,255.0
1734907671.630362,255.0,255.0
1734907671.631767,255.0,255.0
1734907671.6325052,255.0,255.0
1734907671.6333828,255.0,255.0
1734907671.6334105,255.0,255.0
1734907671.634969,255.0,255.0
1734907671.6351664,255.0,255.0
1734907671.6366882,255.0,255.0
1734907671.636757,255.0,255.0
1734907671.6380992,255.0,255.0
1734907671.6381195,255.0,255.0
1734907671.639596,255.0,255.0
1734907671.6396313,255.0,255.0
1734907671.640883,255.0,255.0
1734907671.6409447,255.0,255.0
1734907671.6426523,255.0,255.0
1734907671.6427886,255.0,255.0
1734907671.6441748,255.0,255.0
1734907671.6442022,255.0,255.0
1734907671.6453185,255.0,255.0
1734907671.6456172,255.0,255.0
1734907671.6469646,255.0,255.0
1734907671.6470723,255.0,255.0
1734907671.6481516,255.0,255.0
1734907671.6481845,255.0,255.0
1734907671.6495109,255.0,255.0
1734907671.649554,255.0,255.0
1734907671.6509626,255.0,255.0
1734907671.651433,255.0,255.0
1734907671.652883,255.0,255.0
1734907671.6543703,255.0,255.0
1734907671.6545482,255.0,255.0
1734907671.6555383,255.0,255.0
1734907671.6557477,255.0,255.0
1734907671.6564078,255.0,255.0
1734907671.6571877,255.0,255.0
1734907671.6573062,255.0,255.0
1734907671.658783,255.0,255.0
1734907671.659034,255.0,255.0
1734907671.660266,255.0,255.0
1734907671.6603384,255.0,255.0
1734907671.6615968,255.0,255.0
1734907671.6619568,255.0,255.0
1734907671.6633894,255.0,255.0
1734907671.6634917,255.0,255.0
1734907671.6646452,255.0,255.0
1734907671.664697,255.0,255.0
1734907671.6658196,255.0,255.0
1734907671.6661563,255.0,255.0
1734907671.6672094,255.0,255.0
1734907671.6674087,255.0,255.0
1734907671.6688747,255.0,255.0
1734907671.6691475,255.0,255.0
1734907671.6704383,255.0,255.0
1734907671.67065,255.0,255.0
1734907671.6718783,255.0,255.0
1734907671.672012,255.0,255.0
1734907671.6735466,255.0,255.0
1734907671.6735916,255.0,255.0
1734907671.674909,255.0,255.0
1734907671.6750374,255.0,255.0
1734907671.6763592,255.0,255.0
1734907671.676614,255.0,255.0
1734907671.678662,255.0,255.0
1734907671.6787689,255.0,255.0
1734907671.6802304,255.0,255.0
1734907671.6802788,255.0,255.0
1734907671.681702,255.0,255.0
1734907671.6818109,255.0,255.0
1734907671.682892,255.0,255.0
1734907671.6829314,255.0,255.0
1734907671.684396,255.0,255.0
1734907671.684612,255.0,255.0
1734907671.685832,255.0,255.0
1734907671.6860478,255.0,255.0
1734907671.687424,255.0,255.0
1734907671.6875758,255.0,255.0
1734907671.688471,255.0,255.0
1734907671.6886704,255.0,255.0
1734907671.6897838,255.0,255.0
1734907671.6899567,255.0,255.0
1734907671.6916933,255.0,255.0
1734907671.6922152,255.0,255.0
1734907671.6932752,255.0,255.0
1734907671.6934454,255.0,255.0
1734907671.6947513,255.0,255.0
1734907671.6948628,255.0,255.0
1734907671.6964364,255.0,255.0
1734907671.696638,255.0,255.0
1734907671.6976657,255.0,255.0
1734907671.698635,255.0,255.0
1734907671.6991355,255.0,255.0
1734907671.6992488,255.0,255.0
1734907671.7007365,255.0,255.0
1734907671.7007704,255.0,255.0
1734907671.702219,255.0,255.0
1734907671.7022433,255.0,255.0
1734907671.7037902,255.0,255.0
1734907671.7039611,255.0,255.0
1734907671.7052674,255.0,255.0
1734907671.7053018,255.0,255.0
1734907671.7064805,255.0,255.0
1734907671.706612,255.0,255.0
1734907671.7078793,255.0,255.0
1734907671.7079034,255.0,255.0
1734907671.709379,255.0,255.0
1734907671.7094605,255.0,255.0
1734907671.7107728,255.0,255.0
1734907671.7109241,255.0,255.0
1734907671.7121,255.0,255.0
1734907671.7122622,255.0,255.0
1734907671.7147365,255.0,255.0
1734907671.7147665,255.0,255.0
1734907671.7159913,255.0,255.0
1734907671.7160823,255.0,255.0
1734907671.7171514,255.0,255.0
1734907671.7171717,255.0,255.0
1734907671.7185612,255.0,255.0
1734907671.719032,255.0,255.0
1734907671.7199802,255.0,255.0
1734907671.7202194,255.0,255.0
1734907671.721562,255.0,255.0
1734907671.7222118,255.0,255.0
1734907671.7227013,255.0,255.0
1734907671.722972,255.0,255.0
1734907671.7244456,255.0,255.0
1734907671.7244747,255.0,255.0
1734907671.7260094,255.0,255.0
1734907671.7261288,255.0,255.0
1734907671.72739,255.0,255.0
1734907671.7274275,255.0,255.0
1734907671.7286203,255.0,255.0
1734907671.7286487,255.0,255.0
1734907671.729788,255.0,255.0
1734907671.7300804,255.0,255.0
1734907671.7315993,255.0,255.0
1734907671.731667,255.0,255.0
1734907671.7327795,255.0,255.0
1734907671.7330384,255.0,255.0
1734907671.7346964,255.0,255.0
1734907671.7347848,255.0,255.0
1734907671.736384,255.0,255.0
1734907671.7364206,255.0,255.0
1734907671.7373674,255.0,255.0
1734907671.7376785,255.0,255.0
1734907671.73875,255.0,255.0
1734907671.7400627,255.0,255.0
1734907671.7405999,255.0,255.0
1734907671.7416656,255.0,255.0
1734907671.7418833,255.0,255.0
1734907671.7430968,255.0,255.0
1734907671.7431636,255.0,255.0
1734907671.7446902,255.0,255.0
1734907671.7447062,255.0,255.0
1734907671.7459736,255.0,255.0
1734907671.7460845,255.0,255.0
1734907671.747311,255.0,255.0
1734907671.747352,255.0,255.0
1734907671.7485018,255.0,255.0
1734907671.7485304,255.0,255.0
1734907671.7497828,255.0,255.0
1734907671.7498856,255.0,255.0
1734907671.7511406,255.0,255.0
1734907671.7512038,255.0,255.0
1734907671.7526946,255.0,255.0
1734907671.752702,255.0,255.0
1734907671.7542493,255.0,255.0
1734907671.754353,255.0,255.0
1734907671.755442,255.0,255.0
1734907671.7555244,255.0,255.0
1734907671.7567794,255.0,255.0
1734907671.7569723,255.0,255.0
1734907671.7585132,255.0,255.0
1734907671.7585511,255.0,255.0
1734907671.7598543,255.0,255.0
1734907671.7600195,255.0,255.0
1734907671.761235,255.0,255.0
1734907671.7613058,255.0,255.0
1734907671.7627382,255.0,255.0
1734907671.7627923,255.0,255.0
1734907671.763989,255.0,255.0
1734907671.7640705,255.0,255.0
1734907671.7652075,255.0,255.0
1734907671.7655857,255.0,255.0
1734907671.7672114,255.0,255.0
1734907671.767234,255.0,255.0
1734907671.768879,255.0,255.0
1734907671.768896,255.0,255.0
1734907671.7703934,255.0,255.0
1734907671.7705812,255.0,255.0
1734907671.7716818,255.0,255.0
1734907671.7717159,255.0,255.0
1734907671.7726865,255.0,255.0
1734907671.7729864,255.0,255.0
1734907671.7742155,255.0,255.0
1734907671.7742598,255.0,255.0
1734907671.776871,255.0,255.0
1734907671.7770112,255.0,255.0
1734907671.7781277,255.0,255.0
1734907671.7782562,255.0,255.0
1734907671.7795491,255.0,255.0
1734907671.7796254,255.0,255.0
1734907671.7808204,255.0,255.0
1734907671.7809148,255.0,255.0
1734907671.7823722,255.0,255.0
1734907671.7832181,255.0,255.0
1734907671.7834857,255.0,255.0
1734907671.7838778,255.0,255.0
1734907671.784748,255.0,255.0
1734907671.7854755,255.0,255.0
1734907671.7863863,255.0,255.0
1734907671.7864087,255.0,255.0
1734907671.787721,255.0,255.0
1734907671.7880108,255.0,255.0
1734907671.789177,255.0,255.0
1734907671.789308,255.0,255.0
1734907671.7907023,255.0,255.0
1734907671.790754,255.0,255.0
1734907671.792003,255.0,255.0
1734907671.7922945,255.0,255.0
1734907671.7936056,255.0,255.0
1734907671.7937891,255.0,255.0
1734907671.795166,255.0,255.0
1734907671.7951982,255.0,255.0
1734907671.7967196,255.0,255.0
1734907671.796749,255.0,255.0
1734907671.7980077,255.0,255.0
1734907671.7980344,255.0,255.0
1734907671.7997167,255.0,255.0
1734907671.7997494,255.0,255.0
1734907671.801034,255.0,255.0
1734907671.801079,255.0,255.0
1734907671.8022842,255.0,255.0
1734907671.8024678,255.0,255.0
1734907671.8039253,255.0,255.0
1734907671.804009,255.0,255.0
1734907671.8053014,255.0,255.0
1734907671.806262,255.0,255.0
1734907671.806819,255.0,255.0
1734907671.8073409,255.0,255.0
1734907671.8084223,255.0,255.0
1734907671.8084383,255.0,255.0
1734907671.8097842,255.0,255.0
1734907671.8114762,255.0,255.0
1734907671.8126066,255.0,255.0
1734907671.8130858,255.0,255.0
1734907671.81373,255.0,255.0
1734907671.814322,255.0,255.0
1734907671.8151422,255.0,255.0
1734907671.8154898,255.0,255.0
1734907671.8165877,255.0,255.0
1734907671.8168237,255.0,255.0
1734907671.8184016,255.0,255.0
1734907671.8184159,255.0,255.0
1734907671.819451,255.0,255.0
1734907671.820012,255.0,255.0
1734907671.820691,255.0,255.0
1734907671.8208609,255.0,255.0
1734907671.8225255,255.0,255.0
1734907671.823144,255.0,255.0
1734907671.8237834,255.0,255.0
1734907671.8238037,255.0,255.0
1734907671.8250084,255.0,255.0
1734907671.825032,255.0,255.0
1734907671.8268623,255.0,255.0
1734907671.8274302,255.0,255.0
1734907671.8285646,255.0,255.0
1734907671.8290067,255.0,255.0
1734907671.8303676,255.0,255.0
1734907671.8316963,255.0,255.0
1734907671.8320599,255.0,255.0
1734907671.8332593,255.0,255.0
1734907671.833316,255.0,255.0
1734907671.834701,255.0,255.0
1734907671.835645,255.0,255.0
1734907671.836123,255.0,255.0
1734907671.8369305,255.0,255.0
1734907671.8377018,255.0,255.0
1734907671.8389575,255.0,255.0
1734907671.8395345,255.0,255.0
1734907671.8403242,255.0,255.0
1734907671.840373,255.0,255.0
1734907671.8418972,255.0,255.0
1734907671.8419266,255.0,255.0
1734907671.8434007,255.0,255.0
1734907671.843896,255.0,255.0
1734907671.8450174,255.0,255.0
1734907671.8450453,255.0,255.0
1734907671.8465354,255.0,255.0
1734907671.8466687,255.0,255.0
1734907671.847809,255.0,255.0
1734907671.8479855,255.0,255.0
1734907671.8493307,255.0,255.0
1734907671.8494887,255.0,255.0
1734907671.8505914,255.0,255.0
1734907671.850756,255.0,255.0
1734907671.8518553,255.0,255.0
1734907671.85216,255.0,255.0
1734907671.8535619,255.0,255.0
1734907671.853602,255.0,255.0
1734907671.8545563,255.0,255.0
1734907671.8547828,255.0,255.0
1734907671.8561978,255.0,255.0
1734907671.8562412,255.0,255.0
1734907671.8576806,255.0,255.0
1734907671.8577917,255.0,255.0
1734907671.859078,255.0,255.0
1734907671.859238,255.0,255.0
1734907671.8612533,255.0,255.0
1734907671.8613846,255.0,255.0
1734907671.8626633,255.0,255.0
1734907671.8626895,255.0,255.0
1734907671.8639777,255.0,255.0
1734907671.8640091,255.0,255.0
1734907671.8653018,255.0,255.0
1734907671.8655982,255.0,255.0
1734907671.8669512,255.0,255.0
1734907671.8669763,255.0,255.0
1734907671.8683934,255.0,255.0
1734907671.868434,255.0,255.0
1734907671.8698251,255.0,255.0
1734907671.8700578,255.0,255.0
1734907671.8712604,255.0,255.0
1734907671.8712955,255.0,255.0
1734907671.8726623,255.0,255.0
1734907671.8728821,255.0,255.0
1734907671.8749425,255.0,255.0
1734907671.875071,255.0,255.0
1734907671.8764095,255.0,255.0
1734907671.8765078,255.0,255.0
1734907671.878083,255.0,255.0
1734907671.878206,255.0,255.0
1734907671.879421,255.0,255.0
1734907671.8794405,255.0,255.0
1734907671.880863,255.0,255.0
1734907671.8808794,255.0,255.0
1734907671.8823895,255.0,255.0
1734907671.8824697,255.0,255.0
1734907671.8836923,255.0,255.0
1734907671.8838253,255.0,255.0
1734907671.8850029,255.0,255.0
1734907671.8851209,255.0,255.0
1734907671.8865728,255.0,255.0
1734907671.886736,255.0,255.0
1734907671.8878176,255.0,255.0
1734907671.8881013,255.0,255.0
1734907671.8892317,255.0,255.0
1734907671.8893635,255.0,255.0
1734907671.8909514,255.0,255.0
1734907671.8910508,255.0,255.0
1734907671.8922853,255.0,255.0
1734907671.8923805,255.0,255.0
1734907671.8942034,255.0,255.0
1734907671.8944144,255.0,255.0
1734907671.8955288,255.0,255.0
1734907671.896117,255.0,255.0
1734907671.8968222,255.0,255.0
1734907671.8971567,255.0,255.0
1734907671.89812,255.0,255.0
1734907671.898331,255.0,255.0
1734907671.899643,255.0,255.0
1734907671.8996675,255.0,255.0
1734907671.901131,255.0,255.0
1734907671.901163,255.0,255.0
1734907671.9026437,255.0,255.0
1734907671.9027987,255.0,255.0
1734907671.9040463,255.0,255.0
1734907671.904513,255.0,255.0
1734907671.9053855,255.0,255.0
1734907671.9056387,255.0,255.0
1734907671.9064803,255.0,255.0
1734907671.9067187,255.0,255.0
1734907671.9087644,255.0,255.0
1734907671.9102707,255.0,255.0
1734907671.9110146,255.0,255.0
1734907671.9118388,255.0,255.0
1734907671.9122639,255.0,255.0
1734907671.9135294,255.0,255.0
1734907671.9135587,255.0,255.0
1734907671.915044,255.0,255.0
1734907671.9150815,255.0,255.0
1734907671.9163327,255.0,255.0
1734907671.9165263,255.0,255.0
1734907671.9176426,255.0,255.0
1734907671.9177413,255.0,255.0
1734907671.9188392,255.0,255.0
1734907671.9188826,255.0,255.0
1734907671.9205744,255.0,255.0
1734907671.9207408,255.0,255.0
1734907671.921842,255.0,255.0
1734907671.921898,255.0,255.0
1734907671.923551,255.0,255.0
1734907671.9236214,255.0,255.0
1734907671.9248924,255.0,255.0
1734907671.9251451,255.0,255.0
1734907671.9266858,255.0,255.0
1734907671.9267182,255.0,255.0
1734907671.9281147,255.0,255.0
1734907671.9281561,255.0,255.0
1734907671.92945,255.0,255.0
1734907671.9299505,255.0,255.0
1734907671.9310372,255.0,255.0
1734907671.9310637,255.0,255.0
1734907671.932295,255.0,255.0
1734907671.9324284,255.0,255.0
1734907671.9342296,255.0,255.0
1734907671.9344316,255.0,255.0
1734907671.935651,255.0,255.0
1734907671.935752,255.0,255.0
1734907671.9367557,255.0,255.0
1734907671.9369655,255.0,255.0
1734907671.9381108,255.0,255.0
1734907671.9382472,255.0,255.0
1734907671.939264,255.0,255.0
1734907671.9396214,255.0,255.0
1734907671.9407191,255.0,255.0
1734907671.9409022,255.0,255.0
1734907671.9421494,255.0,255.0
1734907671.9423254,255.0,255.0
1734907671.9434407,255.0,255.0
1734907671.9436631,255.0,255.0
1734907671.945143,255.0,255.0
1734907671.9453566,255.0,255.0
1734907671.9467254,255.0,255.0
1734907671.9470572,255.0,255.0
1734907671.9481673,255.0,255.0
1734907671.9482124,255.0,255.0
1734907671.9495828,255.0,255.0
1734907671.949748,255.0,255.0
1734907671.95084,255.0,255.0
1734907671.9508874,255.0,255.0
1734907671.952357,255.0,255.0
1734907671.952766,255.0,255.0
1734907671.954266,255.0,255.0
1734907671.954335,255.0,255.0
1734907671.9553223,255.0,255.0
1734907671.9553602,255.0,255.0
1734907671.9570632,255.0,255.0
1734907671.9574745,255.0,255.0
1734907671.9586022,255.0,255.0
1734907671.958626,255.0,255.0
1734907671.9598994,255.0,255.0
1734907671.95999,255.0,255.0
1734907671.9613876,255.0,255.0
1734907671.9616601,255.0,255.0
1734907671.9628854,255.0,255.0
1734907671.963093,255.0,255.0
1734907671.9642909,255.0,255.0
1734907671.9645452,255.0,255.0
1734907671.965714,255.0,255.0
1734907671.965902,255.0,255.0
1734907671.967328,255.0,255.0
1734907671.9687734,255.0,255.0
1734907671.9698818,255.0,255.0
1734907671.9703178,255.0,255.0
1734907671.970818,255.0,255.0
1734907671.9723928,255.0,255.0
1734907671.9724112,255.0,255.0
1734907671.9735951,255.0,255.0
1734907671.973665,255.0,255.0
1734907671.9748151,255.0,255.0
1734907671.9751444,255.0,255.0
1734907671.9766715,255.0,255.0
1734907671.9767358,255.0,255.0
1734907671.9778552,255.0,255.0
1734907671.9782014,255.0,255.0
1734907671.9794557,255.0,255.0
1734907671.9794884,255.0,255.0
1734907671.9807577,255.0,255.0
1734907671.980911,255.0,255.0
1734907671.9823108,255.0,255.0
1734907671.9823554,255.0,255.0
1734907671.983458,255.0,255.0
1734907671.9838288,255.0,255.0
1734907671.9851785,255.0,255.0
1734907671.9852011,255.0,255.0
1734907671.9864495,255.0,255.0
1734907671.9866984,255.0,255.0
1734907671.9882214,255.0,255.0
1734907671.9884706,255.0,255.0
1734907671.9897387,255.0,255.0
1734907671.9898832,255.0,255.0
1734907671.9911985,255.0,255.0
1734907671.991208,255.0,255.0
1734907671.992659,255.0,255.0
1734907671.993287,255.0,255.0
1734907671.9944987,255.0,255.0
1734907671.9945197,255.0,255.0
1734907671.9957275,255.0,255.0
1734907671.9970353,255.0,255.0
1734907671.9971337,255.0,255.0
1734907671.9981232,255.0,255.0
1734907671.9988987,255.0,255.0
1734907671.9992795,255.0,255.0
1734907672.000138,255.0,255.0
1734907672.000574,255.0,255.0
1734907672.0015051,255.0,255.0
1734907672.0015635,255.0,255.0
1734907672.003044,255.0,255.0
1734907672.0032568,255.0,255.0
1734907672.0051916,255.0,255.0
1734907672.0052073,255.0,255.0
1734907672.0065687,255.0,255.0
1734907672.0068285,255.0,255.0
1734907672.0078835,255.0,255.0
1734907672.0081725,255.0,255.0
1734907672.0095081,255.0,255.0
1734907672.009578,255.0,255.0
1734907672.0110126,255.0,255.0
1734907672.0111582,255.0,255.0
1734907672.012761,255.0,255.0
1734907672.0129356,255.0,255.0
1734907672.0143788,255.0,255.0
1734907672.0146387,255.0,255.0
1734907672.0158165,255.0,255.0
1734907672.015975,255.0,255.0
1734907672.0171628,255.0,255.0
1734907672.0173857,255.0,255.0
1734907672.0184474,255.0,255.0
1734907672.0185897,255.0,255.0
1734907672.0203876,255.0,255.0
1734907672.0204084,255.0,255.0
1734907672.0215724,255.0,255.0
1734907672.0216076,255.0,255.0
1734907672.022933,255.0,255.0
1734907672.0232198,255.0,255.0
1734907672.0243762,255.0,255.0
1734907672.0245447,255.0,255.0
1734907672.0259268,255.0,255.0
1734907672.0259407,255.0,255.0
1734907672.0268772,255.0,255.0
1734907672.0271385,255.0,255.0
1734907672.0288777,255.0,255.0
1734907672.030039,255.0,255.0
1734907672.0303109,255.0,255.0
1734907672.031073,255.0,255.0
1734907672.0314887,255.0,255.0
1734907672.0319967,255.0,255.0
1734907672.0328686,255.0,255.0
1734907672.0332355,255.0,255.0
1734907672.0344522,255.0,255.0
1734907672.0346406,255.0,255.0
1734907672.0358741,255.0,255.0
1734907672.035962,255.0,255.0
1734907672.0372906,255.0,255.0
1734907672.037353,255.0,255.0
1734907672.038381,255.0,255.0
1734907672.0384045,255.0,255.0
1734907672.0398269,255.0,255.0
1734907672.0401955,255.0,255.0
1734907672.04123,255.0,255.0
1734907672.0413198,255.0,255.0
1734907672.0428398,255.0,255.0
1734907672.0429988,255.0,255.0
1734907672.044906,255.0,255.0
1734907672.044938,255.0,255.0
1734907672.0457666,255.0,255.0
1734907672.0461369,255.0,255.0
1734907672.0476034,255.0,255.0
1734907672.0478663,255.0,255.0
1734907672.049196,255.0,255.0
1734907672.0492177,255.0,255.0
1734907672.050595,255.0,255.0
1734907672.0509098,255.0,255.0
1734907672.0524235,255.0,255.0
1734907672.0524912,255.0,255.0
1734907672.0538588,255.0,255.0
1734907672.0539145,255.0,255.0
1734907672.0554101,255.0,255.0
1734907672.0556245,255.0,255.0
1734907672.0569332,255.0,255.0
1734907672.0573564,255.0,255.0
1734907672.058625,255.0,255.0
1734907672.058652,255.0,255.0
1734907672.0595188,255.0,255.0
1734907672.0597615,255.0,255.0
1734907672.061419,255.0,255.0
1734907672.0614533,255.0,255.0
1734907672.0628266,255.0,255.0
1734907672.0628636,255.0,255.0
1734907672.064651,255.0,255.0
1734907672.0647814,255.0,255.0
1734907672.0659013,255.0,255.0
1734907672.0661182,255.0,255.0
1734907672.0671191,255.0,255.0
1734907672.067303,255.0,255.0
1734907672.0684016,255.0,255.0
1734907672.0685134,255.0,255.0
1734907672.0708683,255.0,255.0
1734907672.0709991,255.0,255.0
1734907672.0720713,255.0,255.0
1734907672.072222,255.0,255.0
1734907672.0737855,255.0,255.0
1734907672.0742507,255.0,255.0
1734907672.0750082,255.0,255.0
1734907672.075225,255.0,255.0
1734907672.076462,255.0,255.0
1734907672.0764961,255.0,255.0
1734907672.0784962,255.0,255.0
1734907672.0785303,255.0,255.0
1734907672.0795486,255.0,255.0
1734907672.0795834,255.0,255.0
1734907672.0811245,255.0,255.0
1734907672.0812309,255.0,255.0
1734907672.0826964,255.0,255.0
1734907672.08273,255.0,255.0
1734907672.0842447,255.0,255.0
1734907672.0843863,255.0,255.0
1734907672.085678,255.0,255.0
1734907672.0857904,255.0,255.0
1734907672.0871193,255.0,255.0
1734907672.087383,255.0,255.0
1734907672.0885415,255.0,255.0
1734907672.0887666,255.0,255.0
1734907672.0900352,255.0,255.0
1734907672.0900512,255.0,255.0
1734907672.091029,255.0,255.0
1734907672.0912395,255.0,255.0
1734907672.0925138,255.0,255.0
1734907672.0926933,255.0,255.0
1734907672.0944178,255.0,255.0
1734907672.0944362,255.0,255.0
1734907672.0958424,255.0,255.0
1734907672.0958772,255.0,255.0
1734907672.0972724,255.0,255.0
1734907672.0973415,255.0,255.0
1734907672.09887,255.0,255.0
1734907672.0988853,255.0,255.0
1734907672.1000452,255.0,255.0
1734907672.1001701,255.0,255.0
1734907672.1020992,255.0,255.0
1734907672.1023102,255.0,255.0
1734907672.1038296,255.0,255.0
1734907672.1039867,255.0,255.0
1734907672.1051795,255.0,255.0
1734907672.1064541,255.0,255.0
1734907672.1066606,255.0,255.0
1734907672.107108,255.0,255.0
1734907672.1081405,255.0,255.0
1734907672.1085017,255.0,255.0
1734907672.109483,255.0,255.0
1734907672.110569,255.0,255.0
1734907672.1112053,255.0,255.0
1734907672.1115253,255.0,255.0
1734907672.1126697,255.0,255.0
1734907672.112787,255.0,255.0
1734907672.114203,255.0,255.0
1734907672.1144757,255.0,255.0
1734907672.1156614,255.0,255.0
1734907672.116229,255.0,255.0
1734907672.1169076,255.0,255.0
1734907672.1176941,255.0,255.0
1734907672.1184244,255.0,255.0
1734907672.1196024,255.0,255.0
1734907672.1204555,255.0,255.0
1734907672.1204662,255.0,255.0
1734907672.1215086,255.0,255.0
1734907672.1220853,255.0,255.0
1734907672.123235,255.0,255.0
1734907672.1237864,255.0,255.0
1734907672.124672,255.0,255.0
1734907672.1257262,255.0,255.0
1734907672.1260054,255.0,255.0
1734907672.1273365,255.0,255.0
1734907672.12746,255.0,255.0
1734907672.128699,255.0,255.0
1734907672.1287313,255.0,255.0
1734907672.130308,255.0,255.0
1734907672.1304238,255.0,255.0
1734907672.131811,255.0,255.0
1734907672.132165,255.0,255.0
1734907672.132952,255.0,255.0
1734907672.1340048,255.0,255.0
1734907672.134492,255.0,255.0
1734907672.1357453,255.0,255.0
1734907672.1357594,255.0,255.0
1734907672.1371138,255.0,255.0
1734907672.1373014,255.0,255.0
1734907672.1384249,255.0,255.0
1734907672.1386433,255.0,255.0
1734907672.1396391,255.0,255.0
1734907672.1399682,255.0,255.0
1734907672.1410499,255.0,255.0
1734907672.141372,255.0,255.0
1734907672.1426485,255.0,255.0
1734907672.1427445,255.0,255.0
1734907672.1442046,255.0,255.0
1734907672.144428,255.0,255.0
1734907672.1458073,255.0,255.0
1734907672.1459646,255.0,255.0
1734907672.1475105,255.0,255.0
1734907672.1478565,255.0,255.0
1734907672.1488717,255.0,255.0
1734907672.1490655,255.0,255.0
1734907672.1504996,255.0,255.0
1734907672.150521,255.0,255.0
1734907672.1526453,255.0,255.0
1734907672.1529982,255.0,255.0
1734907672.1541057,255.0,255.0
1734907672.1542296,255.0,255.0
1734907672.155396,255.0,255.0
1734907672.1555924,255.0,255.0
1734907672.1568182,255.0,255.0
1734907672.157085,255.0,255.0
1734907672.1581106,255.0,255.0
1734907672.1584983,255.0,255.0
1734907672.1594872,255.0,255.0
1734907672.1598372,255.0,255.0
1734907672.1611118,255.0,255.0
1734907672.1614041,255.0,255.0
1734907672.1625936,255.0,255.0
1734907672.162844,255.0,255.0
1734907672.1642392,255.0,255.0
1734907672.1645765,255.0,255.0
1734907672.1657581,255.0,255.0
1734907672.1658912,255.0,255.0
1734907672.1681528,255.0,255.0
1734907672.1682096,255.0,255.0
1734907672.169708,255.0,255.0
1734907672.1697395,255.0,255.0
1734907672.171028,255.0,255.0
1734907672.1713102,255.0,255.0
1734907672.172186,255.0,255.0
1734907672.1724308,255.0,255.0
1734907672.1741023,255.0,255.0
1734907672.174262,255.0,255.0
1734907672.1753843,255.0,255.0
1734907672.1758244,255.0,255.0
1734907672.1767223,255.0,255.0
1734907672.1767921,255.0,255.0
1734907672.1788797,255.0,255.0
1734907672.1790717,255.0,255.0
1734907672.1800272,255.0,255.0
1734907672.1801825,255.0,255.0
1734907672.1817393,255.0,255.0
1734907672.181776,255.0,255.0
1734907672.182902,255.0,255.0
1734907672.1832402,255.0,255.0
1734907672.1844118,255.0,255.0
1734907672.1846204,255.0,255.0
1734907672.186052,255.0,255.0
1734907672.1861382,255.0,255.0
1734907672.1875637,255.0,255.0
1734907672.1878686,255.0,255.0
1734907672.188924,255.0,255.0
1734907672.1890118,255.0,255.0
1734907672.1904283,255.0,255.0
1734907672.1905787,255.0,255.0
1734907672.1914642,255.0,255.0
1734907672.1915843,255.0,255.0
1734907672.1929488,255.0,255.0
1734907672.1933053,255.0,255.0
1734907672.1946957,255.0,255.0
1734907672.1948123,255.0,255.0
1734907672.1964314,255.0,255.0
1734907672.1964707,255.0,255.0
1734907672.1978304,255.0,255.0
1734907672.1978698,255.0,255.0
1734907672.199442,255.0,255.0
1734907672.1996663,255.0,255.0
1734907672.2005508,255.0,255.0
1734907672.2005866,255.0,255.0
1734907672.2019577,255.0,255.0
1734907672.202346,255.0,255.0
1734907672.2034807,255.0,255.0
1734907672.203618,255.0,255.0
1734907672.2048395,255.0,255.0
1734907672.2048888,255.0,255.0
1734907672.2061296,255.0,255.0
1734907672.2065353,255.0,255.0
1734907672.2074018,255.0,255.0
1734907672.2076602,255.0,255.0
1734907672.2090378,255.0,255.0
1734907672.2090652,255.0,255.0
1734907672.210555,255.0,255.0
1734907672.211672,255.0,255.0
1734907672.2122505,255.0,255.0
1734907672.213859,255.0,255.0
1734907672.2140453,255.0,255.0
1734907672.2150075,255.0,255.0
1734907672.2153075,255.0,255.0
1734907672.216671,255.0,255.0
1734907672.2167842,255.0,255.0
1734907672.2190454,255.0,255.0
1734907672.2192347,255.0,255.0
1734907672.2206256,255.0,255.0
1734907672.2206545,255.0,255.0
1734907672.2217774,255.0,255.0
1734907672.2220912,255.0,255.0
1734907672.2234852,255.0,255.0
1734907672.2237642,255.0,255.0
1734907672.2248116,255.0,255.0
1734907672.2250543,255.0,255.0
1734907672.226212,255.0,255.0
1734907672.2262344,255.0,255.0
1734907672.2275991,255.0,255.0
1734907672.2276602,255.0,255.0
1734907672.2292166,255.0,255.0
1734907672.229275,255.0,255.0
1734907672.2308176,255.0,255.0
1734907672.2308593,255.0,255.0
1734907672.2326608,255.0,255.0
1734907672.232738,255.0,255.0
1734907672.2339637,255.0,255.0
1734907672.2340748,255.0,255.0
1734907672.2352753,255.0,255.0
1734907672.2353005,255.0,255.0
1734907672.2366574,255.0,255.0
1734907672.2369778,255.0,255.0
1734907672.2380242,255.0,255.0
1734907672.2381842,255.0,255.0
1734907672.2392948,255.0,255.0
1734907672.2393196,255.0,255.0
1734907672.2406785,255.0,255.0
1734907672.240758,255.0,255.0
1734907672.2422194,255.0,255.0
1734907672.2423193,255.0,255.0
1734907672.2439759,255.0,255.0
1734907672.244009,255.0,255.0
1734907672.2451892,255.0,255.0
1734907672.245483,255.0,255.0
1734907672.2477858,255.0,255.0
1734907672.2479496,255.0,255.0
1734907672.2491648,255.0,255.0
1734907672.2493649,255.0,255.0
1734907672.250777,255.0,255.0
1734907672.2508104,255.0,255.0
1734907672.2523317,255.0,255.0
1734907672.2526135,255.0,255.0
1734907672.253502,255.0,255.0
1734907672.2535274,255.0,255.0
1734907672.254845,255.0,255.0
1734907672.2550952,255.0,255.0
1734907672.256407,255.0,255.0
1734907672.256698,255.0,255.0
1734907672.2576134,255.0,255.0
1734907672.2576997,255.0,255.0
1734907672.258899,255.0,255.0
1734907672.2589235,255.0,255.0
1734907672.2606554,255.0,255.0
1734907672.2607448,255.0,255.0
1734907672.2625694,255.0,255.0
1734907672.2626317,255.0,255.0
1734907672.263549,255.0,255.0
1734907672.263897,255.0,255.0
1734907672.2650416,255.0,255.0
1734907672.2652478,255.0,255.0
1734907672.2666154,255.0,255.0
1734907672.2666986,255.0,255.0
1734907672.267842,255.0,255.0
1734907672.2680357,255.0,255.0
1734907672.2692478,255.0,255.0
1734907672.269399,255.0,255.0
1734907672.270808,255.0,255.0
1734907672.2709687,255.0,255.0
1734907672.272014,255.0,255.0
1734907672.2720876,255.0,255.0
1734907672.2736287,255.0,255.0
1734907672.2742453,255.0,255.0
1734907672.2752054,255.0,255.0
1734907672.2753885,255.0,255.0
1734907672.2763739,255.0,255.0
1734907672.2767427,255.0,255.0
1734907672.2781692,255.0,255.0
1734907672.2782319,255.0,255.0
1734907672.2795513,255.0,255.0
1734907672.2797868,255.0,255.0
1734907672.2809207,255.0,255.0
1734907672.2812355,255.0,255.0
1734907672.2825139,255.0,255.0
1734907672.2825577,255.0,255.0
1734907672.2837465,255.0,255.0
1734907672.2840872,255.0,255.0
1734907672.2855935,255.0,255.0
1734907672.285913,255.0,255.0
1734907672.2869744,255.0,255.0
1734907672.2871137,255.0,255.0
1734907672.288167,255.0,255.0
1734907672.2883692,255.0,255.0
1734907672.289846,255.0,255.0
1734907672.289868,255.0,255.0
1734907672.2910542,255.0,255.0
1734907672.2910724,255.0,255.0
1734907672.2925448,255.0,255.0
1734907672.2925973,255.0,255.0
1734907672.2939484,255.0,255.0
1734907672.2942116,255.0,255.0
1734907672.2955935,255.0,255.0
1734907672.295736,255.0,255.0
1734907672.2969959,255.0,255.0
1734907672.2970903,255.0,255.0
1734907672.2985234,255.0,255.0
1734907672.2986722,255.0,255.0
1734907672.3000605,255.0,255.0
1734907672.3001583,255.0,255.0
1734907672.3014808,255.0,255.0
1734907672.3024924,255.0,255.0
1734907672.3028126,255.0,255.0
1734907672.3035321,255.0,255.0
1734907672.304603,255.0,255.0
1734907672.3046987,255.0,255.0
1734907672.3054638,255.0,255.0
1734907672.3056085,255.0,255.0
1734907672.306845,255.0,255.0
1734907672.3071299,255.0,255.0
1734907672.3086808,255.0,255.0
1734907672.308846,255.0,255.0
1734907672.3102746,255.0,255.0
1734907672.310303,255.0,255.0
1734907672.3115063,255.0,255.0
1734907672.3118193,255.0,255.0
1734907672.312858,255.0,255.0
1734907672.3131278,255.0,255.0
1734907672.3156064,255.0,255.0
1734907672.3156602,255.0,255.0
1734907672.3167503,255.0,255.0
1734907672.3169718,255.0,255.0
1734907672.3180528,255.0,255.0
1734907672.318266,255.0,255.0
1734907672.3196752,255.0,255.0
1734907672.3198626,255.0,255.0
1734907672.321092,255.0,255.0
1734907672.3212137,255.0,255.0
1734907672.3224974,255.0,255.0
1734907672.322525,255.0,255.0
1734907672.3237336,255.0,255.0
1734907672.3238673,255.0,255.0
1734907672.3255916,255.0,255.0
1734907672.325621,255.0,255.0
1734907672.3269937,255.0,255.0
1734907672.327018,255.0,255.0
1734907672.3284743,255.0,255.0
1734907672.3285396,255.0,255.0
1734907672.3297253,255.0,255.0
1734907672.3297462,255.0,255.0
1734907672.3308027,255.0,255.0
1734907672.3310757,255.0,255.0
1734907672.3324401,255.0,255.0
1734907672.3325381,255.0,255.0
1734907672.3336034,255.0,255.0
1734907672.3338451,255.0,255.0
1734907672.335132,255.0,255.0
1734907672.3352199,255.0,255.0
1734907672.3366106,255.0,255.0
1734907672.3367116,255.0,255.0
1734907672.3382573,255.0,255.0
1734907672.3383183,255.0,255.0
1734907672.3395958,255.0,255.0
1734907672.3397052,255.0,255.0
1734907672.3413923,255.0,255.0
1734907672.3416197,255.0,255.0
1734907672.3433886,255.0,255.0
1734907672.3435507,255.0,255.0
1734907672.345028,255.0,255.0
1734907672.345048,255.0,255.0
1734907672.3464391,255.0,255.0
1734907672.3464627,255.0,255.0
1734907672.347792,255.0,255.0
1734907672.3480792,255.0,255.0
1734907672.349536,255.0,255.0
1734907672.3495498,255.0,255.0
1734907672.350753,255.0,255.0
1734907672.350857,255.0,255.0
1734907672.3519678,255.0,255.0
1734907672.3522592,255.0,255.0
1734907672.3537211,255.0,255.0
1734907672.3538911,255.0,255.0
1734907672.3552055,255.0,255.0
1734907672.3552349,255.0,255.0
1734907672.3563876,255.0,255.0
1734907672.3564265,255.0,255.0
1734907672.3585994,255.0,255.0
1734907672.3598318,255.0,255.0
1734907672.3608747,255.0,255.0
1734907672.3610935,255.0,255.0
1734907672.3616924,255.0,255.0
1734907672.3630197,255.0,255.0
1734907672.3630526,255.0,255.0
1734907672.3640478,255.0,255.0
1734907672.36427,255.0,255.0
1734907672.366457,255.0,255.0
1734907672.366474,255.0,255.0
1734907672.367694,255.0,255.0
1734907672.367876,255.0,255.0
1734907672.3692398,255.0,255.0
1734907672.369266,255.0,255.0
1734907672.3710427,255.0,255.0
1734907672.3710763,255.0,255.0
1734907672.3728752,255.0,255.0
1734907672.3731906,255.0,255.0
1734907672.3742871,255.0,255.0
1734907672.3743298,255.0,255.0
1734907672.3755133,255.0,255.0
1734907672.375799,255.0,255.0
1734907672.3771193,255.0,255.0
1734907672.3772576,255.0,255.0
1734907672.3782265,255.0,255.0
1734907672.3783028,255.0,255.0
1734907672.379978,255.0,255.0
1734907672.3799982,255.0,255.0
1734907672.38125,255.0,255.0
1734907672.381359,255.0,255.0
1734907672.3831193,255.0,255.0
1734907672.383313,255.0,255.0
1734907672.384488,255.0,255.0
1734907672.384911,255.0,255.0
1734907672.385975,255.0,255.0
1734907672.3860013,255.0,255.0
1734907672.3874805,255.0,255.0
1734907672.3879645,255.0,255.0
1734907672.388708,255.0,255.0
1734907672.389223,255.0,255.0
1734907672.3900247,255.0,255.0
1734907672.3902574,255.0,255.0
1734907672.3912148,255.0,255.0
1734907672.3912387,255.0,255.0
1734907672.3932033,255.0,255.0
1734907672.3932421,255.0,255.0
1734907672.3943946,255.0,255.0
1734907672.3944583,255.0,255.0
1734907672.3958783,255.0,255.0
1734907672.3960378,255.0,255.0
1734907672.3972592,255.0,255.0
1734907672.397325,255.0,255.0
1734907672.3986218,255.0,255.0
1734907672.3987787,255.0,255.0
1734907672.3999104,255.0,255.0
1734907672.4000757,255.0,255.0
1734907672.401456,255.0,255.0
1734907672.4018035,255.0,255.0
1734907672.40357,255.0,255.0
1734907672.4035933,255.0,255.0
1734907672.404753,255.0,255.0
1734907672.4048517,255.0,255.0
1734907672.4060829,255.0,255.0
1734907672.4062288,255.0,255.0
1734907672.4073632,255.0,255.0
1734907672.4074135,255.0,255.0
1734907672.409027,255.0,255.0
1734907672.4090595,255.0,255.0
1734907672.4102106,255.0,255.0
1734907672.41109,255.0,255.0
1734907672.4118452,255.0,255.0
1734907672.4121685,255.0,255.0
1734907672.4133804,255.0,255.0
1734907672.4140513,255.0,255.0
1734907672.4159772,255.0,255.0
1734907672.415992,255.0,255.0
1734907672.4168642,255.0,255.0
1734907672.4171,255.0,255.0
1734907672.418486,255.0,255.0
1734907672.4185164,255.0,255.0
1734907672.4200308,255.0,255.0
1734907672.4201386,255.0,255.0
1734907672.4211466,255.0,255.0
1734907672.4211988,255.0,255.0
1734907672.4225633,255.0,255.0
1734907672.4226236,255.0,255.0
1734907672.4239898,255.0,255.0
1734907672.4240146,255.0,255.0
1734907672.4258833,255.0,255.0
1734907672.4259458,255.0,255.0
1734907672.4272456,255.0,255.0
1734907672.4273584,255.0,255.0
1734907672.428511,255.0,255.0
1734907672.4287364,255.0,255.0
1734907672.4300296,255.0,255.0
1734907672.43007,255.0,255.0
1734907672.4312856,255.0,255.0
1734907672.4313195,255.0,255.0
1734907672.4327264,255.0,255.0
1734907672.4328136,255.0,255.0
1734907672.4340427,255.0,255.0
1734907672.4342282,255.0,255.0
1734907672.4358954,255.0,255.0
1734907672.435937,255.0,255.0
1734907672.4373543,255.0,255.0
1734907672.4374418,255.0,255.0
1734907672.4387429,255.0,255.0
1734907672.438763,255.0,255.0
1734907672.4409382,255.0,255.0
1734907672.4411426,255.0,255.0
1734907672.442654,255.0,255.0
1734907672.4426856,255.0,255.0
1734907672.4437625,255.0,255.0
1734907672.443887,255.0,255.0
1734907672.4456015,255.0,255.0
1734907672.4456394,255.0,255.0
1734907672.446872,255.0,255.0
1734907672.4468958,255.0,255.0
1734907672.4483006,255.0,255.0
1734907672.4484239,255.0,255.0
1734907672.4495368,255.0,255.0
1734907672.4495804,255.0,255.0
1734907672.4506934,255.0,255.0
1734907672.4508176,255.0,255.0
1734907672.4522223,255.0,255.0
1734907672.4522889,255.0,255.0
1734907672.4536998,255.0,255.0
1734907672.4537807,255.0,255.0
1734907672.4548633,255.0,255.0
1734907672.4550078,255.0,255.0
1734907672.456206,255.0,255.0
1734907672.456388,255.0,255.0
1734907672.4581957,255.0,255.0
1734907672.4582152,255.0,255.0
1734907672.4594681,255.0,255.0
1734907672.4595249,255.0,255.0
1734907672.4609582,255.0,255.0
1734907672.4609993,255.0,255.0
1734907672.462304,255.0,255.0
1734907672.4624853,255.0,255.0
1734907672.464526,255.0,255.0
1734907672.4645624,255.0,255.0
1734907672.4659765,255.0,255.0
1734907672.4660015,255.0,255.0
1734907672.4672837,255.0,255.0
1734907672.4676795,255.0,255.0
1734907672.4691594,255.0,255.0
1734907672.4691973,255.0,255.0
1734907672.4704404,255.0,255.0
1734907672.470604,255.0,255.0
1734907672.4718862,255.0,255.0
1734907672.472003,255.0,255.0
1734907672.4733415,255.0,255.0
1734907672.473487,255.0,255.0
1734907672.4747686,255.0,255.0
1734907672.474903,255.0,255.0
1734907672.4764616,255.0,255.0
1734907672.476634,255.0,255.0
1734907672.4781153,255.0,255.0
1734907672.4781501,255.0,255.0
1734907672.4797342,255.0,255.0
1734907672.47991,255.0,255.0
1734907672.4809887,255.0,255.0
1734907672.4810772,255.0,255.0
1734907672.4820578,255.0,255.0
1734907672.4826038,255.0,255.0
1734907672.483427,255.0,255.0
1734907672.4840205,255.0,255.0
1734907672.4849124,255.0,255.0
1734907672.4849417,255.0,255.0
1734907672.486646,255.0,255.0
1734907672.486815,255.0,255.0
1734907672.488094,255.0,255.0
1734907672.4882379,255.0,255.0
1734907672.4893608,255.0,255.0
1734907672.4895227,255.0,255.0
1734907672.4906368,255.0,255.0
1734907672.4906607,255.0,255.0
1734907672.4925504,255.0,255.0
1734907672.4926436,255.0,255.0
1734907672.4938822,255.0,255.0
1734907672.494322,255.0,255.0
1734907672.4952292,255.0,255.0
1734907672.4952583,255.0,255.0
1734907672.4970582,255.0,255.0
1734907672.4970956,255.0,255.0
1734907672.4983823,255.0,255.0
1734907672.4991493,255.0,255.0
1734907672.4998446,255.0,255.0
1734907672.5004516,255.0,255.0
1734907672.5016167,255.0,255.0
1734907672.502252,255.0,255.0
1734907672.5030174,255.0,255.0
1734907672.503695,255.0,255.0
1734907672.5046103,255.0,255.0
1734907672.5048525,255.0,255.0
1734907672.5055313,255.0,255.0
1734907672.5056782,255.0,255.0
1734907672.5070443,255.0,255.0
1734907672.5072253,255.0,255.0
1734907672.508956,255.0,255.0
1734907672.5092483,255.0,255.0
1734907672.5101156,255.0,255.0
1734907672.510636,255.0,255.0
1734907672.512059,255.0,255.0
1734907672.512282,255.0,255.0
1734907672.514187,255.0,255.0
1734907672.5142405,255.0,255.0
1734907672.5155582,255.0,255.0
1734907672.5157065,255.0,255.0
1734907672.5168445,255.0,255.0
1734907672.5168612,255.0,255.0
1734907672.5181825,255.0,255.0
1734907672.5181994,255.0,255.0
1734907672.5197992,255.0,255.0
1734907672.5199559,255.0,255.0
1734907672.521008,255.0,255.0
1734907672.521232,255.0,255.0
1734907672.522565,255.0,255.0
1734907672.5225868,255.0,255.0
1734907672.5239058,255.0,255.0
1734907672.5241213,255.0,255.0
1734907672.5256355,255.0,255.0
1734907672.525721,255.0,255.0
1734907672.527015,255.0,255.0
1734907672.5270584,255.0,255.0
1734907672.5283709,255.0,255.0
1734907672.5283973,255.0,255.0
1734907672.5299482,255.0,255.0
1734907672.5300436,255.0,255.0
1734907672.531,255.0,255.0
1734907672.5311007,255.0,255.0
1734907672.533023,255.0,255.0
1734907672.5331988,255.0,255.0
1734907672.534654,255.0,255.0
1734907672.5346863,255.0,255.0
1734907672.535895,255.0,255.0
1734907672.53593,255.0,255.0
1734907672.5387661,255.0,255.0
1734907672.5388231,255.0,255.0
1734907672.5398505,255.0,255.0
1734907672.5401993,255.0,255.0
1734907672.5416715,255.0,255.0
1734907672.5417182,255.0,255.0
1734907672.5433214,255.0,255.0
1734907672.5434482,255.0,255.0
1734907672.544658,255.0,255.0
1734907672.544749,255.0,255.0
1734907672.54599,255.0,255.0
1734907672.546127,255.0,255.0
1734907672.5473468,255.0,255.0
1734907672.547453,255.0,255.0
1734907672.5484383,255.0,255.0
1734907672.548695,255.0,255.0
1734907672.5499237,255.0,255.0
1734907672.549937,255.0,255.0
1734907672.5512638,255.0,255.0
1734907672.5513513,255.0,255.0
1734907672.552762,255.0,255.0
1734907672.552927,255.0,255.0
1734907672.5543442,255.0,255.0
1734907672.5545812,255.0,255.0
1734907672.5557444,255.0,255.0
1734907672.5557935,255.0,255.0
1734907672.5570471,255.0,255.0
1734907672.5571148,255.0,255.0
1734907672.5586526,255.0,255.0
1734907672.5587244,255.0,255.0
1734907672.5600715,255.0,255.0
1734907672.5604422,255.0,255.0
1734907672.5616467,255.0,255.0
1734907672.5618765,255.0,255.0
1734907672.562827,255.0,255.0
1734907672.563628,255.0,255.0
1734907672.5648322,255.0,255.0
1734907672.5655994,255.0,255.0
1734907672.5660155,255.0,255.0
1734907672.5673418,255.0,255.0
1734907672.567777,255.0,255.0
1734907672.5687346,255.0,255.0
1734907672.569751,255.0,255.0
1734907672.5697901,255.0,255.0
1734907672.5714111,255.0,255.0
1734907672.571552,255.0,255.0
1734907672.5729592,255.0,255.0
1734907672.573136,255.0,255.0
1734907672.574117,255.0,255.0
1734907672.5742216,255.0,255.0
1734907672.5751517,255.0,255.0
1734907672.5753193,255.0,255.0
1734907672.5762491,255.0,255.0
1734907672.5764825,255.0,255.0
1734907672.5778277,255.0,255.0
1734907672.5780873,255.0,255.0
1734907672.579356,255.0,255.0
1734907672.5795422,255.0,255.0
1734907672.5811043,255.0,255.0
1734907672.5813866,255.0,255.0
1734907672.582584,255.0,255.0
1734907672.5832505,255.0,255.0
1734907672.5845132,255.0,255.0
1734907672.5847104,255.0,255.0
1734907672.5859594,255.0,255.0
1734907672.586044,255.0,255.0
1734907672.5877628,255.0,255.0
1734907672.5878694,255.0,255.0
1734907672.58916,255.0,255.0
1734907672.5892477,255.0,255.0
1734907672.5906599,255.0,255.0
1734907672.5907648,255.0,255.0
1734907672.5921469,255.0,255.0
1734907672.5922697,255.0,255.0
1734907672.5935514,255.0,255.0
1734907672.59389,255.0,255.0
1734907672.595276,255.0,255.0
1734907672.595344,255.0,255.0
1734907672.5968187,255.0,255.0
1734907672.5968416,255.0,255.0
1734907672.598661,255.0,255.0
1734907672.5998585,255.0,255.0
1734907672.5998871,255.0,255.0
1734907672.601134,255.0,255.0
1734907672.6015785,255.0,255.0
1734907672.60244,255.0,255.0
1734907672.6034544,255.0,255.0
1734907672.6037312,255.0,255.0
1734907672.6048281,255.0,255.0
1734907672.6049905,255.0,255.0
1734907672.6059902,255.0,255.0
1734907672.606126,255.0,255.0
1734907672.6083317,255.0,255.0
1734907672.6088157,255.0,255.0
1734907672.6099038,255.0,255.0
1734907672.6112351,255.0,255.0
1734907672.6116679,255.0,255.0
1734907672.6121101,255.0,255.0
1734907672.612915,255.0,255.0
1734907672.6129675,255.0,255.0
1734907672.614547,255.0,255.0
1734907672.6146715,255.0,255.0
1734907672.615787,255.0,255.0
1734907672.6162722,255.0,255.0
1734907672.6172743,255.0,255.0
1734907672.6174192,255.0,255.0
1734907672.6187284,255.0,255.0
1734907672.6190612,255.0,255.0
1734907672.620135,255.0,255.0
1734907672.6203048,255.0,255.0
1734907672.6214,255.0,255.0
1734907672.6214318,255.0,255.0
1734907672.622988,255.0,255.0
1734907672.6230066,255.0,255.0
1734907672.6242843,255.0,255.0
1734907672.624422,255.0,255.0
1734907672.6256578,255.0,255.0
1734907672.6256871,255.0,255.0
1734907672.627385,255.0,255.0
1734907672.627574,255.0,255.0
1734907672.6287446,255.0,255.0
1734907672.6288419,255.0,255.0
1734907672.6303,255.0,255.0
1734907672.630389,255.0,255.0
1734907672.6321075,255.0,255.0
1734907672.6321409,255.0,255.0
1734907672.633516,255.0,255.0
1734907672.6335511,255.0,255.0
1734907672.634712,255.0,255.0
1734907672.6352804,255.0,255.0
1734907672.6363246,255.0,255.0
1734907672.6364129,255.0,255.0
1734907672.6376116,255.0,255.0
1734907672.6378574,255.0,255.0
1734907672.6388075,255.0,255.0
1734907672.6389408,255.0,255.0
1734907672.6402314,255.0,255.0
1734907672.6403317,255.0,255.0
1734907672.6415417,255.0,255.0
1734907672.6417115,255.0,255.0
1734907672.6432867,255.0,255.0
1734907672.6433747,255.0,255.0
1734907672.6448112,255.0,255.0
1734907672.6448908,255.0,255.0
1734907672.6461887,255.0,255.0
1734907672.6462924,255.0,255.0
1734907672.6477485,255.0,255.0
1734907672.6477883,255.0,255.0
1734907672.6492403,255.0,255.0
1734907672.649292,255.0,255.0
1734907672.6502397,255.0,255.0
1734907672.6503038,255.0,255.0
1734907672.6520336,255.0,255.0
1734907672.6524858,255.0,255.0
1734907672.653373,255.0,255.0
1734907672.6533942,255.0,255.0
1734907672.6547196,255.0,255.0
1734907672.6547794,255.0,255.0
1734907672.6560047,255.0,255.0
1734907672.6561782,255.0,255.0
1734907672.6574419,255.0,255.0
1734907672.657708,255.0,255.0
1734907672.6590893,255.0,255.0
1734907672.6594763,255.0,255.0
1734907672.6610646,255.0,255.0
1734907672.661368,255.0,255.0
1734907672.6625803,255.0,255.0
1734907672.6628194,255.0,255.0
1734907672.6640146,255.0,255.0
1734907672.6641717,255.0,255.0
1734907672.6654248,255.0,255.0
1734907672.6655126,255.0,255.0
1734907672.6666224,255.0,255.0
1734907672.6684246,255.0,255.0
1734907672.669291,255.0,255.0
1734907672.6697483,255.0,255.0
1734907672.6704068,255.0,255.0
1734907672.6714344,255.0,255.0
1734907672.6716201,255.0,255.0
1734907672.6727896,255.0,255.0
1734907672.6728144,255.0,255.0
1734907672.6739814,255.0,255.0
1734907672.674026,255.0,255.0
1734907672.675188,255.0,255.0
1734907672.6752524,255.0,255.0
1734907672.6766932,255.0,255.0
1734907672.67683,255.0,255.0
1734907672.6781576,255.0,255.0
1734907672.6783435,255.0,255.0
1734907672.680022,255.0,255.0
1734907672.6800332,255.0,255.0
1734907672.6821337,255.0,255.0
1734907672.6822777,255.0,255.0
1734907672.68366,255.0,255.0
1734907672.683926,255.0,255.0
1734907672.6849267,255.0,255.0
1734907672.6851242,255.0,255.0
1734907672.6866748,255.0,255.0
1734907672.6867378,255.0,255.0
1734907672.6880877,255.0,255.0
1734907672.6882143,255.0,255.0
1734907672.6892495,255.0,255.0
1734907672.689604,255.0,255.0
1734907672.6906621,255.0,255.0
1734907672.6907632,255.0,255.0
1734907672.6926723,255.0,255.0
1734907672.6927092,255.0,255.0
1734907672.6948004,255.0,255.0
1734907672.6948862,255.0,255.0
1734907672.696473,255.0,255.0
1734907672.6973934,255.0,255.0
1734907672.69919,255.0,255.0
1734907672.699813,255.0,255.0
1734907672.7004533,255.0,255.0
1734907672.7012594,255.0,255.0
1734907672.7019148,255.0,255.0
1734907672.7034466,255.0,255.0
1734907672.7034624,255.0,255.0
1734907672.7043054,255.0,255.0
1734907672.704697,255.0,255.0
1734907672.7060483,255.0,255.0
1734907672.7060843,255.0,255.0
1734907672.7073863,255.0,255.0
1734907672.707438,255.0,255.0
1734907672.7087917,255.0,255.0
1734907672.7088332,255.0,255.0
1734907672.7103484,255.0,255.0
1734907672.7103705,255.0,255.0
1734907672.7120123,255.0,255.0
1734907672.7120473,255.0,255.0
1734907672.7135184,255.0,255.0
1734907672.7135482,255.0,255.0
1734907672.7149744,255.0,255.0
1734907672.715001,255.0,255.0
1734907672.7163265,255.0,255.0
1734907672.7166984,255.0,255.0
1734907672.7176795,255.0,255.0
1734907672.7179134,255.0,255.0
1734907672.7192411,255.0,255.0
1734907672.7192736,255.0,255.0
1734907672.7206862,255.0,255.0
1734907672.7207153,255.0,255.0
1734907672.722049,255.0,255.0
1734907672.7226741,255.0,255.0
1734907672.724075,255.0,255.0
1734907672.7245357,255.0,255.0
1734907672.7262964,255.0,255.0
1734907672.726757,255.0,255.0
1734907672.728173,255.0,255.0
1734907672.7282374,255.0,255.0
1734907672.7292812,255.0,255.0
1734907672.7298908,255.0,255.0
1734907672.7305894,255.0,255.0
1734907672.7308652,255.0,255.0
1734907672.7318976,255.0,255.0
1734907672.7319849,255.0,255.0
1734907672.7328799,255.0,255.0
1734907672.7329452,255.0,255.0
1734907672.7342093,255.0,255.0
1734907672.7344375,255.0,255.0
1734907672.7360191,255.0,255.0
1734907672.7366118,255.0,255.0
1734907672.7375865,255.0,255.0
1734907672.7381399,255.0,255.0
1734907672.738992,255.0,255.0
1734907672.7394829,255.0,255.0
1734907672.7402442,255.0,255.0
1734907672.7403667,255.0,255.0
1734907672.741565,255.0,255.0
1734907672.7417355,255.0,255.0
1734907672.74337,255.0,255.0
1734907672.7434094,255.0,255.0
1734907672.7445922,255.0,255.0
1734907672.744707,255.0,255.0
1734907672.7461164,255.0,255.0
1734907672.7461483,255.0,255.0
1734907672.7473593,255.0,255.0
1734907672.747385,255.0,255.0
1734907672.7486465,255.0,255.0
1734907672.748746,255.0,255.0
1734907672.749853,255.0,255.0
1734907672.7500496,255.0,255.0
1734907672.751459,255.0,255.0
1734907672.7516088,255.0,255.0
1734907672.7534196,255.0,255.0
1734907672.7535248,255.0,255.0
1734907672.754945,255.0,255.0
1734907672.7551055,255.0,255.0
1734907672.7563722,255.0,255.0
1734907672.7564914,255.0,255.0
1734907672.7579813,255.0,255.0
1734907672.7580125,255.0,255.0
1734907672.7591562,255.0,255.0
1734907672.7591848,255.0,255.0
1734907672.7608602,255.0,255.0
1734907672.7613294,255.0,255.0
1734907672.7623663,255.0,255.0
1734907672.7630596,255.0,255.0
1734907672.7638865,255.0,255.0
1734907672.764067,255.0,255.0
1734907672.7649906,255.0,255.0
1734907672.7652397,255.0,255.0
1734907672.7668343,255.0,255.0
1734907672.766927,255.0,255.0
1734907672.768124,255.0,255.0
1734907672.7681456,255.0,255.0
1734907672.7696104,255.0,255.0
1734907672.7697644,255.0,255.0
1734907672.7708716,255.0,255.0
1734907672.7708852,255.0,255.0
1734907672.771999,255.0,255.0
1734907672.7720995,255.0,255.0
1734907672.7740073,255.0,255.0
1734907672.7741537,255.0,255.0
1734907672.7751756,255.0,255.0
1734907672.7758408,255.0,255.0
1734907672.7766695,255.0,255.0
1734907672.7767541,255.0,255.0
1734907672.7790663,255.0,255.0
1734907672.7792869,255.0,255.0
1734907672.7804506,255.0,255.0
1734907672.7805157,255.0,255.0
1734907672.7817056,255.0,255.0
1734907672.782496,255.0,255.0
1734907672.7830455,255.0,255.0
1734907672.783175,255.0,255.0
1734907672.7846158,255.0,255.0
1734907672.7849007,255.0,255.0
1734907672.7860227,255.0,255.0
1734907672.7865286,255.0,255.0
1734907672.7878757,255.0,255.0
1734907672.787909,255.0,255.0
1734907672.78945,255.0,255.0
1734907672.7896287,255.0,255.0
1734907672.7910414,255.0,255.0
1734907672.7910676,255.0,255.0
1734907672.792329,255.0,255.0
1734907672.7926056,255.0,255.0
1734907672.7937472,255.0,255.0
1734907672.7938194,255.0,255.0
1734907672.795337,255.0,255.0
1734907672.7957213,255.0,255.0
1734907672.7967508,255.0,255.0
1734907672.7969987,255.0,255.0
1734907672.798165,255.0,255.0
1734907672.7982292,255.0,255.0
1734907672.799705,255.0,255.0
1734907672.7998433,255.0,255.0
1734907672.8010535,255.0,255.0
1734907672.8012097,255.0,255.0
1734907672.8024142,255.0,255.0
1734907672.8024738,255.0,255.0
1734907672.8048975,255.0,255.0
1734907672.804933,255.0,255.0
1734907672.8061159,255.0,255.0
1734907672.8062844,255.0,255.0
1734907672.80768,255.0,255.0
1734907672.8079293,255.0,255.0
1734907672.8089526,255.0,255.0
1734907672.8092859,255.0,255.0
1734907672.8108757,255.0,255.0
1734907672.8108985,255.0,255.0
1734907672.812109,255.0,255.0
1734907672.8121815,255.0,255.0
1734907672.813292,255.0,255.0
1734907672.813464,255.0,255.0
1734907672.8146298,255.0,255.0
1734907672.8146741,255.0,255.0
1734907672.8161702,255.0,255.0
1734907672.8163176,255.0,255.0
1734907672.8174574,255.0,255.0
1734907672.8175848,255.0,255.0
1734907672.8190446,255.0,255.0
1734907672.8192704,255.0,255.0
1734907672.8207881,255.0,255.0
1734907672.82128,255.0,255.0
1734907672.8224788,255.0,255.0
1734907672.8225703,255.0,255.0
1734907672.8235579,255.0,255.0
1734907672.8237612,255.0,255.0
1734907672.825002,255.0,255.0
1734907672.8251014,255.0,255.0
1734907672.8262835,255.0,255.0
1734907672.826487,255.0,255.0
1734907672.8289135,255.0,255.0
1734907672.8289557,255.0,255.0
1734907672.8302872,255.0,255.0
1734907672.8309011,255.0,255.0
1734907672.8320248,255.0,255.0
1734907672.8320904,255.0,255.0
1734907672.83307,255.0,255.0
1734907672.83332,255.0,255.0
1734907672.8342795,255.0,255.0
1734907672.8346605,255.0,255.0
1734907672.8360996,255.0,255.0
1734907672.8363805,255.0,255.0
1734907672.8374543,255.0,255.0
1734907672.8376348,255.0,255.0
1734907672.8386147,255.0,255.0
1734907672.838853,255.0,255.0
1734907672.8402743,255.0,255.0
1734907672.8404808,255.0,255.0
1734907672.841681,255.0,255.0
1734907672.8418598,255.0,255.0
1734907672.8432913,255.0,255.0
1734907672.8437529,255.0,255.0
1734907672.8449254,255.0,255.0
1734907672.8454325,255.0,255.0
1734907672.8462048,255.0,255.0
1734907672.8463526,255.0,255.0
1734907672.8476272,255.0,255.0
1734907672.8476777,255.0,255.0
1734907672.848947,255.0,255.0
1734907672.8490746,255.0,255.0
1734907672.850399,255.0,255.0
1734907672.850542,255.0,255.0
1734907672.8518794,255.0,255.0
1734907672.8520253,255.0,255.0
1734907672.8539102,255.0,255.0
1734907672.8540127,255.0,255.0
1734907672.8562584,255.0,255.0
1734907672.856607,255.0,255.0
1734907672.8577633,255.0,255.0
1734907672.859168,255.0,255.0
1734907672.8591938,255.0,255.0
1734907672.860443,255.0,255.0
1734907672.8607242,255.0,255.0
1734907672.8615515,255.0,255.0
1734907672.8624246,255.0,255.0
1734907672.8637154,255.0,255.0
1734907672.864563,255.0,255.0
1734907672.8652465,255.0,255.0
1734907672.865597,255.0,255.0
1734907672.8666682,255.0,255.0
1734907672.866688,255.0,255.0
1734907672.8679678,255.0,255.0
1734907672.868133,255.0,255.0
1734907672.8693545,255.0,255.0
1734907672.8694468,255.0,255.0
1734907672.8712506,255.0,255.0
1734907672.8712807,255.0,255.0
1734907672.872276,255.0,255.0
1734907672.87242,255.0,255.0
1734907672.8737178,255.0,255.0
1734907672.8740668,255.0,255.0
1734907672.8753822,255.0,255.0
1734907672.8754227,255.0,255.0
1734907672.8769295,255.0,255.0
1734907672.877157,255.0,255.0
1734907672.8786108,255.0,255.0
1734907672.878692,255.0,255.0
1734907672.8801525,255.0,255.0
1734907672.8801758,255.0,255.0
1734907672.8811488,255.0,255.0
1734907672.8813293,255.0,255.0
1734907672.8827143,255.0,255.0
1734907672.8827677,255.0,255.0
1734907672.8843856,255.0,255.0
1734907672.8844218,255.0,255.0
1734907672.8857923,255.0,255.0
1734907672.885821,255.0,255.0
1734907672.8870442,255.0,255.0
1734907672.8872461,255.0,255.0
1734907672.8887022,255.0,255.0
1734907672.8888052,255.0,255.0
1734907672.8902779,255.0,255.0
1734907672.8906775,255.0,255.0
1734907672.891687,255.0,255.0
1734907672.891863,255.0,255.0
1734907672.8930144,255.0,255.0
1734907672.8932078,255.0,255.0
1734907672.8947363,255.0,255.0
1734907672.894831,255.0,255.0
1734907672.8959954,255.0,255.0
1734907672.896025,255.0,255.0
1734907672.897242,255.0,255.0
1734907672.8973699,255.0,255.0
1734907672.8986163,255.0,255.0
1734907672.898794,255.0,255.0
1734907672.899875,255.0,255.0
1734907672.8999448,255.0,255.0
1734907672.9013574,255.0,255.0
1734907672.9014757,255.0,255.0
1734907672.9029057,255.0,255.0
1734907672.9030051,255.0,255.0
1734907672.904613,255.0,255.0
1734907672.9047055,255.0,255.0
1734907672.9054997,255.0,255.0
1734907672.905954,255.0,255.0
1734907672.9077535,255.0,255.0
1734907672.90799,255.0,255.0
1734907672.9089708,255.0,255.0
1734907672.9092073,255.0,255.0
1734907672.9108708,255.0,255.0
1734907672.9109356,255.0,255.0
1734907672.9122052,255.0,255.0
1734907672.912261,255.0,255.0
1734907672.913347,255.0,255.0
1734907672.9135466,255.0,255.0
1734907672.9149354,255.0,255.0
1734907672.9149542,255.0,255.0
1734907672.9165494,255.0,255.0
1734907672.9165616,255.0,255.0
1734907672.9179099,255.0,255.0
1734907672.9180567,255.0,255.0
1734907672.919538,255.0,255.0
1734907672.9195702,255.0,255.0
1734907672.9207814,255.0,255.0
1734907672.9208302,255.0,255.0
1734907672.9223223,255.0,255.0
1734907672.922339,255.0,255.0
1734907672.9249353,255.0,255.0
1734907672.9249563,255.0,255.0
1734907672.9264178,255.0,255.0
1734907672.9264855,255.0,255.0
1734907672.9271863,255.0,255.0
1734907672.9277883,255.0,255.0
1734907672.929024,255.0,255.0
1734907672.9290676,255.0,255.0
1734907672.9302642,255.0,255.0
1734907672.9311764,255.0,255.0
1734907672.9315252,255.0,255.0
1734907672.9316416,255.0,255.0
1734907672.9326675,255.0,255.0
1734907672.93281,255.0,255.0
1734907672.9343243,255.0,255.0
1734907672.9343393,255.0,255.0
1734907672.9357398,255.0,255.0
1734907672.9360223,255.0,255.0
1734907672.9374564,255.0,255.0
1734907672.937488,255.0,255.0
1734907672.9386826,255.0,255.0
1734907672.938774,255.0,255.0
1734907672.940483,255.0,255.0
1734907672.9405105,255.0,255.0
1734907672.94202,255.0,255.0
1734907672.942127,255.0,255.0
1734907672.9435408,255.0,255.0
1734907672.943564,255.0,255.0
1734907672.9449663,255.0,255.0
1734907672.9452333,255.0,255.0
1734907672.946289,255.0,255.0
1734907672.9463274,255.0,255.0
1734907672.9476266,255.0,255.0
1734907672.9478872,255.0,255.0
1734907672.9493947,255.0,255.0
1734907672.9496498,255.0,255.0
1734907672.9519432,255.0,255.0
1734907672.9520602,255.0,255.0
1734907672.9532924,255.0,255.0
1734907672.9536533,255.0,255.0
1734907672.955116,255.0,255.0
1734907672.9561033,255.0,255.0
1734907672.9566138,255.0,255.0
1734907672.9586325,255.0,255.0
1734907672.9586792,255.0,255.0
1734907672.9596221,255.0,255.0
1734907672.9600227,255.0,255.0
1734907672.9611735,255.0,255.0
1734907672.9614167,255.0,255.0
1734907672.9629507,255.0,255.0
1734907672.9637878,255.0,255.0
1734907672.9644318,255.0,255.0
1734907672.9646947,255.0,255.0
1734907672.9652333,255.0,255.0
1734907672.9653747,255.0,255.0
1734907672.9667206,255.0,255.0
1734907672.9672272,255.0,255.0
1734907672.96838,255.0,255.0
1734907672.96901,255.0,255.0
1734907672.9703631,255.0,255.0
1734907672.9710698,255.0,255.0
1734907672.971832,255.0,255.0
1734907672.972446,255.0,255.0
1734907672.973883,255.0,255.0
1734907672.9739828,255.0,255.0
1734907672.9753885,255.0,255.0
1734907672.9755647,255.0,255.0
1734907672.976616,255.0,255.0
1734907672.9766724,255.0,255.0
1734907672.9779618,255.0,255.0
1734907672.9782152,255.0,255.0
1734907672.98,255.0,255.0
1734907672.9801738,255.0,255.0
1734907672.98135,255.0,255.0
1734907672.9818916,255.0,255.0
1734907672.9829328,255.0,255.0
1734907672.9842036,255.0,255.0
1734907672.9842699,255.0,255.0
1734907672.9854891,255.0,255.0
1734907672.9855998,255.0,255.0
1734907672.9867604,255.0,255.0
1734907672.9878287,255.0,255.0
1734907672.988227,255.0,255.0
1734907672.9887185,255.0,255.0
1734907672.989361,255.0,255.0
1734907672.9896395,255.0,255.0
1734907672.9909947,255.0,255.0
1734907672.9913728,255.0,255.0
1734907672.9926429,255.0,255.0
1734907672.9926777,255.0,255.0
1734907672.9939072,255.0,255.0
1734907672.9940526,255.0,255.0
1734907672.995479,255.0,255.0
1734907672.9955173,255.0,255.0
1734907672.9968908,255.0,255.0
1734907672.9969678,255.0,255.0
1734907672.9982073,255.0,255.0
1734907672.9983466,255.0,255.0
1734907672.9996197,255.0,255.0
1734907672.9998267,255.0,255.0
1734907673.0011313,255.0,255.0
1734907673.0012443,255.0,255.0
1734907673.00267,255.0,255.0
1734907673.0027208,255.0,255.0
1734907673.0043433,255.0,255.0
1734907673.0045335,255.0,255.0
1734907673.0055208,255.0,255.0
1734907673.005662,255.0,255.0
1734907673.0073133,255.0,255.0
1734907673.0073915,255.0,255.0
1734907673.0087209,255.0,255.0
1734907673.0087957,255.0,255.0
1734907673.0101345,255.0,255.0
1734907673.010176,255.0,255.0
1734907673.011718,255.0,255.0
1734907673.0118861,255.0,255.0
1734907673.013197,255.0,255.0
1734907673.0134606,255.0,255.0
1734907673.0147927,255.0,255.0
1734907673.0148146,255.0,255.0
1734907673.0167272,255.0,255.0
1734907673.0177689,255.0,255.0
1734907673.017996,255.0,255.0
1734907673.0192428,255.0,255.0
1734907673.0193028,255.0,255.0
1734907673.0212839,255.0,255.0
1734907673.0213726,255.0,255.0
1734907673.0224152,255.0,255.0
1734907673.0226922,255.0,255.0
1734907673.0239637,255.0,255.0
1734907673.0241616,255.0,255.0
1734907673.0256736,255.0,255.0
1734907673.0256903,255.0,255.0
1734907673.026955,255.0,255.0
1734907673.0270584,255.0,255.0
1734907673.028511,255.0,255.0
1734907673.0293133,255.0,255.0
1734907673.0310457,255.0,255.0
1734907673.0315633,255.0,255.0
1734907673.032844,255.0,255.0
1734907673.0333838,255.0,255.0
1734907673.034343,255.0,255.0
1734907673.036077,255.0,255.0
1734907673.0376737,255.0,255.0
1734907673.0377634,255.0,255.0
1734907673.0399315,255.0,255.0
1734907673.0399563,255.0,255.0
1734907673.0405862,255.0,255.0
1734907673.0406828,255.0,255.0
1734907673.0419369,255.0,255.0
1734907673.0431774,255.0,255.0
1734907673.043444,255.0,255.0
1734907673.045437,255.0,255.0
1734907673.0455184,255.0,255.0
1734907673.0464637,255.0,255.0
1734907673.046951,255.0,255.0
1734907673.0487092,255.0,255.0
1734907673.0487242,255.0,255.0
1734907673.050248,255.0,255.0
1734907673.0506334,255.0,255.0
1734907673.051713,255.0,255.0
1734907673.051741,255.0,255.0
1734907673.0530457,255.0,255.0
1734907673.0530608,255.0,255.0
1734907673.05439,255.0,255.0
1734907673.0544188,255.0,255.0
1734907673.0554078,255.0,255.0
1734907673.0556123,255.0,255.0
1734907673.0567296,255.0,255.0
1734907673.0568182,255.0,255.0
1734907673.0585182,255.0,255.0
1734907673.0588555,255.0,255.0
1734907673.0600886,255.0,255.0
1734907673.060306,255.0,255.0
1734907673.061578,255.0,255.0
1734907673.0616732,255.0,255.0
1734907673.0630534,255.0,255.0
1734907673.0631871,255.0,255.0
1734907673.0643084,255.0,255.0
1734907673.0646226,255.0,255.0
1734907673.0656452,255.0,255.0
1734907673.0659144,255.0,255.0
1734907673.066912,255.0,255.0
1734907673.06714,255.0,255.0
1734907673.068655,255.0,255.0
1734907673.0696697,255.0,255.0
1734907673.070439,255.0,255.0
1734907673.071016,255.0,255.0
1734907673.0715165,255.0,255.0
1734907673.0718136,255.0,255.0
1734907673.072773,255.0,255.0
1734907673.0740702,255.0,255.0
1734907673.0742111,255.0,255.0
1734907673.0750809,255.0,255.0
1734907673.076035,255.0,255.0
1734907673.0763528,255.0,255.0
1734907673.0775757,255.0,255.0
1734907673.0775928,255.0,255.0
1734907673.079094,255.0,255.0
1734907673.0791073,255.0,255.0
1734907673.0802143,255.0,255.0
1734907673.0802538,255.0,255.0
1734907673.0818012,255.0,255.0
1734907673.0819764,255.0,255.0
1734907673.083183,255.0,255.0
1734907673.083492,255.0,255.0
1734907673.0847604,255.0,255.0
1734907673.0847743,255.0,255.0
1734907673.0860798,255.0,255.0
1734907673.0863972,255.0,255.0
1734907673.0877364,255.0,255.0
1734907673.087846,255.0,255.0
1734907673.089066,255.0,255.0
1734907673.0890806,255.0,255.0
1734907673.0904398,255.0,255.0
1734907673.0907102,255.0,255.0
1734907673.0917401,255.0,255.0
1734907673.0922263,255.0,255.0
1734907673.0933945,255.0,255.0
1734907673.0935965,255.0,255.0
1734907673.0950024,255.0,255.0
1734907673.0950675,255.0,255.0
1734907673.0963454,255.0,255.0
1734907673.0965192,255.0,255.0
1734907673.0978024,255.0,255.0
1734907673.0980048,255.0,255.0
1734907673.0993567,255.0,255.0
1734907673.0995355,255.0,255.0
1734907673.100901,255.0,255.0
1734907673.1009223,255.0,255.0
1734907673.1020062,255.0,255.0
1734907673.1029978,255.0,255.0
1734907673.104056,255.0,255.0
1734907673.104322,255.0,255.0
1734907673.105136,255.0,255.0
1734907673.1064289,255.0,255.0
1734907673.1072564,255.0,255.0
1734907673.1080062,255.0,255.0
1734907673.1084206,255.0,255.0
1734907673.109945,255.0,255.0
1734907673.1100676,255.0,255.0
1734907673.1115532,255.0,255.0
1734907673.1116047,255.0,255.0
1734907673.1128151,255.0,255.0
1734907673.112878,255.0,255.0
1734907673.1143045,255.0,255.0
1734907673.1143262,255.0,255.0
1734907673.1156871,255.0,255.0
1734907673.1158624,255.0,255.0
1734907673.1183763,255.0,255.0
1734907673.1183965,255.0,255.0
1734907673.1194963,255.0,255.0
1734907673.119839,255.0,255.0
1734907673.1211383,255.0,255.0
1734907673.1212406,255.0,255.0
1734907673.1223962,255.0,255.0
1734907673.1228454,255.0,255.0
1734907673.1238303,255.0,255.0
1734907673.1238947,255.0,255.0
1734907673.1251903,255.0,255.0
1734907673.1252613,255.0,255.0
1734907673.1265674,255.0,255.0
1734907673.1275537,255.0,255.0
1734907673.1285384,255.0,255.0
1734907673.1285648,255.0,255.0
1734907673.1297474,255.0,255.0
1734907673.129936,255.0,255.0
1734907673.131258,255.0,255.0
1734907673.1313097,255.0,255.0
1734907673.132565,255.0,255.0
1734907673.1328852,255.0,255.0
1734907673.1339743,255.0,255.0
1734907673.134012,255.0,255.0
1734907673.135228,255.0,255.0
1734907673.135604,255.0,255.0
1734907673.1370378,255.0,255.0
1734907673.137061,255.0,255.0
1734907673.1390767,255.0,222.9937286376953
1734907673.139441,255.0,222.9937286376953
1734907673.1407297,255.0,194.80789184570312
1734907673.1409667,255.0,194.80789184570312
1734907673.142445,255.0,170.3460693359375
1734907673.142485,255.0,170.3460693359375
1734907673.1436965,255.0,149.4374237060547
1734907673.143734,255.0,149.4374237060547
1734907673.1452372,255.0,131.85699462890625
1734907673.1453936,255.0,131.85699462890625
1734907673.1465533,255.0,117.34292602539062
1734907673.1467767,255.0,117.34292602539062
1734907673.1481678,255.0,105.61104583740234
1734907673.148324,255.0,105.61104583740234
1734907673.1494198,255.0,96.36688232421875
1734907673.1497777,255.0,96.36688232421875
1734907673.150849,255.0,89.31533813476562
1734907673.151094,255.0,89.31533813476562
1734907673.1525297,255.0,84.16838836669922
1734907673.1525671,255.0,84.16838836669922
1734907673.1546087,255.0,80.65088653564453
1734907673.155811,255.0,78.50484466552734
1734907673.1567378,255.0,80.65088653564453
1734907673.157168,255.0,77.49235534667969
1734907673.1583474,255.0,78.50484466552734
1734907673.1588812,255.0,77.39736938476562
1734907673.1595745,255.0,78.02652740478516
1734907673.1609674,255.0,77.49235534667969
1734907673.161333,255.0,79.20928192138672
1734907673.1621861,255.0,77.39736938476562
1734907673.1627867,255.0,80.7973403930664
1734907673.1628687,255.0,78.02652740478516
1734907673.164323,255.0,79.20928192138672
1734907673.1645348,255.0,82.66372680664062
1734907673.165472,255.0,80.7973403930664
1734907673.1656816,255.0,84.70145416259766
1734907673.1669326,255.0,86.82200622558594
1734907673.1670454,255.0,82.66372680664062
1734907673.1684537,255.0,84.70145416259766
1734907673.1685758,255.0,88.9536361694336
1734907673.1699886,255.0,86.82200622558594
1734907673.1703496,255.0,91.03961944580078
1734907673.1713812,255.0,88.9536361694336
1734907673.171456,255.0,93.03650665283203
1734907673.1727042,255.0,94.9123764038086
1734907673.1728776,255.0,91.03961944580078
1734907673.1752262,255.0,91.75625610351562
1734907673.1753953,255.0,95.36497497558594
1734907673.1765895,255.0,95.81369018554688
1734907673.1766198,255.0,92.50469207763672
1734907673.1778102,255.0,93.25906372070312
1734907673.178021,255.0,96.24791717529297
1734907673.1793232,255.0,96.65966796875
1734907673.1793408,255.0,93.99887084960938
1734907673.1808026,255.0,94.70835876464844
1734907673.180967,255.0,97.04324340820312
1734907673.182094,255.0,95.37589263916016
1734907673.182459,255.0,97.3948745727539
1734907673.1839068,255.0,97.71240234375
1734907673.1839437,255.0,95.993408203125
1734907673.1852272,255.0,96.55583190917969
1734907673.1859944,255.0,97.99501037597656
1734907673.1868064,255.0,97.06057739257812
1734907673.187309,255.0,98.24295043945312
1734907673.1881495,255.0,97.50707244873047
1734907673.188469,255.0,98.45729064941406
1734907673.1895726,255.0,98.63973236083984
1734907673.189616,255.0,97.89636993408203
1734907673.1907165,255.0,98.23075103759766
1734907673.1910052,255.0,98.79243469238281
1734907673.1923738,255.0,98.51338958740234
1734907673.1924527,255.0,98.9178466796875
1734907673.193718,255.0,98.74813842773438
1734907673.193923,255.0,99.01859283447266
1734907673.1951833,255.0,98.93921661376953
1734907673.1953542,255.0,99.09736633300781
1734907673.1968112,255.0,99.15685272216797
1734907673.196841,255.0,99.09107208251953
1734907673.1982133,255.0,99.19964599609375
1734907673.1982684,255.0,99.20819854736328
1734907673.199905,255.0,99.29502868652344
1734907673.2000902,255.0,99.22821807861328
1734907673.2010465,255.0,99.3558120727539
1734907673.201318,255.0,99.244873046875
1734907673.2026155,255.0,99.25172424316406
1734907673.20306,255.0,99.39454650878906
1734907673.2044165,255.0,99.41495513916016
1734907673.2045586,255.0,99.25070190429688
1734907673.2057357,255.0,99.24349975585938
1734907673.2067068,255.0,99.4204330444336
1734907673.20737,255.0,99.23162841796875
1734907673.2076128,255.0,99.41401672363281
1734907673.2089741,255.0,99.21638488769531
1734907673.2093265,255.0,99.39840698242188
1734907673.2102184,255.0,99.19886779785156
1734907673.210276,255.0,99.3759765625
1734907673.2115617,255.0,99.34873962402344
1734907673.2119288,255.0,99.18002319335938
1734907673.2131045,255.0,99.16060638427734
1734907673.2136223,255.0,99.31842803955078
1734907673.2165961,255.0,99.49983215332031
1734907673.216721,255.0,99.3546142578125
1734907673.218347,255.0,99.65528869628906
1734907673.2183714,255.0,99.523681640625
1734907673.2194686,255.0,99.78636169433594
1734907673.2195218,255.0,99.6688232421875
1734907673.2209737,255.0,99.89491271972656
1734907673.2209969,255.0,99.79144287109375
1734907673.2223036,255.0,99.8932113647461
1734907673.2224352,255.0,99.98298645019531
1734907673.223303,255.0,99.97599029541016
1734907673.2245877,255.0,100.05269622802734
1734907673.2250125,255.0,100.04171752929688
1734907673.2264082,255.0,100.09235382080078
1734907673.226975,255.0,100.10619354248047
1734907673.2277973,255.0,100.12983703613281
1734907673.2289479,255.0,100.14556121826172
1734907673.2295892,255.0,100.156005859375
1734907673.2309506,255.0,100.17261505126953
1734907673.2315218,255.0,100.17282104492188
1734907673.2325282,255.0,100.18128204345703
1734907673.2325578,255.0,100.18985748291016
1734907673.233608,255.0,100.19841766357422
1734907673.233685,255.0,100.1834716796875
1734907673.2348368,255.0,100.20008850097656
1734907673.235101,255.0,100.1805191040039
1734907673.2367551,255.0,100.19630432128906
1734907673.236801,255.0,100.17359161376953
1734907673.2382798,255.0,100.16371154785156
1734907673.238369,255.0,100.18831634521484
1734907673.2402482,255.0,100.15177154541016
1734907673.2402818,255.0,100.17723846435547
1734907673.241266,255.0,100.13850402832031
1734907673.24135,255.0,100.16400146484375
1734907673.2422676,255.0,100.1245346069336
1734907673.2425294,255.0,100.14940643310547
1734907673.2435374,255.0,100.13410949707031
1734907673.243622,255.0,100.1103744506836
1734907673.24554,255.0,100.09642028808594
1734907673.2456806,255.0,100.11866760253906
1734907673.2470002,255.0,100.0829849243164
1734907673.2471938,255.0,100.10348510742188
1734907673.248495,255.0,100.07029724121094
1734907673.2485151,255.0,100.08890533447266
1734907673.249846,255.0,100.05852508544922
1734907673.249968,255.0,100.0751724243164
1734907673.2509885,255.0,100.04777526855469
1734907673.2512867,255.0,100.06245422363281
1734907673.2525136,255.0,100.03810119628906
1734907673.2527194,255.0,100.05084991455078
1734907673.2542174,255.0,100.0295181274414
1734907673.2542417,255.0,100.04043579101562
1734907673.255267,255.0,100.03120422363281
1734907673.2552855,255.0,100.02201080322266
1734907673.257701,255.0,99.38302612304688
1734907673.2577226,255.0,99.37541961669922
1734907673.259057,255.0,98.80622100830078
1734907673.259085,255.0,98.8123779296875
1734907673.260476,255.0,98.31241607666016
1734907673.2604961,255.0,98.3172836303711
1734907673.2620528,255.0,97.89051055908203
1734907673.2622156,255.0,97.89423370361328
1734907673.2633848,255.0,97.53865051269531
1734907673.263559,255.0,97.53591918945312
1734907673.2649431,255.0,97.24520111083984
1734907673.2652023,255.0,97.24332427978516
1734907673.2667189,255.0,97.0069580078125
1734907673.2667475,255.0,97.00811767578125
1734907673.2684226,255.0,96.82084655761719
1734907673.2684886,255.0,96.8214111328125
1734907673.2702653,255.0,96.6791000366211
1734907673.2710428,255.0,96.67901611328125
1734907673.2718775,255.0,96.5753402709961
1734907673.2722816,255.0,96.57563018798828
1734907673.273117,255.0,96.50454711914062
1734907673.2734094,255.0,96.50513458251953
1734907673.2744749,255.0,96.46229553222656
1734907673.274519,255.0,96.46148681640625
1734907673.2757716,255.0,96.44230651855469
1734907673.2768047,255.0,96.44135284423828
1734907673.2770293,255.0,96.44080352783203
1734907673.2777605,255.0,96.43976593017578
1734907673.2797296,255.0,96.45279693603516
1734907673.2803187,255.0,96.45388793945312
1734907673.2809286,255.0,96.47700500488281
1734907673.2814682,255.0,96.47810363769531
1734907673.281941,255.0,96.50938415527344
1734907673.282956,255.0,96.51045989990234
1734907673.2833974,255.0,96.54736328125
1734907673.2838786,255.0,96.54839324951172
1734907673.2846305,255.0,96.58878326416016
1734907673.2852452,255.0,96.58975219726562
1734907673.2863834,255.0,96.63274383544922
1734907673.2865543,255.0,96.63185119628906
1734907673.2875423,255.0,96.67593383789062
1734907673.287719,255.0,96.67510986328125
1734907673.2885919,255.0,96.71817016601562
1734907673.2888377,255.0,96.7174301147461
1734907673.2902417,255.0,96.75792694091797
1734907673.290358,255.0,96.75857543945312
1734907673.2914739,255.0,96.79652404785156
1734907673.2917297,255.0,96.79595184326172
1734907673.2931588,255.0,96.83155822753906
1734907673.2931979,255.0,96.83106994628906
1734907673.294379,255.0,96.86299896240234
1734907673.2944202,255.0,96.86341094970703
1734907673.2961228,255.0,96.89195251464844
1734907673.2963166,255.0,96.89161682128906
1734907673.2976198,255.0,96.91716003417969
1734907673.2976584,255.0,96.91688537597656
1734907673.2992067,255.0,96.93888092041016
1734907673.299757,255.0,96.93910217285156
1734907673.3005605,255.0,96.9577407836914
1734907673.3005934,255.0,96.95791625976562
1734907673.3021348,255.0,96.97378540039062
1734907673.3023777,255.0,96.9736557006836
1734907673.304448,255.0,95.06655883789062
1734907673.3046556,255.0,95.06647491455078
1734907673.3061483,255.0,93.38603210449219
1734907673.3064036,255.0,93.38609313964844
1734907673.307666,255.0,91.92681121826172
1734907673.3081534,255.0,91.92684173583984
1734907673.3090937,255.0,90.67881774902344
1734907673.3091931,255.0,90.67882537841797
1734907673.3112392,255.0,89.62879180908203
1734907673.3112762,255.0,89.6288070678711
1734907673.3127043,255.0,88.76129913330078
1734907673.3128521,255.0,88.76127624511719
1734907673.3142142,255.0,88.05948638916016
1734907673.3142445,255.0,88.05945587158203
1734907673.3157918,255.0,87.50586700439453
1734907673.3159454,255.0,87.50590515136719
1734907673.3169808,255.0,87.08304595947266
1734907673.3173518,255.0,87.08300018310547
1734907673.3186872,255.0,86.77375030517578
1734907673.3187165,255.0,86.77379608154297
1734907673.3198678,255.0,86.56175231933594
1734907673.3200471,255.0,86.56179809570312
1734907673.3210895,255.0,86.43171691894531
1734907673.3212638,255.0,86.43167114257812
1734907673.3225043,255.0,86.36937713623047
1734907673.3225482,255.0,86.36933135986328
1734907673.323937,255.0,86.36192321777344
1734907673.324002,255.0,86.36188507080078
1734907673.3252583,255.0,86.39783477783203
1734907673.325515,255.0,86.39779663085938
1734907673.3267791,255.0,86.46690368652344
1734907673.3268542,255.0,86.46693420410156
1734907673.3284802,255.0,86.56038665771484
1734907673.3286932,255.0,86.56035614013672
1734907673.3298895,255.0,86.67060852050781
1734907673.3302004,255.0,86.67057800292969
1734907673.331557,255.0,86.79119110107422
1734907673.3315809,255.0,86.79121398925781
1734907673.332807,255.0,86.91690826416016
1734907673.333061,255.0,86.91688537597656
1734907673.3344975,255.0,87.04338073730469
1734907673.3345323,255.0,87.04340362548828
1734907673.3359697,255.0,87.16729736328125
1734907673.3360093,255.0,87.16728210449219
1734907673.3377514,255.0,87.28598022460938
1734907673.3378022,255.0,87.28599548339844
1734907673.3390374,255.0,87.3975601196289
1734907673.3390648,255.0,87.39756774902344
1734907673.340672,255.0,87.50069427490234
1734907673.3406963,255.0,87.50070190429688
1734907673.3416731,255.0,87.59455108642578
1734907673.3418124,255.0,87.59455871582031
1734907673.3429794,255.0,87.67872619628906
1734907673.343194,255.0,87.67872619628906
1734907673.3444521,255.0,87.75312805175781
1734907673.344483,255.0,87.75312805175781
1734907673.3463764,255.0,87.81794738769531
1734907673.3464081,255.0,87.81795501708984
1734907673.347554,255.0,87.87358093261719
1734907673.347832,255.0,87.87358856201172
1734907673.349071,255.0,87.92057037353516
1734907673.3491104,255.0,87.92057037353516
1734907673.3504558,255.0,87.95955657958984
1734907673.3513672,255.0,87.95955657958984
1734907673.3525345,255.0,88.20462799072266
1734907673.3527615,255.0,88.20463562011719
1734907673.3541846,255.0,88.41769409179688
1734907673.3544512,255.0,88.41769409179688
1734907673.3554657,255.0,88.60014343261719
1734907673.355592,255.0,88.60014343261719
1734907673.3569374,255.0,88.75386047363281
1734907673.357398,255.0,88.75386047363281
1734907673.3582878,255.0,88.88105773925781
1734907673.3594713,255.0,88.88105773925781
1734907673.3600159,255.0,88.98413848876953
1734907673.3601441,255.0,88.98414611816406
1734907673.3610823,255.0,89.06563568115234
1734907673.3613763,255.0,89.06563568115234
1734907673.3629339,255.0,89.12806701660156
1734907673.3629885,255.0,89.12806701660156
1734907673.3645954,255.0,89.17391204833984
1734907673.3646371,255.0,89.17391204833984
1734907673.3659327,255.0,89.2055435180664
1734907673.3659804,255.0,89.2055435180664
1734907673.3673024,255.0,89.22518157958984
1734907673.3675368,255.0,89.22518157958984
1734907673.3688543,255.0,89.2348861694336
1734907673.3696983,255.0,89.2348861694336
1734907673.370727,255.0,89.23653411865234
1734907673.3708582,255.0,89.23652648925781
1734907673.3720345,255.0,89.2317886352539
1734907673.3728316,255.0,89.23179626464844
1734907673.3738663,255.0,89.22215270996094
1734907673.3742547,255.0,89.22215270996094
1734907673.3751116,255.0,89.20890808105469
1734907673.3752618,255.0,89.20890808105469
1734907673.3766758,255.0,89.19316101074219
1734907673.3772626,255.0,89.19316101074219
1734907673.3783004,255.0,89.17584991455078
1734907673.3783178,255.0,89.17584991455078
1734907673.3796577,255.0,89.15774536132812
1734907673.3797786,255.0,89.15774536132812
1734907673.3812313,255.0,89.13948059082031
1734907673.3813007,255.0,89.13948059082031
1734907673.3824887,255.0,89.1215591430664
1734907673.3836472,255.0,89.1215591430664
1734907673.3839328,255.0,89.10436248779297
1734907673.384959,255.0,89.10436248779297
1734907673.3855438,255.0,89.08817291259766
1734907673.3862703,255.0,89.08817291259766
1734907673.3872142,255.0,89.07318878173828
1734907673.3873293,255.0,89.07318878173828
1734907673.3884037,255.0,89.05953216552734
1734907673.3887024,255.0,89.05953216552734
1734907673.389834,255.0,89.04727935791016
1734907673.3898957,255.0,89.04727935791016
1734907673.3910172,255.0,89.03643035888672
1734907673.3912807,255.0,89.03643035888672
1734907673.3924055,255.0,89.02696990966797
1734907673.3926682,255.0,89.02696990966797
1734907673.394045,255.0,89.01883697509766
1734907673.3941026,255.0,89.01883697509766
1734907673.3957129,255.0,89.011962890625
1734907673.3958504,255.0,89.011962890625
1734907673.3971372,255.0,89.0062484741211
1734907673.3972242,255.0,89.0062484741211
1734907673.3985593,255.0,89.00159454345703
1734907673.3987598,255.0,89.00159454345703
1734907673.4012382,255.0,88.78451538085938
1734907673.4015524,255.0,88.78451538085938
1734907673.4029064,255.0,88.59375
1734907673.4032557,255.0,88.59375
1734907673.404139,255.0,88.42855072021484
1734907673.4043033,255.0,88.42855072021484
1734907673.4055023,255.0,88.28767395019531
1734907673.405736,255.0,88.28767395019531
1734907673.4078267,255.0,88.16951751708984
1734907673.407906,255.0,88.16951751708984
1734907673.4090087,255.0,88.07225036621094
1734907673.4105406,255.0,88.07225036621094
1734907673.4115143,255.0,87.993896484375
1734907673.411544,255.0,87.993896484375
1734907673.4125655,255.0,87.93241882324219
1734907673.4126563,255.0,87.93241882324219
1734907673.4138625,255.0,87.88578033447266
1734907673.4152606,255.0,87.88578033447266
1734907673.415281,255.0,87.85200500488281
1734907673.41644,255.0,87.85200500488281
1734907673.41705,255.0,87.82920837402344
1734907673.4176657,255.0,87.82920837402344
1734907673.4183967,255.0,87.81563568115234
1734907673.4195845,255.0,87.80966186523438
1734907673.4200246,255.0,87.81563568115234
1734907673.4208753,255.0,87.809814453125
1734907673.4209242,255.0,87.80966186523438
1734907673.4223669,255.0,87.809814453125
1734907673.4224336,255.0,87.81478118896484
1734907673.4235818,255.0,87.81478118896484
1734907673.4237041,255.0,87.82341003417969
1734907673.4251792,255.0,87.82341003417969
1734907673.4252126,255.0,87.83470916748047
1734907673.4266076,255.0,87.83470916748047
1734907673.4273398,255.0,87.84780883789062
1734907673.428771,255.0,87.86199188232422
1734907673.4288132,255.0,87.84780883789062
1734907673.4300432,255.0,87.87667083740234
1734907673.430075,255.0,87.86199188232422
1734907673.431578,255.0,87.891357421875
1734907673.4318686,255.0,87.87667083740234
1734907673.4330068,255.0,87.891357421875
1734907673.4335375,255.0,87.90568542480469
1734907673.434484,255.0,87.90568542480469
1734907673.4348962,255.0,87.91935729980469
1734907673.4358387,255.0,87.91935729980469
1734907673.4360504,255.0,87.93217468261719
1734907673.4372206,255.0,87.93217468261719
1734907673.4374108,255.0,87.94398498535156
1734907673.4383564,255.0,87.94398498535156
1734907673.4386067,255.0,87.95469665527344
1734907673.4396644,255.0,87.95469665527344
1734907673.4401317,255.0,87.96428680419922
1734907673.4413424,255.0,87.97274017333984
1734907673.441431,255.0,87.96428680419922
1734907673.4428499,255.0,87.9800796508789
1734907673.4428704,255.0,87.97274017333984
1734907673.444285,255.0,87.98636627197266
1734907673.4443226,255.0,87.9800796508789
1734907673.4458473,255.0,87.99165344238281
1734907673.445874,255.0,87.98636627197266
1734907673.4471576,255.0,87.99165344238281
1734907673.447189,255.0,87.99603271484375
1734907673.4495926,255.0,87.99957275390625
1734907673.4496243,255.0,87.99603271484375
1734907673.4507911,255.0,88.00237274169922
1734907673.450936,255.0,87.99957275390625
1734907673.452122,255.0,88.00450897216797
1734907673.452165,255.0,88.00237274169922
1734907673.4539077,255.0,88.00450897216797
1734907673.4539447,255.0,88.0060806274414
1734907673.45544,255.0,88.0060806274414
1734907673.45554,255.0,88.00715637207031
1734907673.4564295,255.0,88.00715637207031
1734907673.45661,255.0,88.00782775878906
1734907673.4578469,255.0,88.00814819335938
1734907673.4579735,255.0,88.00782775878906
1734907673.4594383,255.0,88.00819396972656
1734907673.4596329,255.0,88.00814819335938
1734907673.4612114,255.0,88.00802612304688
1734907673.4612434,255.0,88.00819396972656
1734907673.463044,255.0,88.00802612304688
1734907673.4631116,255.0,88.00768280029297
1734907673.4647286,255.0,88.00768280029297
1734907673.4647534,255.0,88.0072250366211
1734907673.465978,255.0,88.0072250366211
1734907673.4660382,255.0,88.00667572021484
1734907673.4672945,255.0,88.00667572021484
1734907673.4673672,255.0,88.00607299804688
1734907673.4685984,255.0,88.00607299804688
1734907673.4688423,255.0,88.00543975830078
1734907673.4701715,255.0,88.00481414794922
1734907673.4704435,255.0,88.00543975830078
1734907673.471684,255.0,88.00481414794922
1734907673.471968,255.0,88.00418853759766
1734907673.4731271,255.0,88.00418853759766
1734907673.4733481,255.0,88.00359344482422
1734907673.4742312,255.0,88.00359344482422
1734907673.474453,255.0,88.00303649902344
1734907673.4755704,255.0,88.00303649902344
1734907673.4759035,255.0,88.00251770019531
1734907673.4774024,255.0,88.00204467773438
1734907673.4774299,255.0,88.00251770019531
1734907673.4789042,255.0,88.00162506103516
1734907673.4789968,255.0,88.00204467773438
1734907673.4801836,255.0,88.00125122070312
1734907673.4803185,255.0,88.00162506103516
1734907673.481522,255.0,88.00092315673828
1734907673.4830165,255.0,88.00064086914062
1734907673.4831324,255.0,88.00125122070312
1734907673.4842832,255.0,88.00092315673828
1734907673.4844477,255.0,88.00040435791016
1734907673.4859893,255.0,88.00064086914062
1734907673.486102,255.0,88.00020599365234
1734907673.487671,255.0,88.00040435791016
1734907673.487856,255.0,88.00005340576172
1734907673.4888818,255.0,88.00020599365234
1734907673.4894598,255.0,87.99992370605469
1734907673.490759,255.0,87.99982452392578
1734907673.4909713,255.0,88.00005340576172
1734907673.492637,255.0,87.99974822998047
1734907673.492988,255.0,87.99992370605469
1734907673.4945295,255.0,87.99970245361328
1734907673.4946594,255.0,87.99982452392578
1734907673.4955666,255.0,87.99974822998047
1734907673.4959555,255.0,87.99967193603516
1734907673.4980292,255.0,88.21307373046875
1734907673.4981985,255.0,88.21302795410156
1734907673.499446,255.0,88.40094757080078
1734907673.4996595,255.0,88.40092468261719
1734907673.5008109,255.0,88.56401062011719
1734907673.5011497,255.0,88.56401062011719
1734907673.5021737,255.0,88.70339965820312
1734907673.5024698,255.0,88.70341491699219
1734907673.504702,255.0,88.82064056396484
1734907673.5047169,255.0,88.82060241699219
1734907673.5058765,255.0,88.9173812866211
1734907673.506126,255.0,88.91741943359375
1734907673.507266,255.0,88.99561309814453
1734907673.5082545,255.0,88.99565887451172
1734907673.5086715,255.0,89.05725860595703
1734907673.5092201,255.0,89.05731201171875
1734907673.5103364,255.0,89.10429382324219
1734907673.5103948,255.0,89.10435485839844
1734907673.5120738,255.0,89.13863372802734
1734907673.5121963,255.0,89.1386947631836
1734907673.5134087,255.0,89.16211700439453
1734907673.5135164,255.0,89.16217041015625
1734907673.514995,255.0,89.17644500732422
1734907673.5151272,255.0,89.17649841308594
1734907673.5161886,255.0,89.1832275390625
1734907673.516475,255.0,89.18327331542969
1734907673.517549,255.0,89.18388366699219
1734907673.5177798,255.0,89.18392181396484
1734907673.519077,255.0,89.1797103881836
1734907673.5192187,255.0,89.17974853515625
1734907673.5205402,255.0,89.17184448242188
1734907673.5207639,255.0,89.17188262939453
1734907673.521801,255.0,89.16130828857422
1734907673.5219052,255.0,89.1612777709961
1734907673.523863,255.0,89.14884948730469
1734907673.5242035,255.0,89.14888000488281
1734907673.525355,255.0,89.13528442382812
1734907673.5257974,255.0,89.13530731201172
1734907673.5270288,255.0,89.12117767333984
1734907673.5270617,255.0,89.12115478515625
1734907673.5285578,255.0,89.10697174072266
1734907673.528718,255.0,89.1069564819336
1734907673.5298545,255.0,89.09305572509766
1734907673.5298667,255.0,89.09307098388672
1734907673.5314398,255.0,89.07976531982422
1734907673.5316708,255.0,89.07975006103516
1734907673.53274,255.0,89.0672607421875
1734907673.5328999,255.0,89.06725311279297
1734907673.534232,255.0,89.05570220947266
1734907673.5345292,255.0,89.05570983886719
1734907673.535466,255.0,89.04520416259766
1734907673.53551,255.0,89.04520416259766
1734907673.5371172,255.0,89.03578186035156
1734907673.5372663,255.0,89.0357894897461
1734907673.5384626,255.0,89.0274658203125
1734907673.538504,255.0,89.0274658203125
1734907673.5397544,255.0,89.02022552490234
1734907673.539858,255.0,89.02022552490234
1734907673.5409846,255.0,89.01400756835938
1734907673.5411403,255.0,89.01400756835938
1734907673.542349,255.0,89.00875854492188
1734907673.5433588,255.0,89.00875854492188
1734907673.5440671,255.0,89.00440979003906
1734907673.5445151,255.0,89.00440979003906
1734907673.546284,255.0,89.0008773803711
1734907673.5466564,255.0,89.0008773803711
1734907673.5478861,255.0,88.99807739257812
1734907673.5479376,255.0,88.9980697631836
1734907673.549208,255.0,88.99591827392578
1734907673.5492742,255.0,88.99591827392578
1734907673.5505402,255.0,88.99432373046875
1734907673.5505638,255.0,88.99433135986328
1734907673.5520313,255.0,88.99322509765625
1734907673.5520809,255.0,88.99321746826172
1734907673.5537293,255.0,88.99252319335938
1734907673.5538297,255.0,88.99252319335938
1734907673.555237,255.0,88.9921646118164
1734907673.5556748,255.0,88.9921646118164
1734907673.557995,255.0,88.99208068847656
1734907673.5587826,255.0,88.99221801757812
1734907673.5588686,255.0,88.99208068847656
1734907673.5612373,255.0,88.99221801757812
1734907673.5612853,255.0,88.99252319335938
1734907673.5625162,255.0,88.99295806884766
1734907673.5625472,255.0,88.99252319335938
1734907673.5636532,255.0,88.99295806884766
1734907673.5639458,255.0,88.99347686767578
1734907673.5648544,255.0,88.99347686767578
1734907673.5649626,255.0,88.99404907226562
1734907673.5660436,255.0,88.9946517944336
1734907673.5662003,255.0,88.99404907226562
1734907673.5670102,255.0,88.9946517944336
1734907673.5673053,255.0,88.99526977539062
1734907673.5686653,255.0,88.99586486816406
1734907673.568942,255.0,88.9952621459961
1734907673.5705018,255.0,88.99644470214844
1734907673.570656,255.0,88.99586486816406
1734907673.5715902,255.0,88.99644470214844
1734907673.5716083,255.0,88.99699401855469
1734907673.572826,255.0,88.99699401855469
1734907673.572898,255.0,88.99749755859375
1734907673.5743115,255.0,88.99796295166016
1734907673.57451,255.0,88.99749755859375
1734907673.5757642,255.0,88.99796295166016
1734907673.575781,255.0,88.99837493896484
1734907673.5770493,255.0,88.99874114990234
1734907673.5771742,255.0,88.99837493896484
1734907673.578622,255.0,88.99874114990234
1734907673.57879,255.0,88.99906158447266
1734907673.58027,255.0,88.99934387207031
1734907673.580298,255.0,88.99906158447266
1734907673.5816696,255.0,88.99934387207031
1734907673.5818908,255.0,88.99957275390625
1734907673.583126,255.0,88.99977111816406
1734907673.5831866,255.0,88.99957275390625
1734907673.584553,255.0,88.99993133544922
1734907673.586331,255.0,89.00006103515625
1734907673.587007,255.0,88.99977111816406
1734907673.5878265,255.0,89.00016021728516
1734907673.5880327,255.0,88.99993133544922
1734907673.5889883,255.0,89.00006103515625
1734907673.5891871,255.0,89.00022888183594
1734907673.5904865,255.0,89.00016021728516
1734907673.5906777,255.0,89.00028228759766
1734907673.5920002,255.0,89.00022888183594
1734907673.592498,255.0,89.00031280517578
1734907673.5933516,255.0,89.00028228759766
1734907673.5936656,255.0,89.00033569335938
1734907673.5958884,255.0,88.7869644165039
1734907673.5959141,255.0,88.78694152832031
1734907673.5973213,255.0,88.59905242919922
1734907673.5979435,255.0,88.59905242919922
1734907673.5989506,255.0,88.43598175048828
1734907673.5989594,255.0,88.43596649169922
1734907673.6001437,255.0,88.29655456542969
1734907673.6002247,255.0,88.29658508300781
1734907673.6023545,255.0,88.17937469482422
1734907673.6025038,255.0,88.17932891845703
1734907673.604067,255.0,88.08255004882812
1734907673.604204,255.0,88.08259582519531
1734907673.6054416,255.0,88.00435638427734
1734907673.605581,255.0,88.00431060791016
1734907673.6068432,255.0,87.94265747070312
1734907673.6069846,255.0,87.94271087646484
1734907673.608324,255.0,87.89566802978516
1734907673.6090515,255.0,87.89562225341797
1734907673.6099334,255.0,87.86133575439453
1734907673.610035,255.0,87.86128234863281
1734907673.6112456,255.0,87.83780670166016
1734907673.6113834,255.0,87.83785247802734
1734907673.6128793,255.0,87.82347869873047
1734907673.6131303,255.0,87.82352447509766
1734907673.6142223,255.0,87.81671142578125
1734907673.61538,255.0,87.8167495727539
1734907673.6158059,255.0,87.81605529785156
1734907673.6166587,255.0,87.81609344482422
1734907673.6173797,255.0,87.82023620605469
1734907673.6184328,255.0,87.82026672363281
1734907673.619298,255.0,87.8281021118164
1734907673.6205518,255.0,87.82813262939453
1734907673.6222014,255.0,87.83870697021484
1734907673.6226346,255.0,87.83867645263672
1734907673.6235173,255.0,87.85113525390625
1734907673.6235394,255.0,87.85111236572266
1734907673.62475,255.0,87.86468505859375
1734907673.6249115,255.0,87.86470794677734
1734907673.626171,255.0,87.87881469726562
1734907673.6263807,255.0,87.87882995605469
1734907673.628105,255.0,87.89303588867188
1734907673.6282132,255.0,87.89302062988281
1734907673.6294837,255.0,87.90692138671875
1734907673.6295223,255.0,87.90693664550781
1734907673.6305017,255.0,87.92024230957031
1734907673.6307106,255.0,87.92023468017578
1734907673.6321013,255.0,87.9327392578125
1734907673.6322207,255.0,87.93274688720703
1734907673.6335366,255.0,87.94429016113281
1734907673.633774,255.0,87.94429016113281
1734907673.6348686,255.0,87.95479583740234
1734907673.6359255,255.0,87.95479583740234
1734907673.6365392,255.0,87.9642105102539
1734907673.6368668,255.0,87.9642105102539
1734907673.6378632,255.0,87.9725341796875
1734907673.6391134,255.0,87.97978210449219
1734907673.6396625,255.0,87.9725341796875
1734907673.640318,255.0,87.97978210449219
1734907673.640437,255.0,87.98599243164062
1734907673.6417952,255.0,87.98599243164062
1734907673.6419084,255.0,87.99124145507812
1734907673.6443906,255.0,88.4223403930664
1734907673.645936,255.0,88.80168914794922
1734907673.6463745,255.0,88.4179916381836
1734907673.6473782,255.0,89.13064575195312
1734907673.6479797,255.0,88.79814910888672
1734907673.6490958,255.0,89.41158294677734
1734907673.6497517,255.0,89.12784576416016
1734907673.650902,255.0,89.6475830078125
1734907673.6515837,255.0,89.409423828125
1734907673.652734,255.0,89.84220886230469
1734907673.6542485,255.0,89.99932861328125
1734907673.6553147,255.0,89.64598846435547
1734907673.6553657,255.0,90.1229476928711
1734907673.6563115,255.0,89.84110260009766
1734907673.6564496,255.0,90.21704864501953
1734907673.6577196,255.0,89.9986343383789
1734907673.6577413,255.0,90.28553771972656
1734907673.6590464,255.0,90.12258911132812
1734907673.6592538,255.0,90.3321304321289
1734907673.6608071,255.0,90.21696472167969
1734907673.660928,255.0,90.36031341552734
1734907673.662214,255.0,90.373291015625
1734907673.6623473,255.0,90.28567504882812
1734907673.6635318,255.0,90.33243560791016
1734907673.6636078,255.0,90.37398529052734
1734907673.665095,255.0,90.364990234375
1734907673.665151,255.0,90.3607406616211
1734907673.666604,255.0,90.3486099243164
1734907673.666615,255.0,90.37380981445312
1734907673.6676166,255.0,90.32683563232422
1734907673.667911,255.0,90.37455749511719
1734907673.6692243,255.0,90.36559295654297
1734907673.6692584,255.0,90.3013687133789
1734907673.670898,255.0,90.3492202758789
1734907673.670936,255.0,90.2736587524414
1734907673.6719978,255.0,90.244873046875
1734907673.6721482,255.0,90.32743835449219
1734907673.673504,255.0,90.30194854736328
1734907673.673528,255.0,90.21598815917969
1734907673.6748607,255.0,90.1877670288086
1734907673.6749043,255.0,90.27420043945312
1734907673.676383,255.0,90.2453842163086
1734907673.676398,255.0,90.1607666015625
1734907673.6782122,255.0,90.2164535522461
1734907673.6782475,255.0,90.13543701171875
1734907673.6798174,255.0,90.11205291748047
1734907673.6798701,255.0,90.18817901611328
1734907673.6811647,255.0,90.16114044189453
1734907673.6812031,255.0,90.09080505371094
1734907673.682522,255.0,90.07177734375
1734907673.6827104,255.0,90.13575744628906
1734907673.6839452,255.0,90.05496978759766
1734907673.6841154,255.0,90.11233520507812
1734907673.685793,255.0,90.04035186767578
1734907673.6858199,255.0,90.0910415649414
1734907673.6872957,255.0,90.02782440185547
1734907673.687406,255.0,90.07196807861328
1734907673.6886404,255.0,90.05513000488281
1734907673.6891844,255.0,90.01726531982422
1734907673.6900647,255.0,90.00851440429688
1734907673.6901367,255.0,90.04048156738281
1734907673.6912649,255.0,90.02792358398438
1734907673.6914232,255.0,90.00141143798828
1734907673.6938596,255.0,88.71553802490234
1734907673.693885,255.0,88.7370834350586
1734907673.6954525,255.0,87.58379364013672
1734907673.6954956,255.0,87.60088348388672
1734907673.6967754,255.0,86.60214233398438
1734907673.697095,255.0,86.61528778076172
1734907673.6994395,255.0,85.77330780029297
1734907673.6994526,255.0,85.76359558105469
1734907673.7005148,255.0,85.05900573730469
1734907673.7008224,255.0,85.06576538085938
1734907673.7020447,255.0,84.48200988769531
1734907673.7020917,255.0,84.47774505615234
1734907673.70351,255.0,84.00833129882812
1734907673.703937,255.0,84.01052856445312
1734907673.705126,255.0,83.6393814086914
1734907673.7058408,255.0,83.63887023925781
1734907673.7061844,255.0,83.35662078857422
1734907673.706823,255.0,83.35745239257812
1734907673.7077658,255.0,83.15060424804688
1734907673.7077744,255.0,83.15245819091797
1734907673.7092009,255.0,83.01020050048828
1734907673.7092469,255.0,83.01282501220703
1734907673.7106342,255.0,82.92500305175781
1734907673.7106452,255.0,82.92816162109375
1734907673.7123914,255.0,82.88539123535156
1734907673.7124126,255.0,82.8888931274414
1734907673.7137015,255.0,82.88265991210938
1734907673.7138443,255.0,82.88633728027344
1734907673.7152798,255.0,82.90900421142578
1734907673.7153153,255.0,82.9127197265625
1734907673.7166355,255.0,82.9575424194336
1734907673.7168193,255.0,82.9612045288086
1734907673.7183733,255.0,83.0223159790039
1734907673.718408,255.0,83.02583312988281
1734907673.7199464,255.0,83.10151672363281
1734907673.721154,255.0,83.09819030761719
1734907673.7213428,255.0,83.1839599609375
1734907673.7226362,255.0,83.26962280273438
1734907673.7231455,255.0,83.18087768554688
1734907673.7241428,255.0,83.35562896728516
1734907673.7244322,255.0,83.26680755615234
1734907673.7256362,255.0,83.4397201538086
1734907673.7257416,255.0,83.35309600830078
1734907673.727136,255.0,83.4374771118164
1734907673.727166,255.0,83.52014923095703
1734907673.7287104,255.0,83.59565734863281
1734907673.7289932,255.0,83.5181884765625
1734907673.7304404,255.0,83.5939712524414
1734907673.7311614,255.0,83.66536712646484
1734907673.7318704,255.0,83.66393280029297
1734907673.7325933,255.0,83.72872924804688
1734907673.733665,255.0,83.7275390625
1734907673.7342393,255.0,83.78549194335938
1734907673.734744,255.0,83.7845230102539
1734907673.735568,255.0,83.83561706542969
1734907673.7364666,255.0,83.8348388671875
1734907673.7365415,255.0,83.87923431396484
1734907673.7377748,255.0,83.9166259765625
1734907673.7380574,255.0,83.87863159179688
1734907673.7388732,255.0,83.94816589355469
1734907673.7390802,255.0,83.91617584228516
1734907673.740243,255.0,83.94784545898438
1734907673.7403286,255.0,83.97429656982422
1734907673.7425103,255.0,83.12059020996094
1734907673.7425795,255.0,83.14200592041016
1734907673.744041,255.0,82.40718078613281
1734907673.7440696,255.0,82.39027404785156
1734907673.7458892,255.0,81.75482940673828
1734907673.7459333,255.0,81.76776885986328
1734907673.7471724,255.0,81.21971130371094
1734907673.7472115,255.0,81.2102279663086
1734907673.7486937,255.0,80.75096893310547
1734907673.7487202,255.0,80.75749206542969
1734907673.749894,255.0,80.37055206298828
1734907673.7500482,255.0,80.37458038330078
1734907673.7513213,255.0,80.06185913085938
1734907673.751832,255.0,80.0638198852539
1734907673.7530346,255.0,79.8177490234375
1734907673.753258,255.0,79.81745910644531
1734907673.7546327,255.0,79.6298599243164
1734907673.754671,255.0,79.62882232666016
1734907673.7561321,255.0,79.48967742919922
1734907673.7561643,255.0,79.49172973632812
1734907673.757258,255.0,79.39323425292969
1734907673.7574165,255.0,79.39603424072266
1734907673.7583988,255.0,79.33283996582031
1734907673.7585742,255.0,79.3361587524414
1734907673.7602153,255.0,79.30598449707031
1734907673.7602456,255.0,79.30235290527344
1734907673.7615871,255.0,79.29615783691406
1734907673.7617319,255.0,79.2999496459961
1734907673.7631302,255.0,79.31305694580078
1734907673.7631738,255.0,79.3092269897461
1734907673.7644427,255.0,79.34088134765625
1734907673.7645698,255.0,79.33712768554688
1734907673.7658741,255.0,79.37957763671875
1734907673.7659073,255.0,79.3759765625
1734907673.7670112,255.0,79.42583465576172
1734907673.7670271,255.0,79.42245483398438
1734907673.7683103,255.0,79.47373962402344
1734907673.768721,255.0,79.47686767578125
1734907673.7702096,255.0,79.53034973144531
1734907673.770259,255.0,79.52749633789062
1734907673.7714329,255.0,79.58439636230469
1734907673.7714515,255.0,79.58184051513672
1734907673.772815,255.0,79.63524627685547
1734907673.773113,255.0,79.63751220703125
1734907673.774175,255.0,79.68852996826172
1734907673.7742736,255.0,79.68656158447266
1734907673.7754786,255.0,79.73491668701172
1734907673.7755737,255.0,79.73661041259766
1734907673.7772655,255.0,79.7811508178711
1734907673.7776587,255.0,79.77971649169922
1734907673.7787704,255.0,79.82176208496094
1734907673.7788782,255.0,79.82057189941406
1734907673.7801445,255.0,79.8582534790039
1734907673.7802167,255.0,79.85729217529297
1734907673.781701,255.0,79.88980865478516
1734907673.7817774,255.0,79.89057922363281
1734907673.7830338,255.0,79.91819763183594
1734907673.7830791,255.0,79.91879272460938
1734907673.7845154,255.0,79.94305419921875
1734907673.7845316,255.0,79.94261932373047
1734907673.785838,255.0,79.96328735351562
1734907673.7860737,255.0,79.9636001586914
1734907673.7871833,255.0,79.98068237304688
1734907673.7873302,255.0,79.98048400878906
1734907673.7888453,255.0,79.99461364746094
1734907673.7897143,255.0,79.99451446533203
1734907673.7910233,255.0,80.64583587646484
1734907673.7919662,255.0,80.64581298828125
1734907673.7922637,255.0,81.2181396484375
1734907673.7930994,255.0,81.21817016601562
1734907673.793671,255.0,81.7138442993164
1734907673.7938714,255.0,81.71376037597656
1734907673.7966142,255.0,82.13642883300781
1734907673.7966309,255.0,82.13654327392578
1734907673.7978885,255.0,82.49093627929688
1734907673.797904,255.0,82.49107360839844
1734907673.7992673,255.0,82.7829360961914
1734907673.7994385,255.0,82.78277587890625
1734907673.8007188,255.0,83.01789093017578
1734907673.8007305,255.0,83.01805114746094
1734907673.8018389,255.0,83.2025375366211
1734907673.801944,255.0,83.20237731933594
1734907673.803495,255.0,83.34249877929688
1734907673.8035607,255.0,83.34233856201172
1734907673.8047981,255.0,83.44386291503906
1734907673.804908,255.0,83.4437026977539
1734907673.806443,255.0,83.51213073730469
1734907673.8065639,255.0,83.51227569580078
1734907673.8076158,255.0,83.55303192138672
1734907673.807691,255.0,83.55289459228516
1734907673.8091967,255.0,83.57086181640625
1734907673.8092206,255.0,83.57098388671875
1734907673.810639,255.0,83.57054901123047
1734907673.810669,255.0,83.5704345703125
1734907673.8123443,255.0,83.55555725097656
1734907673.8123767,255.0,83.55565643310547
1734907673.8136315,255.0,83.5296859741211
1734907673.813716,255.0,83.52976989746094
1734907673.815174,255.0,83.4958267211914
1734907673.8151934,255.0,83.49590301513672
1734907673.816722,255.0,83.45661163330078
1734907673.8168285,255.0,83.45655059814453
1734907673.8179715,255.0,83.41400909423828
1734907673.8181112,255.0,83.4140625
1734907673.8195882,255.0,83.36998748779297
1734907673.819693,255.0,83.37003326416016
1734907673.8210368,255.0,83.32595825195312
1734907673.821205,255.0,83.325927734375
1734907673.8224282,255.0,83.2829818725586
1734907673.8225758,255.0,83.28295135498047
1734907673.8237793,255.0,83.24193572998047
1734907673.8238595,255.0,83.24195861816406
1734907673.825206,255.0,83.20349884033203
1734907673.825269,255.0,83.2035140991211
1734907673.8263903,255.0,83.1680908203125
1734907673.8265257,255.0,83.16807556152344
1734907673.8278196,255.0,83.13592529296875
1734907673.8278418,255.0,83.13593292236328
1734907673.8294291,255.0,83.10717010498047
1734907673.8296363,255.0,83.10717010498047
1734907673.831028,255.0,83.08181762695312
1734907673.8313289,255.0,83.08181762695312
1734907673.8328855,255.0,83.05978393554688
1734907673.8329055,255.0,83.05978393554688
1734907673.8343432,255.0,83.04093170166016
1734907673.8343925,255.0,83.04092407226562
1734907673.8355176,255.0,83.02505493164062
1734907673.835604,255.0,83.0250473022461
1734907673.8370035,255.0,83.01192474365234
1734907673.8372784,255.0,83.01193237304688
1734907673.8390796,255.0,82.36116790771484
1734907673.839157,255.0,82.36117553710938
1734907673.840583,255.0,81.7890625
1734907673.8406613,255.0,81.78905487060547
1734907673.8418937,255.0,81.29340362548828
1734907673.8420722,255.0,81.29339599609375
1734907673.8435955,255.0,80.87052154541016
1734907673.8439558,255.0,80.87051391601562
1734907673.8454804,255.0,80.51567840576172
1734907673.8454971,255.0,80.51567077636719
1734907673.8470552,255.0,80.22339630126953
1734907673.8470645,255.0,80.223388671875
1734907673.8484204,255.0,79.98777770996094
1734907673.8485422,255.0,79.98778533935547
1734907673.849724,255.0,79.80274963378906
1734907673.8497474,255.0,79.8027572631836
1734907673.8510733,255.0,79.6622314453125
1734907673.8511515,255.0,79.66223907470703
1734907673.8525922,255.0,79.56031036376953
1734907673.8526437,255.0,79.56031799316406
1734907673.8540776,255.0,79.4913558959961
1734907673.8542383,255.0,79.4913558959961
1734907673.8552108,255.0,79.45008087158203
1734907673.8552995,255.0,79.4500732421875
1734907673.8566864,255.0,79.43163299560547
1734907673.8566966,255.0,79.43163299560547
1734907673.858015,255.0,79.4316177368164
1734907673.8580217,255.0,79.4316177368164
1734907673.8591623,255.0,79.44609832763672
1734907673.8593512,255.0,79.44609832763672
1734907673.8607774,255.0,79.47161865234375
1734907673.8608012,255.0,79.47161102294922
1734907673.862453,255.0,79.50515747070312
1734907673.8625162,255.0,79.50515747070312
1734907673.864091,255.0,79.5441665649414
1734907673.8641155,255.0,79.5441665649414
1734907673.8655567,255.0,79.58647155761719
1734907673.865616,255.0,79.58647155761719
1734907673.8669312,255.0,79.63030242919922
1734907673.8671062,255.0,79.63030242919922
1734907673.8684595,255.0,79.67420196533203
1734907673.8686192,255.0,79.67420196533203
1734907673.870019,255.0,79.717041015625
1734907673.870042,255.0,79.717041015625
1734907673.8712478,255.0,79.7579574584961
1734907673.8712542,255.0,79.7579574584961
1734907673.8725789,255.0,79.79631805419922
1734907673.872656,255.0,79.79631805419922
1734907673.8740325,255.0,79.8316879272461
1734907673.874057,255.0,79.8316879272461
1734907673.8755898,255.0,79.86380004882812
1734907673.8758621,255.0,79.86380004882812
1734907673.8770294,255.0,79.89253234863281
1734907673.8771412,255.0,79.89253234863281
1734907673.8788688,255.0,79.91787719726562
1734907673.8788888,255.0,79.91787719726562
1734907673.8801465,255.0,79.93990325927734
1734907673.8802617,255.0,79.93990325927734
1734907673.8816128,255.0,79.95877075195312
1734907673.8816779,255.0,79.9587631225586
1734907673.8828125,255.0,79.97465515136719
1734907673.883028,255.0,79.97465515136719
1734907673.884497,255.0,79.98780059814453
1734907673.8847003,255.0,79.98780059814453
1734907673.885633,255.0,79.99845123291016
1734907673.885844,255.0,79.99845123291016
1734907673.8881977,255.0,80.00686645507812
1734907673.8883538,255.0,80.00686645507812
1734907673.8893466,255.0,80.01331329345703
1734907673.8893652,255.0,80.01331329345703
1734907673.8906293,255.0,80.0180435180664
1734907673.8907585,255.0,80.0180435180664
1734907673.893401,255.0,80.02130889892578
1734907673.8934538,255.0,80.02130889892578
1734907673.8943825,255.0,80.02333068847656
1734907673.8950534,255.0,80.02333068847656
1734907673.89612,255.0,80.02433013916016
1734907673.8967261,255.0,80.02433013916016
1734907673.8977885,255.0,80.02449035644531
1734907673.8983026,255.0,80.02449035644531
1734907673.8992033,255.0,80.02399444580078
1734907673.8995757,255.0,80.02399444580078
1734907673.9005187,255.0,80.02299499511719
1734907673.9010255,255.0,80.02299499511719
1734907673.9021518,255.0,80.02161407470703
1734907673.902226,255.0,80.02161407470703
1734907673.9034898,255.0,80.01998138427734
1734907673.903635,255.0,80.01998138427734
1734907673.9048,255.0,80.0181884765625
1734907673.9049027,255.0,80.0181884765625
1734907673.9063258,255.0,80.01631164550781
1734907673.9063802,255.0,80.01631164550781
1734907673.907722,255.0,80.0144271850586
1734907673.907753,255.0,80.0144271850586
1734907673.9096847,255.0,80.01256561279297
1734907673.9097102,255.0,80.01256561279297
1734907673.9108734,255.0,80.01078796386719
1734907673.9111183,255.0,80.01078796386719
1734907673.912261,255.0,80.00911712646484
1734907673.9124935,255.0,80.00911712646484
1734907673.9139028,255.0,80.00756072998047
1734907673.914076,255.0,80.00756072998047
1734907673.915319,255.0,80.00614929199219
1734907673.9155266,255.0,80.00614929199219
1734907673.9169142,255.0,80.0048828125
1734907673.9169931,255.0,80.0048828125
1734907673.9179742,255.0,80.0037612915039
1734907673.9180017,255.0,80.0037612915039
1734907673.9195385,255.0,80.0027847290039
1734907673.919559,255.0,80.0027847290039
1734907673.920914,255.0,80.00194549560547
1734907673.920958,255.0,80.00194549560547
1734907673.9223351,255.0,80.00122833251953
1734907673.9224331,255.0,80.00122833251953
1734907673.9236622,255.0,80.00064086914062
1734907673.923706,255.0,80.00064086914062
1734907673.9251475,255.0,80.00016021728516
1734907673.9259968,255.0,80.00016021728516
1734907673.92637,255.0,79.9997787475586
1734907673.9280443,255.0,79.99948120117188
1734907673.9281967,255.0,79.9997787475586
1734907673.929552,255.0,79.999267578125
1734907673.9296374,255.0,79.99948120117188
1734907673.930995,255.0,79.999267578125
1734907673.9310055,255.0,79.99910736083984
1734907673.9319847,255.0,79.99910736083984
1734907673.9321542,255.0,79.99901580810547
1734907673.9334989,255.0,79.99896240234375
1734907673.933525,255.0,79.99901580810547
1734907673.9347944,255.0,79.99894714355469
1734907673.93499,255.0,79.99896240234375
1734907673.9376342,255.0,79.57219696044922
1734907673.937652,255.0,79.57221221923828
1734907673.9389267,255.0,79.19640350341797
1734907673.9389677,255.0,79.19644165039062
1734907673.9407306,255.0,78.87028503417969
1734907673.940769,255.0,78.8703384399414
1734907673.9421499,255.0,78.591552734375
1734907673.9421837,255.0,78.59162139892578
1734907673.943324,255.0,78.35721588134766
1734907673.9435616,255.0,78.35729217529297
1734907673.945115,255.0,78.16377258300781
1734907673.9451556,255.0,78.16385650634766
1734907673.9464254,255.0,78.00750732421875
1734907673.946648,255.0,78.00743103027344
1734907673.9477816,255.0,77.88433074951172
1734907673.9480608,255.0,77.8842544555664
1734907673.9492745,255.0,77.79031372070312
1734907673.9498928,255.0,77.79039001464844
1734907673.9504476,255.0,77.72183990478516
1734907673.9507675,255.0,77.72176361083984
1734907673.9520283,255.0,77.67493438720703
1734907673.952519,255.0,77.67500305175781
1734907673.953666,255.0,77.64639282226562
1734907673.9537032,255.0,77.64645385742188
1734907673.9550722,255.0,77.63301086425781
1734907673.9555566,255.0,77.6329574584961
1734907673.9569037,255.0,77.63174438476562
1734907673.9580665,255.0,77.64018249511719
1734907673.9586062,255.0,77.63179016113281
1734907673.959264,255.0,77.65599822998047
1734907673.9594305,255.0,77.64022827148438
1734907673.9609013,255.0,77.67720794677734
1734907673.960953,255.0,77.65603637695312
1734907673.9625463,255.0,77.7021255493164
1734907673.962572,255.0,77.67723846435547
1734907673.9640584,255.0,77.7021484375
1734907673.964128,255.0,77.72931671142578
1734907673.96537,255.0,77.75761413574219
1734907673.9660566,255.0,77.72933959960938
1734907673.9666495,255.0,77.78605651855469
1734907673.9668138,255.0,77.75762939453125
1734907673.9680927,255.0,77.81388092041016
1734907673.9682202,255.0,77.78607177734375
1734907673.9694855,255.0,77.84051513671875
1734907673.969685,255.0,77.81388854980469
1734907673.9716084,255.0,77.84052276611328
1734907673.9716504,255.0,77.86553192138672
1734907673.973313,255.0,77.88864135742188
1734907673.9733498,255.0,77.86553955078125
1734907673.9744864,255.0,77.8886489868164
1734907673.9745774,255.0,77.90966033935547
1734907673.975817,255.0,77.92849731445312
1734907673.9762363,255.0,77.90966033935547
1734907673.9770353,255.0,77.92849731445312
1734907673.9772642,255.0,77.94513702392578
1734907673.979318,255.0,77.95963287353516
1734907673.9793427,255.0,77.94513702392578
1734907673.9803567,255.0,77.97205352783203
1734907673.9806554,255.0,77.95962524414062
1734907673.981955,255.0,77.9825439453125
1734907673.982024,255.0,77.97205352783203
1734907673.9830077,255.0,77.9825439453125
1734907673.9836013,255.0,77.99124145507812
1734907673.9846551,255.0,77.99830627441406
1734907673.9846704,255.0,77.9912338256836
1734907673.9871018,255.0,77.99829864501953
1734907673.9872494,255.0,78.00389862060547
1734907673.9890904,255.0,78.00389862060547
1734907673.9892,255.0,78.00820922851562
1734907673.9904575,255.0,78.0082015991211
1734907673.990638,255.0,78.01138305664062
1734907673.9919868,255.0,78.01138305664062
1734907673.9922016,255.0,78.01359558105469
1734907673.9933527,255.0,78.01358795166016
1734907673.9936254,255.0,78.01498413085938
1734907673.9954429,255.0,78.01498413085938
1734907673.9955711,255.0,78.01569366455078
1734907673.9967313,255.0,78.01585388183594
1734907673.9967923,255.0,78.01569366455078
1734907673.998129,255.0,78.01557922363281
1734907673.9983997,255.0,78.01585388183594
1734907673.9994943,255.0,78.01496124267578
1734907673.9996002,255.0,78.01557922363281
1734907674.0008144,255.0,78.01409149169922
1734907674.0008287,255.0,78.01496124267578
1734907674.0022101,255.0,78.01409149169922
1734907674.0023746,255.0,78.01305389404297
1734907674.0040307,255.0,78.01190185546875
1734907674.0040486,255.0,78.01305389404297
1734907674.0054116,255.0,78.01190185546875
1734907674.0055866,255.0,78.01069641113281
1734907674.0066729,255.0,78.01068878173828
1734907674.006925,255.0,78.00946807861328
1734907674.0079856,255.0,78.00946807861328
1734907674.0080743,255.0,78.00826263427734
1734907674.0093114,255.0,78.00826263427734
1734907674.0094461,255.0,78.0071029663086
1734907674.0109239,255.0,78.00601196289062
1734907674.011202,255.0,78.0071029663086
1734907674.0126822,255.0,78.00601196289062
1734907674.0127172,255.0,78.0050048828125
1734907674.0141675,255.0,78.0050048828125
1734907674.014291,255.0,78.00407409667969
1734907674.0155435,255.0,78.00407409667969
1734907674.0155833,255.0,78.00325012207031
1734907674.0168884,255.0,78.00325012207031
1734907674.0169623,255.0,78.00251007080078
1734907674.0182827,255.0,78.00186920166016
1734907674.0189657,255.0,78.00251007080078
1734907674.0198226,255.0,78.00131225585938
1734907674.0202303,255.0,78.00186920166016
1734907674.021116,255.0,78.00084686279297
1734907674.0212896,255.0,78.00131225585938
1734907674.02246,255.0,78.00084686279297
1734907674.0231595,255.0,78.00045776367188
1734907674.0238466,255.0,78.00045776367188
1734907674.025227,255.0,78.00013732910156
1734907674.0261571,255.0,78.00013732910156
1734907674.0265954,255.0,77.9998779296875
1734907674.0283327,255.0,77.9998779296875
1734907674.0286806,255.0,77.99968719482422
1734907674.0291636,255.0,77.99968719482422
1734907674.0300577,255.0,77.9995346069336
1734907674.030402,255.0,77.9995346069336
1734907674.0313172,255.0,77.99943542480469
1734907674.0315626,255.0,77.99943542480469
1734907674.0326185,255.0,77.9993667602539
1734907674.0340607,255.0,77.9993667602539
1734907674.0351136,255.0,77.99932861328125
1734907674.035328,255.0,77.99932861328125
1734907674.0369852,255.0,77.99932098388672
1734907674.0370328,255.0,77.99932098388672
1734907674.0383008,255.0,77.99932861328125
1734907674.0384166,255.0,77.99932861328125
1734907674.0394862,255.0,77.99935150146484
1734907674.0395875,255.0,77.99935150146484
1734907674.0406902,255.0,77.99938201904297
1734907674.0408375,255.0,77.99938201904297
1734907674.04212,255.0,77.99942779541016
1734907674.042144,255.0,77.99942779541016
1734907674.0435698,255.0,77.99947357177734
1734907674.0435946,255.0,77.99947357177734
1734907674.0453188,255.0,77.99952697753906
1734907674.0463672,255.0,77.99952697753906
1734907674.0465536,255.0,77.99958038330078
1734907674.0477054,255.0,77.99958038330078
1734907674.0479941,255.0,77.9996337890625
1734907674.0487328,255.0,77.9996337890625
1734907674.0495083,255.0,77.99968719482422
1734907674.049674,255.0,77.99968719482422
1734907674.0506613,255.0,77.9997329711914
1734907674.0507233,255.0,77.9997329711914
1734907674.052038,255.0,77.9997787475586
1734907674.0521781,255.0,77.9997787475586
1734907674.0537295,255.0,77.99981689453125
1734907674.0539036,255.0,77.99981689453125
1734907674.05471,255.0,77.9998550415039
1734907674.0550976,255.0,77.9998550415039
1734907674.0562103,255.0,77.99988555908203
1734907674.0563273,255.0,77.99988555908203
1734907674.0575144,255.0,77.99991607666016
1734907674.057652,255.0,77.99991607666016
1734907674.0590365,255.0,77.99993896484375
1734907674.059111,255.0,77.99993896484375
1734907674.0603292,255.0,77.99996185302734
1734907674.0604482,255.0,77.99996185302734
1734907674.061929,255.0,77.9999771118164
1734907674.062111,255.0,77.9999771118164
1734907674.0636756,255.0,77.99999237060547
1734907674.0639231,255.0,77.99999237060547
1734907674.0653236,255.0,78.0
1734907674.06537,255.0,78.0
1734907674.0666919,255.0,78.00001525878906
1734907674.0668747,255.0,78.00001525878906
1734907674.0680811,255.0,78.00001525878906
1734907674.068334,255.0,78.00001525878906
1734907674.0699522,255.0,78.0000228881836
1734907674.0705106,255.0,78.0000228881836
1734907674.0718157,255.0,78.0000228881836
1734907674.0718381,255.0,78.0000228881836
1734907674.072927,255.0,78.00003051757812
1734907674.0729465,255.0,78.00003051757812
1734907674.0741796,255.0,78.00003051757812
1734907674.0743272,255.0,78.00003051757812
1734907674.075515,255.0,78.00003051757812
1734907674.0756226,255.0,78.00003051757812
1734907674.0770702,255.0,78.00003051757812
1734907674.077297,255.0,78.00003051757812
1734907674.0792243,255.0,78.00003051757812
1734907674.0794094,255.0,78.00003051757812
1734907674.080751,255.0,78.0000228881836
1734907674.0809944,255.0,78.0000228881836
1734907674.081952,255.0,78.0000228881836
1734907674.0823836,255.0,78.0000228881836
1734907674.0840807,255.0,78.21339416503906
1734907674.0841055,255.0,78.21339416503906
1734907674.0861053,255.0,78.40129852294922
1734907674.086383,255.0,78.40129852294922
1734907674.0877721,255.0,78.56437683105469
1734907674.0877948,255.0,78.56437683105469
1734907674.0888708,255.0,78.70376586914062
1734907674.0890424,255.0,78.70376586914062
1734907674.0901592,255.0,78.82096862792969
1734907674.0903971,255.0,78.82096862792969
1734907674.0915492,255.0,78.917724609375
1734907674.0915968,255.0,78.917724609375
1734907674.0929737,255.0,78.99593353271484
1734907674.0930026,255.0,78.99593353271484
1734907674.0943708,255.0,79.05756378173828
1734907674.0947511,255.0,79.05756378173828
1734907674.0962906,255.0,79.10456848144531
1734907674.0963755,255.0,79.10456848144531
1734907674.0975864,255.0,79.13887786865234
1734907674.098007,255.0,79.13887786865234
1734907674.0989594,255.0,79.1623306274414
1734907674.0993414,255.0,79.1623306274414
1734907674.100711,255.0,79.1766357421875
1734907674.1008933,255.0,79.1766357421875
1734907674.1019511,255.0,79.18338775634766
1734907674.1023612,255.0,79.18338775634766
1734907674.1032908,255.0,79.18402099609375
1734907674.1036084,255.0,79.18402099609375
1734907674.1046495,255.0,79.17982482910156
1734907674.1046853,255.0,79.17982482910156
1734907674.1061628,255.0,79.17193603515625
1734907674.1072736,255.0,79.17193603515625
1734907674.1076818,255.0,79.1613540649414
1734907674.108093,255.0,79.1613540649414
1734907674.108973,255.0,79.14891052246094
1734907674.109514,255.0,79.14891052246094
1734907674.110434,255.0,79.13532257080078
1734907674.1106458,255.0,79.13532257080078
1734907674.112469,255.0,79.12118530273438
1734907674.1124938,255.0,79.12118530273438
1734907674.1135972,255.0,79.10697174072266
1734907674.1137545,255.0,79.10697174072266
1734907674.1152432,255.0,79.09307098388672
1734907674.1152697,255.0,79.09307098388672
1734907674.116521,255.0,79.07975769042969
1734907674.1165364,255.0,79.07975769042969
1734907674.1176977,255.0,79.06725311279297
1734907674.118184,255.0,79.06725311279297
1734907674.11939,255.0,79.05569458007812
1734907674.1208127,255.0,79.05569458007812
1734907674.120948,255.0,79.0451889038086
1734907674.1220207,255.0,79.03577423095703
1734907674.1221654,255.0,79.0451889038086
1734907674.123807,255.0,79.02745056152344
1734907674.1250782,255.0,79.02020263671875
1734907674.1263142,255.0,79.03577423095703
1734907674.126524,255.0,79.01399230957031
1734907674.127003,255.0,79.02745056152344
1734907674.1278894,255.0,79.00874328613281
1734907674.1290104,255.0,79.02020263671875
1734907674.130026,255.0,79.00439453125
1734907674.1305106,255.0,79.01399230957031
1734907674.1311798,255.0,79.00086212158203
1734907674.1317384,255.0,79.00874328613281
1734907674.1335988,255.0,79.21144104003906
1734907674.1339421,255.0,79.2177734375
1734907674.1347568,255.0,79.40214538574219
1734907674.1347978,255.0,79.39718627929688
1734907674.136649,255.0,79.55867767333984
1734907674.13689,255.0,79.56242370605469
1734907674.1384082,255.0,79.69696044921875
1734907674.138815,255.0,79.69966125488281
1734907674.1401591,255.0,79.81526947021484
1734907674.140394,255.0,79.81346893310547
1734907674.1416473,255.0,79.90987396240234
1734907674.141808,255.0,79.91092681884766
1734907674.1427672,255.0,79.98800659179688
1734907674.1430047,255.0,79.98844146728516
1734907674.1449702,255.0,80.04976654052734
1734907674.1450796,255.0,80.04971313476562
1734907674.14598,255.0,80.09708404541016
1734907674.1463757,255.0,80.09664154052734
1734907674.147535,255.0,80.13182830810547
1734907674.1488125,255.0,80.15579986572266
1734907674.1489244,255.0,80.13109588623047
1734907674.1500382,255.0,80.15484619140625
1734907674.1502748,255.0,80.17068481445312
1734907674.151657,255.0,80.17803955078125
1734907674.1522887,255.0,80.16958618164062
1734907674.1531522,255.0,80.1768569946289
1734907674.1534781,255.0,80.17928314208984
1734907674.1546147,255.0,80.17568969726562
1734907674.154745,255.0,80.17807006835938
1734907674.1561244,255.0,80.17447662353516
1734907674.1564865,255.0,80.16838073730469
1734907674.1572862,255.0,80.16720581054688
1734907674.1574738,255.0,80.15834045410156
1734907674.1584973,255.0,80.14640808105469
1734907674.158789,255.0,80.15721893310547
1734907674.15987,255.0,80.14535522460938
1734907674.1599019,255.0,80.13328552246094
1734907674.1614554,255.0,80.11956024169922
1734907674.1614964,255.0,80.13231658935547
1734907674.1646292,255.0,80.10572052001953
1734907674.1655352,255.0,80.11868286132812
1734907674.1670794,255.0,80.10493469238281
1734907674.1678874,255.0,80.09213256835938
1734907674.168651,255.0,80.09144592285156
1734907674.169532,255.0,80.0791015625
1734907674.1706758,255.0,80.07849884033203
1734907674.1714492,255.0,80.06682586669922
1734907674.1733828,255.0,80.05547332763672
1734907674.1742253,255.0,80.04512023925781
1734907674.1751115,255.0,80.06631469726562
1734907674.175219,255.0,80.03583526611328
1734907674.1760817,255.0,80.05503845214844
1734907674.1763296,255.0,80.0276107788086
1734907674.1769576,255.0,80.04476928710938
1734907674.1778438,255.0,80.0355453491211
1734907674.1793864,255.0,80.02738189697266
1734907674.1805108,255.0,80.02043914794922
1734907674.181023,255.0,80.020263671875
1734907674.1817098,255.0,80.01427459716797
1734907674.1843114,255.0,80.00906372070312
1734907674.1845655,255.0,80.01415252685547
1734907674.1854908,255.0,80.00897979736328
1734907674.1856554,255.0,80.00473022460938
1734907674.1872354,255.0,80.00467681884766
1734907674.1880066,255.0,80.00120544433594
1734907674.1882179,255.0,80.00118255615234
1734907674.1897664,255.0,79.99839782714844
1734907674.1903963,255.0,79.99839782714844
1734907674.1910703,255.0,79.99623107910156
1734907674.191082,255.0,79.99624633789062
1734907674.1925738,255.0,79.9946517944336
1734907674.1925883,255.0,79.99462890625
1734907674.1938415,255.0,79.99353790283203
1734907674.1939738,255.0,79.99349975585938
1734907674.1952405,255.0,79.9927749633789
1734907674.1955261,255.0,79.9928207397461
1734907674.196959,255.0,79.99244689941406
1734907674.1971223,255.0,79.99239349365234
1734907674.1985972,255.0,79.9922866821289
1734907674.198863,255.0,79.99234008789062
1734907674.2007952,255.0,79.99240112304688
1734907674.2011726,255.0,79.99244689941406
1734907674.2023919,255.0,79.99268341064453
1734907674.2030125,255.0,79.99272918701172
1734907674.2036705,255.0,79.99308776855469
1734907674.204543,255.0,79.9931411743164
1734907674.2075179,255.0,79.99358367919922
1734907674.2080631,255.0,79.994140625
1734907674.2097719,255.0,79.9947280883789
1734907674.2112622,255.0,79.9936294555664
1734907674.2116165,255.0,79.99532318115234
1734907674.2121708,255.0,79.99418640136719
1734907674.2133274,255.0,79.99476623535156
1734907674.2141845,255.0,79.99591064453125
1734907674.2149563,255.0,79.99647521972656
1734907674.215309,255.0,79.99535369873047
1734907674.216132,255.0,79.99700927734375
1734907674.2164412,255.0,79.99594116210938
1734907674.217752,255.0,79.99751281738281
1734907674.217799,255.0,79.99650573730469
1734907674.2189655,255.0,79.99703216552734
1734907674.2189765,255.0,79.99796295166016
1734907674.2202964,255.0,79.99752807617188
1734907674.2203803,255.0,79.99837493896484
1734907674.2217007,255.0,79.99797821044922
1734907674.2218428,255.0,79.99874114990234
1734907674.2229333,255.0,79.9983901977539
1734907674.223152,255.0,79.99905395507812
1734907674.2246072,255.0,79.99932861328125
1734907674.2251306,255.0,79.99874877929688
1734907674.2260063,255.0,79.99956512451172
1734907674.2261727,255.0,79.99906158447266
1734907674.2275517,255.0,79.999755859375
1734907674.2278206,255.0,79.99933624267578
1734907674.2291005,255.0,79.99956512451172
1734907674.229447,255.0,79.99991607666016
1734907674.2314186,255.0,79.35991668701172
1734907674.2316346,255.0,79.35963439941406
1734907674.234109,255.0,78.79607391357422
1734907674.2341745,255.0,78.79630279541016
1734907674.2355046,255.0,78.30713653564453
1734907674.2357438,255.0,78.30696868896484
1734907674.2367241,255.0,77.8890151977539
1734907674.2367344,255.0,77.8888931274414
1734907674.2381485,255.0,77.53744506835938
1734907674.2383597,255.0,77.537353515625
1734907674.2395034,255.0,77.24712371826172
1734907674.239534,255.0,77.24718475341797
1734907674.240611,255.0,77.01252746582031
1734907674.2406323,255.0,77.0125503540039
1734907674.2420633,255.0,76.82766723632812
1734907674.2422912,255.0,76.8276596069336
1734907674.2435172,255.0,76.6866226196289
1734907674.2436724,255.0,76.68663787841797
1734907674.2450802,255.0,76.58369445800781
1734907674.245969,255.0,76.58367156982422
1734907674.2468517,255.0,76.51333618164062
1734907674.2474966,255.0,76.51329803466797
1734907674.2482793,255.0,76.47039794921875
1734907674.2487476,255.0,76.47035217285156
1734907674.2497485,255.0,76.45012664794922
1734907674.2499568,255.0,76.45008087158203
1734907674.2509108,255.0,76.44820404052734
1734907674.25097,255.0,76.44815063476562
1734907674.25245,255.0,76.46076202392578
1734907674.2524796,255.0,76.46070861816406
1734907674.2539515,255.0,76.48434448242188
1734907674.2540283,255.0,76.48439025878906
1734907674.255178,255.0,76.51608276367188
1734907674.2553048,255.0,76.51612854003906
1734907674.256562,255.0,76.55338287353516
1734907674.2566235,255.0,76.55342864990234
1734907674.257944,255.0,76.59416198730469
1734907674.258029,255.0,76.59412384033203
1734907674.2595043,255.0,76.63655090332031
1734907674.2595239,255.0,76.63651275634766
1734907674.2611947,255.0,76.67913055419922
1734907674.2615497,255.0,76.67916107177734
1734907674.2628317,255.0,76.72083282470703
1734907674.2629051,255.0,76.72086334228516
1734907674.2642808,255.0,76.7607650756836
1734907674.2647054,255.0,76.76078796386719
1734907674.266456,255.0,76.79829406738281
1734907674.2665217,255.0,76.79827117919922
1734907674.2681372,255.0,76.83291625976562
1734907674.2683952,255.0,76.83293914794922
1734907674.2700582,255.0,76.86444854736328
1734907674.2706769,255.0,76.86443328857422
1734907674.2712479,255.0,76.89269256591797
1734907674.2716901,255.0,76.8926773071289
1734907674.2722645,255.0,76.91764831542969
1734907674.2722878,255.0,76.91764068603516
1734907674.2734048,255.0,76.93937683105469
1734907674.2737956,255.0,76.93936920166016
1734907674.274721,255.0,76.95801544189453
1734907674.2748034,255.0,76.95801544189453
1734907674.2760093,255.0,76.97374725341797
1734907674.276085,255.0,76.97374725341797
1734907674.2774513,255.0,76.9867935180664
1734907674.2774625,255.0,76.9867935180664
1734907674.2785866,255.0,76.99739074707031
1734907674.2788064,255.0,76.99739074707031
1734907674.281682,255.0,77.64591979980469
1734907674.2817042,255.0,77.64591979980469
1734907674.2828531,255.0,78.21610260009766
1734907674.2830758,255.0,78.21610260009766
1734907674.2845163,255.0,78.71011352539062
1734907674.2845864,255.0,78.7101058959961
1734907674.285703,255.0,79.13159942626953
1734907674.2860196,255.0,79.13159942626953
1734907674.2874744,255.0,79.48529815673828
1734907674.2874947,255.0,79.48530578613281
1734907674.2886474,255.0,79.77665710449219
1734907674.2887478,255.0,79.77665710449219
1734907674.2900474,255.0,80.01154327392578
1734907674.2910142,255.0,80.01153564453125
1734907674.2915692,255.0,80.19600677490234
1734907674.2921844,255.0,80.19600677490234
1734907674.2936003,255.0,80.33612060546875
1734907674.2939527,255.0,80.33612060546875
1734907674.295143,255.0,80.43775939941406
1734907674.2954319,255.0,80.43775939941406
1734907674.2967207,255.0,80.50655364990234
1734907674.2969596,255.0,80.50655364990234
1734907674.2981956,255.0,80.5477523803711
1734907674.298795,255.0,80.54774475097656
1734907674.2998228,255.0,80.5661849975586
1734907674.3008444,255.0,80.56625366210938
1734907674.3009768,255.0,80.5661849975586
1734907674.302003,255.0,80.56625366210938
1734907674.302128,255.0,80.55186462402344
1734907674.3028917,255.0,80.55186462402344
1734907674.3038635,255.0,80.52647399902344
1734907674.303926,255.0,80.52647399902344
1734907674.3049252,255.0,80.49307250976562
1734907674.3051732,255.0,80.49307250976562
1734907674.306353,255.0,80.45423126220703
1734907674.306431,255.0,80.45423126220703
1734907674.3080032,255.0,80.4120864868164
1734907674.3085778,255.0,80.4120864868164
1734907674.309351,255.0,80.3684310913086
1734907674.3094022,255.0,80.3684310913086
1734907674.3109355,255.0,80.32469177246094
1734907674.3114698,255.0,80.32469940185547
1734907674.3122213,255.0,80.28201293945312
1734907674.3125303,255.0,80.28201293945312
1734907674.3139665,255.0,80.24124145507812
1734907674.3140345,255.0,80.24124145507812
1734907674.3152905,255.0,80.2030258178711
1734907674.31555,255.0,80.2030258178711
1734907674.3168092,255.0,80.16777801513672
1734907674.317015,255.0,80.16777801513672
1734907674.3179965,255.0,80.13578033447266
1734907674.3181198,255.0,80.13578033447266
1734907674.319564,255.0,80.10713958740234
1734907674.3196712,255.0,80.10713958740234
1734907674.321128,255.0,80.0818862915039
1734907674.3212006,255.0,80.0818862915039
1734907674.3223855,255.0,80.05992889404297
1734907674.3225372,255.0,80.05992889404297
1734907674.3243883,255.0,80.04113006591797
1734907674.3244376,255.0,80.04113006591797
1734907674.3257153,255.0,80.0252914428711
1734907674.32602,255.0,80.0252914428711
1734907674.3279865,255.0,80.01219177246094
1734907674.328028,255.0,80.01219177246094
1734907674.330473,255.0,80.00157165527344
1734907674.330892,255.0,80.00157165527344
1734907674.3318954,255.0,79.99317932128906
1734907674.3321307,255.0,79.99317932128906
1734907674.333381,255.0,79.98675537109375
1734907674.333493,255.0,79.98675537109375
1734907674.334847,255.0,79.9820327758789
1734907674.3358934,255.0,79.9820327758789
1734907674.3365777,255.0,79.9787826538086
1734907674.3370059,255.0,79.9787826538086
1734907674.3378189,255.0,79.97676086425781
1734907674.3382406,255.0,79.97676086425781
1734907674.3391488,255.0,79.97576904296875
1734907674.339535,255.0,79.97576904296875
1734907674.340711,255.0,79.97560119628906
1734907674.3411498,255.0,79.97560119628906
1734907674.3420393,255.0,79.9760971069336
1734907674.3421109,255.0,79.9760971069336
1734907674.343198,255.0,79.97708892822266
1734907674.3432949,255.0,79.97708892822266
1734907674.3445075,255.0,79.97846221923828
1734907674.3447695,255.0,79.97846221923828
1734907674.3461533,255.0,79.98008728027344
1734907674.3463924,255.0,79.98008728027344
1734907674.347991,255.0,79.98187255859375
1734907674.348008,255.0,79.98187255859375
1734907674.3493369,255.0,79.9837417602539
1734907674.349358,255.0,79.9837417602539
1734907674.3504784,255.0,79.98562622070312
1734907674.3505616,255.0,79.98562622070312
1734907674.351906,255.0,79.98747253417969
1734907674.3519351,255.0,79.98747253417969
1734907674.3536935,255.0,79.98925018310547
1734907674.3537354,255.0,79.98925018310547
1734907674.355375,255.0,79.99091339111328
1734907674.3554187,255.0,79.99091339111328
1734907674.3568416,255.0,79.99246215820312
1734907674.3569355,255.0,79.99246215820312
1734907674.3581975,255.0,79.99386596679688
1734907674.358296,255.0,79.99386596679688
1734907674.359144,255.0,79.99513244628906
1734907674.359452,255.0,79.99513244628906
1734907674.3607218,255.0,79.99624633789062
1734907674.3608444,255.0,79.99624633789062
1734907674.3622274,255.0,79.99722290039062
1734907674.362328,255.0,79.99722290039062
1734907674.3638964,255.0,79.99806213378906
1734907674.3639624,255.0,79.99806213378906
1734907674.3653681,255.0,79.99877166748047
1734907674.3653948,255.0,79.99877166748047
1734907674.366722,255.0,79.99935913085938
1734907674.3669102,255.0,79.99935913085938
1734907674.368177,255.0,79.99983978271484
1734907674.368302,255.0,79.99983978271484
1734907674.369416,255.0,80.0002212524414
1734907674.3694613,255.0,80.0002212524414
1734907674.370934,255.0,80.0005111694336
1734907674.3709996,255.0,80.0005111694336
1734907674.3721478,255.0,80.000732421875
1734907674.3721752,255.0,80.000732421875
1734907674.3736024,255.0,80.00088500976562
1734907674.3736691,255.0,80.00088500976562
1734907674.3751142,255.0,80.00098419189453
1734907674.37513,255.0,80.00098419189453
1734907674.3780756,255.0,80.00103759765625
1734907674.378158,255.0,80.00103759765625
1734907674.3797786,255.0,80.00105285644531
1734907674.3800046,255.0,80.00105285644531
1734907674.3818088,255.0,80.00103759765625
1734907674.3819804,255.0,80.00103759765625
1734907674.3832839,255.0,80.0009994506836
1734907674.3837497,255.0,80.0009994506836
1734907674.384602,255.0,80.00093841552734
1734907674.3853378,255.0,80.00093841552734
1734907674.385949,255.0,80.00086975097656
1734907674.387592,255.0,80.00086975097656
1734907674.3881793,255.0,80.00079345703125
1734907674.3898735,255.0,80.00079345703125
1734907674.3905935,255.0,80.00071716308594
1734907674.390853,255.0,80.00071716308594
1734907674.3929346,255.0,80.0006332397461
1734907674.3939369,255.0,80.0006332397461
1734907674.3948843,255.0,80.00055694580078
1734907674.3955836,255.0,80.00055694580078
1734907674.3960807,255.0,80.00048065185547
1734907674.3976858,255.0,80.00048065185547
1734907674.3987768,255.0,80.00040435791016
1734907674.399644,255.0,80.00040435791016
1734907674.400737,255.0,80.00033569335938
1734907674.400839,255.0,80.00033569335938
1734907674.4016855,255.0,80.00027465820312
1734907674.402061,255.0,80.00027465820312
1734907674.4033406,255.0,80.0002212524414
1734907674.4039412,255.0,80.0002212524414
1734907674.4046097,255.0,80.00016784667969
1734907674.4049509,255.0,80.00016784667969
1734907674.406344,255.0,80.00012969970703
1734907674.406374,255.0,80.00012969970703
1734907674.4073608,255.0,80.00009155273438
1734907674.4075933,255.0,80.00009155273438
1734907674.4087265,255.0,80.00006103515625
1734907674.4087691,255.0,80.00006103515625
1734907674.4099119,255.0,80.00003051757812
1734907674.4102087,255.0,80.00003051757812
1734907674.411314,255.0,80.00000762939453
1734907674.411475,255.0,80.00000762939453
1734907674.4132164,255.0,79.99999237060547
1734907674.4133916,255.0,79.99999237060547
1734907674.415052,255.0,79.9999771118164
1734907674.4152567,255.0,79.9999771118164
1734907674.4164567,255.0,79.99996948242188
1734907674.4169059,255.0,79.99996948242188
1734907674.4175682,255.0,79.99996185302734
1734907674.4181318,255.0,79.99996185302734
1734907674.4193485,255.0,79.99996185302734
1734907674.4196122,255.0,79.99996185302734
1734907674.4211392,255.0,79.99995422363281
1734907674.4211783,255.0,79.99995422363281
1734907674.4229147,255.0,79.99995422363281
1734907674.4229589,255.0,79.99995422363281
1734907674.4237883,255.0,79.99995422363281
1734907674.423951,255.0,79.99995422363281
1734907674.4252088,255.0,79.99995422363281
1734907674.4252238,255.0,79.99995422363281
1734907674.4274614,255.0,80.21333312988281
1734907674.4277334,255.0,80.21333312988281
1734907674.4291196,255.0,80.4012451171875
1734907674.429161,255.0,80.4012451171875
1734907674.4308753,255.0,80.56432342529297
1734907674.4310405,255.0,80.56432342529297
1734907674.4321876,255.0,80.70372009277344
1734907674.4323192,255.0,80.70372009277344
1734907674.4334867,255.0,80.8209228515625
1734907674.433721,255.0,80.8209228515625
1734907674.4349973,255.0,80.91768646240234
1734907674.4352489,255.0,80.91768646240234
1734907674.4365559,255.0,80.99590301513672
1734907674.4380517,255.0,81.05753326416016
1734907674.4382808,255.0,80.99590301513672
1734907674.439061,255.0,81.05753326416016
1734907674.4392765,255.0,81.10454559326172
1734907674.4406416,255.0,81.10454559326172
1734907674.4407094,255.0,81.13886260986328
1734907674.4421031,255.0,81.16231536865234
1734907674.4431734,255.0,81.13886260986328
1734907674.4436336,255.0,81.17662811279297
1734907674.4439156,255.0,81.16231536865234
1734907674.444861,255.0,81.17662811279297
1734907674.4449084,255.0,81.18338012695312
1734907674.4464931,255.0,81.18338012695312
1734907674.4466703,255.0,81.18401336669922
1734907674.4478045,255.0,81.18401336669922
1734907674.448054,255.0,81.17981719970703
1734907674.4492333,255.0,81.17981719970703
1734907674.4493325,255.0,81.17193603515625
1734907674.4503338,255.0,81.17193603515625
1734907674.4506555,255.0,81.1613540649414
1734907674.4520948,255.0,81.1613540649414
1734907674.4522638,255.0,81.14891052246094
1734907674.4536746,255.0,81.14891052246094
1734907674.4539263,255.0,81.13532257080078
1734907674.4550662,255.0,81.13532257080078
1734907674.455101,255.0,81.12118530273438
1734907674.4564905,255.0,81.10697937011719
1734907674.4566197,255.0,81.12118530273438
1734907674.4575784,255.0,81.10697937011719
1734907674.4578068,255.0,81.09307098388672
1734907674.4592152,255.0,81.07975769042969
1734907674.4592564,255.0,81.09307098388672
1734907674.460593,255.0,81.06725311279297
1734907674.460623,255.0,81.07975769042969
1734907674.4619787,255.0,81.06725311279297
1734907674.462191,255.0,81.05570220947266
1734907674.4647884,222.5669708251953,81.05570220947266
1734907674.4649348,222.5669708251953,81.0451889038086
1734907674.466243,194.0053253173828,81.0451889038086
1734907674.466335,194.0053253173828,81.03577423095703
1734907674.4674969,169.21734619140625,81.03577423095703
1734907674.4676044,169.21734619140625,81.02745056152344
1734907674.4687748,148.02992248535156,81.02745056152344
1734907674.4688458,148.02992248535156,81.02021026611328
1734907674.470206,130.215087890625,81.02021026611328
1734907674.4704711,130.215087890625,81.01399230957031
1734907674.4714808,115.50749969482422,81.00875091552734
1734907674.4715796,115.50749969482422,81.01399230957031
1734907674.4728339,103.61919403076172,81.00875091552734
1734907674.4729881,103.61919403076172,81.00440216064453
1734907674.474324,94.25177001953125,81.00440216064453
1734907674.4744897,94.25177001953125,81.00086212158203
1734907674.476605,87.10620880126953,80.3607406616211
1734907674.4766512,87.10620880126953,80.35794067382812
1734907674.4780352,81.89063262939453,79.79421997070312
1734907674.4783716,81.89063262939453,79.79206848144531
1734907674.4796858,78.32622528076172,79.30123901367188
1734907674.4797072,78.32622528076172,79.3028335571289
1734907674.4817035,76.15157318115234,78.8819580078125
1734907674.4819896,76.15157318115234,78.88306427001953
1734907674.4834752,75.1255874633789,78.52965545654297
1734907674.4838095,75.1255874633789,78.53034973144531
1734907674.4852557,75.02933502197266,78.23937225341797
1734907674.4857035,75.02933502197266,78.239013671875
1734907674.486714,75.66687774658203,78.00437927246094
1734907674.4875252,75.66687774658203,78.0042953491211
1734907674.4876783,76.86540222167969,77.81941223144531
1734907674.4887345,76.86540222167969,77.81954956054688
1734907674.4894578,78.4746322631836,77.67852020263672
1734907674.489959,78.4746322631836,77.67882537841797
1734907674.4904497,80.36590576171875,77.57588958740234
1734907674.4907033,80.36590576171875,77.57632446289062
1734907674.491933,82.4308090209961,77.50597381591797
1734907674.493153,84.57963562011719,77.46356964111328
1734907674.4932294,82.4308090209961,77.5064926147461
1734907674.4959497,84.57963562011719,77.46414947509766
1734907674.497066,86.73968505859375,77.44450378417969
1734907674.4974496,86.73968505859375,77.44389343261719
1734907674.498517,88.85348510742188,77.4426040649414
1734907674.498831,88.85348510742188,77.4432144165039
1734907674.5004382,91.30374145507812,77.45579528808594
1734907674.500466,91.30374145507812,77.4563980102539
1734907674.5016253,93.58043670654297,77.48004913330078
1734907674.5019133,93.58043670654297,77.48062896728516
1734907674.5029426,95.66254425048828,77.51239013671875
1734907674.5032465,95.66254425048828,77.512939453125
1734907674.5046184,97.53849792480469,77.5502700805664
1734907674.5052972,97.53849792480469,77.55077362060547
1734907674.5056508,99.20443725585938,77.5915298461914
1734907674.5061963,99.20443725585938,77.59198760986328
1734907674.5070512,100.6626968383789,77.6343994140625
1734907674.5072508,100.6626968383789,77.63481903076172
1734907674.5086346,101.92040252685547,77.67781829833984
1734907674.5087972,101.92040252685547,77.67745208740234
1734907674.509724,102.98828125,77.71953582763672
1734907674.5100467,102.98828125,77.71985626220703
1734907674.5111609,103.87959289550781,77.75979614257812
1734907674.5114365,103.87959289550781,77.76007080078125
1734907674.512807,104.60929870605469,77.79759216308594
1734907674.51305,104.60929870605469,77.79782104492188
1734907674.514562,105.1932601928711,77.83248138427734
1734907674.5146098,105.1932601928711,77.83267974853516
1734907674.5159404,105.64769744873047,77.86419677734375
1734907674.515988,105.64769744873047,77.8643569946289
1734907674.5173364,105.9886474609375,77.89261627197266
1734907674.5176435,105.9886474609375,77.89273834228516
1734907674.518899,106.23163604736328,77.9177017211914
1734907674.519143,106.23163604736328,77.91780090332031
1734907674.5201962,106.39137268066406,77.93953704833984
1734907674.520551,106.39137268066406,77.93961334228516
1734907674.5217311,106.4815444946289,77.958251953125
1734907674.5218766,106.4815444946289,77.95830535888672
1734907674.522827,106.51469421386719,77.97404479980469
1734907674.5231588,106.51469421386719,77.97407531738281
1734907674.5250158,106.50214385986328,78.41387176513672
1734907674.5253017,106.50214385986328,78.41389465332031
1734907674.5263586,106.45397186279297,78.80030059814453
1734907674.5266573,106.45397186279297,78.80030822753906
1734907674.5279045,106.37899780273438,79.13487243652344
1734907674.52807,106.37899780273438,79.1348648071289
1734907674.5296729,106.28485107421875,79.42011260986328
1734907674.5298762,106.28485107421875,79.42009735107422
1734907674.5312595,106.17803192138672,79.65925598144531
1734907674.5313163,106.17803192138672,79.6592788696289
1734907674.5327306,106.06397247314453,79.85609436035156
1734907674.5327547,106.06397247314453,79.8560791015625
1734907674.534024,105.94711303710938,80.01459503173828
1734907674.53419,105.94711303710938,80.01456451416016
1734907674.5352829,105.8310317993164,80.1388931274414
1734907674.5354424,105.8310317993164,80.13887023925781
1734907674.536717,105.71853637695312,80.2331314086914
1734907674.5368998,105.71853637695312,80.23310852050781
1734907674.5381298,105.6117172241211,80.30132293701172
1734907674.5382953,105.6117172241211,80.3012924194336
1734907674.5392778,105.51209259033203,80.34727478027344
1734907674.5395455,105.51209259033203,80.34724426269531
1734907674.5406826,105.42066192626953,80.37456512451172
1734907674.540939,105.42066192626953,80.37454223632812
1734907674.5432186,105.12464141845703,80.38648223876953
1734907674.5437007,105.12464141845703,80.38645935058594
1734907674.5445943,104.86310577392578,80.38597869873047
1734907674.5447724,104.86310577392578,80.38600158691406
1734907674.5458772,104.63536834716797,80.37577819824219
1734907674.5463,104.63536834716797,80.3757553100586
1734907674.5480494,104.44001770019531,80.358154296875
1734907674.548099,104.44001770019531,80.35813903808594
1734907674.5493975,104.27513122558594,80.33514404296875
1734907674.5494347,104.27513122558594,80.33515930175781
1734907674.550855,104.13841247558594,80.30852508544922
1734907674.550887,104.13841247558594,80.30850982666016
1734907674.5522115,104.02733612060547,80.27970123291016
1734907674.5526278,104.02733612060547,80.27969360351562
1734907674.5539548,103.93926239013672,80.24989318847656
1734907674.5539715,103.93926239013672,80.2499008178711
1734907674.5548599,103.87152862548828,80.22008514404297
1734907674.5551243,103.87152862548828,80.22007751464844
1734907674.5562396,103.82152557373047,80.19100952148438
1734907674.5562937,103.82152557373047,80.1910171508789
1734907674.557654,103.7867431640625,80.16327667236328
1734907674.5577521,103.7867431640625,80.16327667236328
1734907674.5590715,103.76482391357422,80.13729858398438
1734907674.5600343,103.76482391357422,80.13729858398438
1734907674.560392,103.75357818603516,80.11335754394531
1734907674.5605736,103.75357818603516,80.11335754394531
1734907674.5625799,103.75100708007812,80.09163665771484
1734907674.5626743,103.75100708007812,80.09163665771484
1734907674.5638845,103.75534057617188,80.07221221923828
1734907674.564027,103.75534057617188,80.07221221923828
1734907674.5652611,103.7649917602539,80.05509185791016
1734907674.5653832,103.7649917602539,80.05509185791016
1734907674.5665772,103.77857208251953,80.04022216796875
1734907674.5667145,103.77857208251953,80.04022216796875
1734907674.5678334,103.7948989868164,80.02749633789062
1734907674.5681605,103.7948989868164,80.02749633789062
1734907674.5696917,103.81298065185547,80.01678466796875
1734907674.5697534,103.81298065185547,80.01678466796875
1734907674.5709558,103.83196258544922,80.0079345703125
1734907674.5712984,103.83196258544922,80.0079345703125
1734907674.5724008,103.85118865966797,80.00077056884766
1734907674.5725832,103.85118865966797,80.00077056884766
1734907674.5748906,103.87010192871094,79.78173828125
1734907674.574922,103.87010192871094,79.78173828125
1734907674.5760872,103.88829040527344,79.5895004272461
1734907674.5763977,103.88829040527344,79.58950805664062
1734907674.577518,103.90544891357422,79.42325592041016
1734907674.577755,103.90544891357422,79.42325592041016
1734907674.579509,103.92135620117188,79.28169250488281
1734907674.5796528,103.92135620117188,79.28169250488281
1734907674.5810335,103.93587493896484,79.16314697265625
1734907674.5811253,103.93587493896484,79.16314697265625
1734907674.5825438,103.94893646240234,79.06574249267578
1734907674.5830183,103.94893646240234,79.06574249267578
1734907674.5838964,103.96051025390625,78.98743438720703
1734907674.584098,103.96051025390625,78.98744201660156
1734907674.586633,101.19673919677734,78.92616271972656
1734907674.5866683,101.19673919677734,78.92616271972656
1734907674.5879028,98.7626724243164,78.87985229492188
1734907674.5879135,98.7626724243164,78.87985229492188
1734907674.588811,96.65001678466797,78.84648132324219
1734907674.5891335,96.65001678466797,78.84648132324219
1734907674.5903404,94.84407806396484,78.82414245605469
1734907674.5904353,94.84407806396484,78.82414245605469
1734907674.5920775,93.32544708251953,78.8110580444336
1734907674.5921,93.32544708251953,78.8110580444336
1734907674.5929415,92.07156372070312,78.80558776855469
1734907674.5932763,92.07156372070312,78.80558776855469
1734907674.5944843,91.05789947509766,78.80623626708984
1734907674.5948164,91.05789947509766,78.80623626708984
1734907674.5960245,90.25904846191406,78.81169128417969
1734907674.5961897,90.25904846191406,78.81169128417969
1734907674.5977006,89.64954376220703,78.82078552246094
1734907674.597734,89.64954376220703,78.82078552246094
1734907674.5989401,89.20453643798828,78.83250427246094
1734907674.5990362,89.20453643798828,78.83250427246094
1734907674.6005263,88.90026092529297,78.84599304199219
1734907674.6006343,88.90026092529297,78.84599304199219
1734907674.6013513,88.71446228027344,78.86053466796875
1734907674.6016762,88.71446228027344,78.86053466796875
1734907674.6033638,88.6265869140625,78.87553405761719
1734907674.603645,88.6265869140625,78.87553405761719
1734907674.6045284,88.61798095703125,78.8905029296875
1734907674.6047866,88.61798095703125,78.8905029296875
1734907674.605793,88.67195892333984,78.90506744384766
1734907674.6061082,88.67195892333984,78.90506744384766
1734907674.6072583,88.77378845214844,78.9189453125
1734907674.607439,88.77378845214844,78.9189453125
1734907674.608694,88.91065216064453,78.93193054199219
1734907674.6087406,88.91065216064453,78.93193054199219
1734907674.610156,89.07159423828125,78.94387817382812
1734907674.61026,89.07159423828125,78.94387817382812
1734907674.6118042,89.24737548828125,78.9547119140625
1734907674.6118388,89.24737548828125,78.9547119140625
1734907674.6134226,89.43033599853516,78.96438598632812
1734907674.6136973,89.43033599853516,78.96438598632812
1734907674.6151302,89.61428833007812,78.97290802001953
1734907674.6151547,89.61428833007812,78.97290802001953
1734907674.6164308,89.79432678222656,78.98030090332031
1734907674.6164742,89.79432678222656,78.98030090332031
1734907674.617871,89.96669006347656,78.98661804199219
1734907674.6180193,89.96669006347656,78.98661804199219
1734907674.6194246,90.12863159179688,78.99192810058594
1734907674.6194918,90.12863159179688,78.99192810058594
1734907674.6208642,90.27823638916016,78.99630737304688
1734907674.6210835,90.27823638916016,78.99630737304688
1734907674.6227095,90.41432189941406,78.57310485839844
1734907674.6228485,90.41432189941406,78.57310485839844
1734907674.6241052,90.53630828857422,78.20008087158203
1734907674.62491,90.53630828857422,78.20008087158203
1734907674.6254835,90.64408874511719,77.87605285644531
1734907674.6264384,90.64408874511719,77.87605285644531
1734907674.6270225,90.73794555664062,77.59882354736328
1734907674.6271818,90.73794555664062,77.59882354736328
1734907674.6283202,90.81846618652344,77.36547088623047
1734907674.628605,90.81846618652344,77.36547088623047
1734907674.6310828,91.73992919921875,77.17259979248047
1734907674.6313515,91.73992919921875,77.17259979248047
1734907674.633052,92.54790496826172,77.0164794921875
1734907674.6333106,92.54790496826172,77.0164794921875
1734907674.6341007,93.24601745605469,76.89324951171875
1734907674.6348302,93.24601745605469,76.89324951171875
1734907674.6355178,93.83988952636719,76.79903411865234
1734907674.6368382,93.83988952636719,76.79903411865234
1734907674.6371112,94.33663177490234,76.73004913330078
1734907674.6378973,94.33663177490234,76.73004913330078
1734907674.6386745,94.74430084228516,76.68266296386719
1734907674.6391559,94.74430084228516,76.68266296386719
1734907674.639884,95.07149505615234,76.65348815917969
1734907674.6402338,95.07149505615234,76.65348815917969
1734907674.641233,95.32705688476562,76.63936614990234
1734907674.6415615,95.32705688476562,76.63936614990234
1734907674.6432393,95.51974487304688,76.63745880126953
1734907674.6433094,95.51974487304688,76.63745880126953
1734907674.6450615,95.65806579589844,76.64520263671875
1734907674.6450992,95.65806579589844,76.64520263671875
1734907674.6463726,95.75009155273438,76.66033935546875
1734907674.6464133,95.75009155273438,76.66033935546875
1734907674.6476378,95.80335235595703,76.68091583251953
1734907674.647707,95.80335235595703,76.68091583251953
1734907674.64928,95.82476806640625,76.70523071289062
1734907674.6493285,95.82476806640625,76.70523071289062
1734907674.6507761,95.8205795288086,76.73187255859375
1734907674.650796,95.8205795288086,76.73187255859375
1734907674.6518886,95.79635620117188,76.75967407226562
1734907674.6519089,95.79635620117188,76.75967407226562
1734907674.6534476,95.75699615478516,76.78766632080078
1734907674.653627,95.75699615478516,76.78766632080078
1734907674.6549857,95.70673370361328,76.81510162353516
1734907674.655269,95.70673370361328,76.81510162353516
1734907674.6561153,95.649169921875,76.84140014648438
1734907674.6564107,95.649169921875,76.84140014648438
1734907674.6575758,95.58733367919922,76.86612701416016
1734907674.6576366,95.58733367919922,76.86612701416016
1734907674.6590385,95.52371978759766,76.88899993896484
1734907674.6596544,95.52371978759766,76.88899993896484
1734907674.6603835,95.46031951904297,76.9098129272461
1734907674.6610935,95.46031951904297,76.9098129272461
1734907674.6621294,95.39871215820312,76.9284896850586
1734907674.6624603,95.39871215820312,76.9284896850586
1734907674.664177,95.34008026123047,76.94500732421875
1734907674.664423,95.34008026123047,76.94500732421875
1734907674.6655495,95.28528594970703,76.95939636230469
1734907674.6658275,95.28528594970703,76.95939636230469
1734907674.6665251,95.23490905761719,76.97175598144531
1734907674.6679764,95.23490905761719,76.97175598144531
1734907674.6679938,95.18929290771484,76.9822006225586
1734907674.6691728,95.18929290771484,76.9822006225586
1734907674.6697226,95.1485824584961,76.9908676147461
1734907674.6703324,95.1485824584961,76.9908676147461
1734907674.671981,95.1127700805664,76.99791717529297
1734907674.6725712,95.1127700805664,76.99791717529297
1734907674.673344,95.08172607421875,77.0035171508789
1734907674.673562,95.08172607421875,77.0035171508789
1734907674.6749988,95.05521392822266,77.00782775878906
1734907674.6753771,95.05521392822266,77.00782775878906
1734907674.6774905,92.47245788574219,77.01102447509766
1734907674.6776948,92.47245788574219,77.01102447509766
1734907674.678936,90.1992416381836,77.01325225830078
1734907674.678976,90.1992416381836,77.01325225830078
1734907674.680109,88.22748565673828,77.0146713256836
1734907674.6802201,88.22748565673828,77.0146713256836
1734907674.6817153,86.54315185546875,77.01541137695312
1734907674.6817358,86.54315185546875,77.01541137695312
1734907674.683063,85.12786102294922,77.0156021118164
1734907674.6833413,85.12786102294922,77.0156021118164
1734907674.6842024,83.96029663085938,77.0153579711914
1734907674.6842377,83.96029663085938,77.0153579711914
1734907674.6855924,83.01737213134766,77.0147705078125
1734907674.6856112,83.01737213134766,77.0147705078125
1734907674.6871395,82.27520751953125,77.01393127441406
1734907674.6880662,82.27520751953125,77.01393127441406
1734907674.6886177,81.70987701416016,77.0129165649414
1734907674.6886601,81.70987701416016,77.0129165649414
1734907674.689842,81.29808044433594,77.01178741455078
1734907674.6903656,81.29808044433594,77.01178741455078
1734907674.6911833,81.01754760742188,77.0105972290039
1734907674.691288,81.01754760742188,77.0105972290039
1734907674.692662,80.84742736816406,77.00939178466797
1734907674.6927795,80.84742736816406,77.00939178466797
1734907674.6940553,80.76849365234375,77.00820922851562
1734907674.6943142,80.76849365234375,77.00820922851562
1734907674.6957402,80.76331329345703,77.00706481933594
1734907674.696279,80.76331329345703,77.00706481933594
1734907674.6974888,80.81626892089844,77.00598907470703
1734907674.6976607,80.81626892089844,77.00598907470703
1734907674.6989658,80.91361999511719,77.0049819946289
1734907674.6990092,80.91361999511719,77.0049819946289
1734907674.7001026,81.04339599609375,77.00406646728516
1734907674.7004735,81.04339599609375,77.00406646728516
1734907674.7018352,81.19537353515625,77.00324249267578
1734907674.7019758,81.19537353515625,77.00324249267578
1734907674.7030277,81.36094665527344,77.00251770019531
1734907674.7030566,81.36094665527344,77.00251770019531
1734907674.7044582,81.53298950195312,77.00187683105469
1734907674.704638,81.53298950195312,77.00187683105469
1734907674.705742,81.70572662353516,77.00132751464844
1734907674.705766,81.70572662353516,77.00132751464844
1734907674.707122,81.8746109008789,77.00086212158203
1734907674.7072814,81.8746109008789,77.00086212158203
1734907674.7087963,82.03616333007812,77.00047302246094
1734907674.708867,82.03616333007812,77.00047302246094
1734907674.7109141,82.18781280517578,77.00015258789062
1734907674.7109463,82.18781280517578,77.00015258789062
1734907674.71183,82.32781982421875,76.9999008178711
1734907674.7124782,82.32781982421875,76.9999008178711
1734907674.7130733,82.4551010131836,76.99970245361328
1734907674.7138245,82.4551010131836,76.99970245361328
1734907674.7148871,82.56910705566406,76.99954986572266
1734907674.7149732,82.56910705566406,76.99954986572266
1734907674.7161052,82.66978454589844,76.99945068359375
1734907674.7163644,82.66978454589844,76.99945068359375
1734907674.7174423,82.75739288330078,76.99938201904297
1734907674.7175887,82.75739288330078,76.99938201904297
1734907674.7188096,82.8324966430664,76.99934387207031
1734907674.7189078,82.8324966430664,76.99934387207031
1734907674.7212877,82.8958511352539,77.21270751953125
1734907674.7213337,82.8958511352539,77.21270751953125
1734907674.7235785,82.09484100341797,77.40061950683594
1734907674.7236292,82.09484100341797,77.40061950683594
1734907674.7247422,81.38582611083984,77.563720703125
1734907674.724842,81.38582611083984,77.563720703125
1734907674.726153,80.76725769042969,77.70314025878906
1734907674.726466,80.76725769042969,77.70314025878906
1734907674.7280347,80.23560333251953,77.82038879394531
1734907674.7282417,80.23560333251953,77.82038879394531
1734907674.729686,79.785888671875,77.91719818115234
1734907674.7297359,79.785888671875,77.91719818115234
1734907674.7310266,79.41209411621094,77.9954605102539
1734907674.7315753,79.41209411621094,77.9954605102539
1734907674.732408,79.1075439453125,78.05713653564453
1734907674.7335901,79.1075439453125,78.05713653564453
1734907674.7336094,78.865234375,78.10420227050781
1734907674.7351272,78.865234375,78.10420227050781
1734907674.7351947,78.67807006835938,78.13856506347656
1734907674.7368348,78.53904724121094,78.16206359863281
1734907674.7369957,78.67807006835938,78.13856506347656
1734907674.7381816,78.53904724121094,78.16206359863281
1734907674.738976,78.44144439697266,78.1764144897461
1734907674.73952,78.44144439697266,78.1764144897461
1734907674.740146,78.37891387939453,78.1832046508789
1734907674.7412856,78.3455581665039,78.18386840820312
1734907674.7413638,78.37891387939453,78.1832046508789
1734907674.742936,78.3455581665039,78.18386840820312
1734907674.7431543,78.33601379394531,78.1797103881836
1734907674.7441478,78.33601379394531,78.1797103881836
1734907674.744179,78.34542846679688,78.1718521118164
1734907674.745614,78.36953735351562,78.16128540039062
1734907674.745756,78.34542846679688,78.1718521118164
1734907674.7471352,78.36953735351562,78.16128540039062
1734907674.7473166,78.40457153320312,78.14886474609375
1734907674.7486765,78.40457153320312,78.14886474609375
1734907674.7487078,78.44731903076172,78.13529968261719
1734907674.7497394,78.44731903076172,78.13529968261719
1734907674.74982,78.49503326416016,78.12117767333984
1734907674.7510185,78.54544830322266,78.10697937011719
1734907674.7511847,78.49503326416016,78.12117767333984
1734907674.752502,78.59669494628906,78.09307861328125
1734907674.7534468,78.54544830322266,78.10697937011719
1734907674.7539814,78.64729309082031,78.07977294921875
1734907674.7545326,78.59669494628906,78.09307861328125
1734907674.7552576,78.64729309082031,78.07977294921875
1734907674.7555344,78.69609069824219,78.06727600097656
1734907674.7565525,78.69609069824219,78.06727600097656
1734907674.756718,78.74221801757812,78.05572509765625
1734907674.7581978,78.78508758544922,78.04521942138672
1734907674.758317,78.74221801757812,78.05572509765625
1734907674.7595367,78.78508758544922,78.04521942138672
1734907674.759641,78.82427978515625,78.03580474853516
1734907674.7612767,78.82427978515625,78.03580474853516
1734907674.7613163,78.8595962524414,78.02748107910156
1734907674.7627022,78.8595962524414,78.02748107910156
1734907674.7637188,78.89095306396484,78.02023315429688
1734907674.7640648,78.89095306396484,78.02023315429688
1734907674.7647371,78.91840362548828,78.0140151977539
1734907674.7656052,78.91840362548828,78.0140151977539
1734907674.7657924,78.94207763671875,78.00877380371094
1734907674.7665706,78.94207763671875,78.00877380371094
1734907674.76681,78.96217346191406,78.0044174194336
1734907674.7679517,78.96217346191406,78.0044174194336
1734907674.768239,78.97895050048828,78.00088500976562
1734907674.7710268,78.99268341064453,77.57132720947266
1734907674.771064,78.97895050048828,77.57413482666016
1734907674.7733223,79.21704864501953,77.19336700439453
1734907674.7737021,79.20606231689453,77.19551849365234
1734907674.7747967,79.41350555419922,76.86561584472656
1734907674.774947,79.40495300292969,76.86720275878906
1734907674.7757332,79.58299255371094,76.58572387695312
1734907674.7758155,79.57658386230469,76.58683013916016
1734907674.7772918,79.7223892211914,76.351318359375
1734907674.7773185,79.72695922851562,76.35061645507812
1734907674.778979,79.84416198730469,76.15709686279297
1734907674.7790108,79.84716033935547,76.15673828125
1734907674.7805634,79.94561767578125,76.00022888183594
1734907674.7805986,79.94392395019531,76.00031280517578
1734907674.7817516,80.02383422851562,75.8769760131836
1734907674.7818444,80.02445220947266,75.87711334228516
1734907674.783045,80.0860824584961,75.78308868408203
1734907674.783232,80.0858383178711,75.78339385986328
1734907674.784196,80.13285064697266,75.71477508544922
1734907674.7845309,80.13194274902344,75.71520233154297
1734907674.7859142,80.16625213623047,75.66830444335938
1734907674.7859461,80.16484069824219,75.6688232421875
1734907674.787697,80.18829345703125,75.64020538330078
1734907674.7883132,80.18651580810547,75.64078521728516
1734907674.7890162,80.20082092285156,75.62728118896484
1734907674.789046,80.19881439208984,75.62788391113281
1734907674.7902741,80.20341491699219,75.62722778320312
1734907674.7907293,80.20555877685547,75.62661743164062
1734907674.7916574,80.20404815673828,75.6356201171875
1734907674.7916803,80.20184326171875,75.63622283935547
1734907674.7930415,80.1976547241211,75.65199279785156
1734907674.7930737,80.19546508789062,75.65257263183594
1734907674.7950008,80.18758392333984,75.67374420166016
1734907674.7950323,80.18546295166016,75.67428588867188
1734907674.7964203,80.17286682128906,75.69967651367188
1734907674.7965653,80.17487335205078,75.69917297363281
1734907674.7980044,80.1585464477539,75.72731018066406
1734907674.7981842,80.1604232788086,75.72685241699219
1734907674.799086,80.14324188232422,75.7560043334961
1734907674.7991369,80.14495849609375,75.75558471679688
1734907674.800461,80.12754821777344,75.7847900390625
1734907674.8004901,80.12910461425781,75.784423828125
1734907674.8017006,80.11195373535156,75.81292724609375
1734907674.8018389,80.11333465576172,75.81260681152344
1734907674.8034918,80.0980453491211,75.83955383300781
1734907674.8040984,80.0968246459961,75.83982849121094
1734907674.8052924,80.08351135253906,75.86483764648438
1734907674.8056488,80.08245849609375,75.86507415771484
1734907674.8066537,80.06906127929688,75.88837432861328
1734907674.8066845,80.06995391845703,75.88817596435547
1734907674.8079104,80.05750274658203,75.90939331054688
1734907674.8081224,80.05675506591797,75.9095458984375
1734907674.8090894,80.04562377929688,75.92851257324219
1734907674.8093815,80.0462417602539,75.92838287353516
1734907674.8107235,80.03620910644531,75.94515228271484
1734907674.8111415,80.03571319580078,75.94525146484375
1734907674.812322,80.0270004272461,75.9598159790039
1734907674.8123794,80.02738952636719,75.9597396850586
1734907674.8137922,80.0197525024414,75.97224426269531
1734907674.8149033,80.01946258544922,75.97229766845703
1734907674.8152885,80.01324462890625,75.9827880859375
1734907674.8163714,80.0077896118164,75.99152374267578
1734907674.8171031,80.01303100585938,75.98281860351562
1734907674.8177183,80.0032958984375,75.99860382080078
1734907674.8178813,80.00764465332031,75.99153900146484
1734907674.8214428,79.14971160888672,75.99861145019531
1734907674.821529,79.14617919921875,76.00421142578125
1734907674.822495,78.39451599121094,76.00421142578125
1734907674.8227272,78.39171600341797,76.0085220336914
1734907674.824049,77.73725128173828,76.01168823242188
1734907674.8254495,77.17813110351562,76.01388549804688
1734907674.8255937,77.7394027709961,76.00850677490234
1734907674.8267121,77.17971801757812,76.01167297363281
1734907674.8269455,76.70826721191406,76.01525115966797
1734907674.828509,76.7093734741211,76.01386260986328
1734907674.8285294,76.32060241699219,76.01594543457031
1734907674.8298986,76.00747680664062,76.01608276367188
1734907674.8300552,76.32129669189453,76.01522827148438
1734907674.8312662,75.76097869873047,76.01577758789062
1734907674.8313098,76.0078353881836,76.01592254638672
1734907674.8323545,75.76106262207031,76.01605224609375
1734907674.8325758,75.57317352294922,76.01513671875
1734907674.8337355,75.43631744384766,76.01425170898438
1734907674.8338056,75.57302856445312,76.01575469970703
1734907674.8355653,75.4360122680664,76.0151138305664
1734907674.8356812,75.3430404663086,76.01318359375
1734907674.8370168,75.34261322021484,76.01422882080078
1734907674.837098,75.28642272949219,76.01201629638672
1734907674.838456,75.26007843017578,76.01078796386719
1734907674.8385603,75.28590393066406,76.0131607055664
1734907674.8398874,75.25822448730469,76.0095443725586
1734907674.8398986,75.25950622558594,76.01199340820312
1734907674.8409405,75.27568817138672,76.0083236694336
1734907674.840997,75.25762176513672,76.0107650756836
1734907674.8423836,75.27507019042969,76.00952911376953
1734907674.8427932,75.30789184570312,76.00714874267578
1734907674.8438354,75.30728912353516,76.00830841064453
1734907674.8439815,75.35086822509766,76.00605010986328
1734907674.8454514,75.40122985839844,76.00502014160156
1734907674.845515,75.35028839111328,76.00714111328125
1734907674.846952,75.40068817138672,76.00603485107422
1734907674.8470488,75.45611572265625,76.00408935546875
1734907674.8482165,75.45561218261719,76.00501251220703
1734907674.8485324,75.5131607055664,76.00325012207031
1734907674.8497982,75.57044982910156,76.00251007080078
1734907674.8498936,75.51270294189453,76.00408172607422
1734907674.851143,75.62646484375,76.00186157226562
1734907674.851199,75.57003021240234,76.00325012207031
1734907674.8526738,75.6260986328125,76.00251007080078
1734907674.852768,75.6800537109375,76.00130462646484
1734907674.8543308,75.67973327636719,76.00186157226562
1734907674.8543923,75.7303695678711,76.0008316040039
1734907674.8556764,75.77682495117188,76.00044250488281
1734907674.8556976,75.73009490966797,76.00130462646484
1734907674.856839,75.81905364990234,76.0001220703125
1734907674.8569553,75.7765884399414,76.0008316040039
1734907674.8581097,75.81886291503906,76.00044250488281
1734907674.8584642,75.85688781738281,75.99987030029297
1734907674.859746,75.85672760009766,76.0001220703125
1734907674.859761,75.89030456542969,75.99967193603516
1734907674.8614979,75.89017486572266,75.99987030029297
1734907674.8615851,75.91938018798828,75.99952697753906
1734907674.8628702,75.91928100585938,75.99967193603516
1734907674.8629608,75.9443130493164,75.99942016601562
1734907674.864406,75.96534729003906,75.99935150146484
1734907674.8644361,75.9442367553711,75.99952697753906
1734907674.8656552,75.96529388427734,75.99942016601562
1734907674.865878,75.98277282714844,75.99932098388672
1734907674.8692942,75.98273468017578,75.99935913085938
1734907674.8695555,75.99691772460938,75.99930572509766
1734907674.8709111,75.99690246582031,75.99932098388672
1734907674.8710823,76.00812530517578,75.99932098388672
1734907674.8719985,76.00812530517578,75.99930572509766
1734907674.8721259,76.01673889160156,75.99934387207031
1734907674.8734868,76.01673889160156,75.99932098388672
1734907674.8736103,76.02307891845703,75.99938201904297
1734907674.8747618,76.0230941772461,75.99934387207031
1734907674.8748543,76.02748107910156,75.99942016601562
1734907674.8762727,76.02750396728516,75.99938201904297
1734907674.8765306,76.0302505493164,75.99947357177734
1734907674.878018,76.03026580810547,75.99942016601562
1734907674.8780758,76.03164672851562,75.99952697753906
1734907674.8793714,76.03166961669922,75.99947357177734
1734907674.8794014,76.03194427490234,75.99958038330078
1734907674.8810236,76.03196716308594,75.99952697753906
1734907674.8810525,76.03136444091797,75.9996337890625
1734907674.88254,76.03138732910156,75.99958038330078
1734907674.8826346,76.03010559082031,75.99967956542969
1734907674.8836265,76.0301284790039,75.9996337890625
1734907674.8839455,76.02835083007812,75.9997329711914
1734907674.8852074,76.02837371826172,75.99967956542969
1734907674.8852973,76.0262451171875,75.99977111816406
1734907674.8868573,76.02391815185547,75.99981689453125
1734907674.8868728,76.0262680053711,75.9997329711914
1734907674.8881972,76.02147674560547,75.9998550415039
1734907674.8882387,76.02394104003906,75.99977111816406
1734907674.889382,76.02149963378906,75.99981689453125
1734907674.8894813,76.01901245117188,75.99988555908203
1734907674.890994,76.01658630371094,75.99991607666016
1734907674.8910344,76.01902770996094,75.9998550415039
1734907674.8922884,76.0142593383789,75.99993896484375
1734907674.892338,76.0166015625,75.99988555908203
1734907674.8935788,76.01427459716797,75.99991607666016
1734907674.893817,76.0120620727539,75.99996185302734
1734907674.8955917,76.01002502441406,75.9999771118164
1734907674.8956227,76.01206970214844,75.99993896484375
1734907674.8969758,76.0100326538086,75.99996185302734
1734907674.8970838,76.00817108154297,75.99999237060547
1734907674.8986397,76.00650024414062,76.0
1734907674.8986635,76.0081787109375,75.9999771118164
1734907674.9000416,76.00502014160156,76.00001525878906
1734907674.9000647,76.00650787353516,75.99999237060547
1734907674.901481,76.00373077392578,76.0000228881836
1734907674.902326,76.0050277709961,76.0
1734907674.902984,76.00261688232422,76.0000228881836
1734907674.9034102,76.00373077392578,76.00001525878906
1734907674.904501,76.00167846679688,76.00003051757812
1734907674.9052234,76.00262451171875,76.0000228881836
1734907674.9057636,76.00089263916016,76.00003051757812
1734907674.9063697,76.00167846679688,76.0000228881836
1734907674.9072797,76.00090026855469,76.00003051757812
1734907674.9078748,76.00025939941406,76.00003051757812
1734907674.9084013,76.00025939941406,76.00003051757812
1734907674.908513,75.99974822998047,76.00003051757812
1734907674.909755,75.99974822998047,76.00003051757812
1734907674.9099383,75.99935150146484,76.00003051757812
1734907674.9113452,75.99906158447266,76.00003051757812
1734907674.9124773,75.99935150146484,76.00003051757812
1734907674.9128077,75.99885559082031,76.0000228881836
1734907674.914185,75.99906158447266,76.00003051757812
1734907674.914613,75.99871826171875,76.0000228881836
1734907674.9159849,75.99885559082031,76.00003051757812
1734907674.9178586,75.78527069091797,76.21339416503906
1734907674.9180264,75.78534698486328,76.2134017944336
1734907674.9192123,75.59734344482422,76.40129852294922
1734907674.919459,75.59736633300781,76.40130615234375
1734907674.9205635,75.43428039550781,76.56437683105469
1734907674.9207156,75.43426513671875,76.56437683105469
1734907674.9220183,75.2949447631836,76.70376586914062
1734907674.9220622,75.29489135742188,76.70376586914062
1734907674.9234993,75.17781066894531,76.82096862792969
1734907674.923517,75.177734375,76.82096862792969
1734907674.9247081,75.08113861083984,76.917724609375
1734907674.9247355,75.08104705810547,76.917724609375
1734907674.9261239,75.00292205810547,76.99594116210938
1734907674.9263065,75.00302124023438,76.99593353271484
1734907674.9274786,74.94149780273438,77.05756378173828
1734907674.9277763,74.94139099121094,77.05756378173828
1734907674.9293096,74.89459228515625,77.10456848144531
1734907674.9294486,74.89448547363281,77.10457611083984
1734907674.9308405,74.86038970947266,77.13887786865234
1734907674.9308589,74.86028289794922,77.13888549804688
1734907674.9321837,74.8370361328125,77.1623306274414
1734907674.9325097,74.8369369506836,77.1623306274414
1734907674.9336958,74.8227310180664,77.1766357421875
1734907674.9338436,74.82283020019531,77.1766357421875
1734907674.9354312,74.816162109375,77.18338775634766
1734907674.9354677,74.81607818603516,77.18338775634766
1734907674.9368029,74.8155288696289,77.18402099609375
1734907674.9370904,74.81561279296875,77.18402099609375
1734907674.9383216,74.81980895996094,77.17982482910156
1734907674.9383714,74.81988525390625,77.17982482910156
1734907674.939542,74.82783508300781,77.17193603515625
1734907674.9396462,74.82776641845703,77.17193603515625
1734907674.9411316,74.83841705322266,77.1613540649414
1734907674.9421625,74.8384780883789,77.1613540649414
1734907674.942587,74.85092163085938,77.14891052246094
1734907674.9439778,74.86455535888672,77.13532257080078
1734907674.9445298,74.85096740722656,77.14891052246094
1734907674.9455655,74.87873077392578,77.12118530273438
1734907674.9457958,74.86459350585938,77.13532257080078
1734907674.9470618,74.87876892089844,77.12118530273438
1734907674.9473686,74.89298248291016,77.10697174072266
1734907674.9486165,74.90691375732422,77.09307098388672
1734907674.9487252,74.89300537109375,77.10697174072266
1734907674.9501216,74.92024993896484,77.07975769042969
1734907674.950443,74.90693664550781,77.09307098388672
1734907674.9517858,74.93276977539062,77.06725311279297
1734907674.9518626,74.9202651977539,77.07975769042969
1734907674.9528568,74.9443359375,77.05569458007812
1734907674.9528835,74.93278503417969,77.06725311279297
1734907674.954473,74.9548568725586,77.0451889038086
1734907674.954662,74.94435119628906,77.05569458007812
1734907674.9554944,74.96427917480469,77.03577423095703
1734907674.9558058,74.95486450195312,77.0451889038086
1734907674.9571023,74.97260284423828,77.02745056152344
1734907674.957193,74.96428680419922,77.03577423095703
1734907674.9584093,74.97985076904297,77.02020263671875
1734907674.958625,74.97261047363281,77.02745056152344
1734907674.9599776,74.97985076904297,77.02020263671875
1734907674.9600513,74.98606872558594,77.01399230957031
1734907674.9613564,74.9913101196289,77.00874328613281
1734907674.9615266,74.9860610961914,77.01399230957031
1734907674.9644823,74.9913101196289,77.00874328613281
1734907674.9646027,74.99565887451172,77.00439453125
1734907674.9664776,74.99565124511719,76.57764434814453
1734907674.9666421,74.99918365478516,76.57411193847656
1734907674.9678633,74.99918365478516,76.19830322265625
1734907674.968027,75.00198364257812,76.19550323486328
1734907674.9696517,75.0019760131836,75.86934661865234
1734907674.969814,75.00413513183594,75.8671875
1734907674.9709098,75.00572204589844,75.5868148803711
1734907674.9711437,75.0041275024414,75.58840942382812
1734907674.9731817,75.00682067871094,75.35130310058594
1734907674.9732716,75.0057144165039,75.35240936279297
1734907674.974251,75.0068130493164,75.15778350830078
1734907674.974304,75.00751495361328,75.15708923339844
1734907674.9775584,75.00750732421875,75.00066375732422
1734907674.978781,75.00786590576172,75.00030517578125
1734907674.9788084,75.00786590576172,74.8770523071289
1734907674.9810677,75.00794219970703,74.78295135498047
1734907674.9810982,75.00794219970703,74.87696838378906
1734907674.982171,75.00779724121094,74.71446228027344
1734907674.9822557,75.00780487060547,74.78308868408203
1734907674.9834344,75.00748443603516,74.6678695678711
1734907674.9837668,75.00749206542969,74.71476745605469
1734907674.9849885,75.0070571899414,74.66829681396484
1734907674.9852617,75.00704956054688,74.63968658447266
1734907674.986747,75.00653076171875,74.64020538330078
1734907674.9871502,75.00653076171875,74.626708984375
1734907674.9883802,75.0059585571289,74.62728118896484
1734907674.9892268,75.00595092773438,74.62601470947266
1734907674.9904308,75.0053482055664,74.62661743164062
1734907674.991091,75.0053482055664,74.635009765625
1734907674.9913952,75.0047378540039,74.6356201171875
1734907674.9927275,75.0047378540039,74.6513900756836
1734907674.9932108,75.00413513183594,74.65199279785156
1734907674.9944642,75.00355529785156,74.67374420166016
1734907674.99622,75.00413513183594,74.67316436767578
1734907674.9964144,75.00300598144531,74.69917297363281
1734907674.9977617,75.00355529785156,74.6986312866211
1734907674.9978917,75.00250244140625,74.72685241699219
1734907674.9989798,75.00203704833984,74.75558471679688
1734907674.999244,75.00300598144531,74.7263412475586
1734907675.0001507,75.00162506103516,74.784423828125
1734907675.0002093,75.00250244140625,74.755126953125
1734907675.0014622,75.00203704833984,74.78401184082031
1734907675.002771,75.00125122070312,74.81260681152344
1734907675.0031893,75.00162506103516,74.81224060058594
1734907675.003705,75.00093078613281,74.83955383300781
1734907675.0046272,75.00065612792969,74.86483764648438
1734907675.0047936,75.00125122070312,74.8392333984375
1734907675.0058486,75.00041961669922,74.88818359375
1734907675.006093,75.00093078613281,74.86456298828125
1734907675.0071707,75.00022888183594,74.90939331054688
1734907675.0076337,75.00065612792969,74.88794708251953
1734907675.0086908,75.00006866455078,74.92838287353516
1734907675.0087638,75.00041961669922,74.90919494628906
1734907675.009796,75.00022888183594,74.92823028564453
1734907675.0101998,74.99993896484375,74.94515228271484
1734907675.012251,74.57308959960938,74.95974731445312
1734907675.0123231,74.57331848144531,74.94503021240234
1734907675.013673,74.19738006591797,74.95964813232422
1734907675.0139973,74.19720458984375,74.97224426269531
1734907675.0162334,73.87112426757812,75.39892578125
1734907675.0162857,73.8709945678711,75.40953826904297
1734907675.0175555,73.59226989746094,75.7853012084961
1734907675.0175657,73.59217834472656,75.79408264160156
1734907675.0192125,73.3578109741211,76.12020874023438
1734907675.0197046,73.35775756835938,76.12732696533203
1734907675.0206032,73.16423034667969,76.41171264648438
1734907675.0206482,73.16425323486328,76.40608978271484
1734907675.0217135,73.0078125,76.65042877197266
1734907675.021796,73.0078125,76.6461181640625
1734907675.023095,72.88456726074219,76.84711456298828
1734907675.023262,72.88455200195312,76.84394836425781
1734907675.024453,72.79056549072266,77.0057373046875
1734907675.0246363,72.79053497314453,77.00355529785156
1734907675.0259058,72.72196197509766,77.13036346435547
1734907675.0260062,72.72191619873047,77.1290054321289
1734907675.027899,72.67503356933594,77.22440338134766
1734907675.0281467,72.67508697509766,77.2250747680664
1734907675.0296943,72.64644622802734,77.2937240600586
1734907675.0298338,72.64649200439453,77.29383850097656
1734907675.0308864,72.63301849365234,77.3404312133789
1734907675.0309806,72.63297271728516,77.34075927734375
1734907675.032597,72.63172912597656,77.36907196044922
1734907675.0331895,72.63178253173828,77.368408203125
1734907675.0341847,72.64014434814453,77.3819351196289
1734907675.0344877,72.64019775390625,77.38101959228516
1734907675.035826,72.65599060058594,77.38121795654297
1734907675.035909,72.65593719482422,77.38230895996094
1734907675.0376978,72.67718505859375,77.37165832519531
1734907675.0383267,72.67713928222656,77.37285614013672
1734907675.0390575,72.70208740234375,77.35466003417969
1734907675.0396044,72.7020492553711,77.35591125488281
1734907675.040971,72.72927856445312,77.33224487304688
1734907675.0418227,72.72924041748047,77.33350372314453
1734907675.0427127,72.757568359375,77.30613708496094
1734907675.0436897,72.75753784179688,77.30738067626953
1734907675.0441282,72.78600311279297,77.27780151367188
1734907675.0453455,72.78597259521484,77.27898406982422
1734907675.0454135,72.81382751464844,77.24842071533203
1734907675.0473278,72.81380462646484,77.2495346069336
1734907675.0479276,72.84046936035156,77.2189712524414
1734907675.0486152,72.84044647216797,77.22000885009766
1734907675.049101,72.86548614501953,77.19023132324219
1734907675.0503058,72.86547088623047,77.19116973876953
1734907675.0506842,72.88859558105469,77.16276550292969
1734907675.0514953,72.90962219238281,77.13700866699219
1734907675.051763,72.88858032226562,77.16361236572266
1734907675.0527337,72.92845916748047,77.1132583618164
1734907675.0541542,72.90960693359375,77.13776397705078
1734907675.0542912,72.94510650634766,77.09169006347656
1734907675.0548828,72.92845153808594,77.1139144897461
1734907675.0555358,72.9595947265625,77.07238006591797
1734907675.0559022,72.94509887695312,77.09224700927734
1734907675.0569284,72.97203063964844,77.05534362792969
1734907675.0573602,72.9595947265625,77.0728530883789
1734907675.0582974,72.9720230102539,77.05574035644531
1734907675.0585127,72.9825210571289,77.04053497314453
1734907675.0616052,73.40927124023438,77.04085540771484
1734907675.0616555,73.41796875,77.0278549194336
1734907675.0631423,73.79377746582031,77.02810668945312
1734907675.0634608,73.80084991455078,77.01716613769531
1734907675.0655892,74.12700653076172,77.2307357788086
1734907675.0656948,74.13260650634766,77.22169494628906
1734907675.0670018,74.41569519042969,77.40242767333984
1734907675.0671878,74.41139221191406,77.40974426269531
1734907675.0682845,74.65328216552734,77.5598373413086
1734907675.0684447,74.65010070800781,77.56561279296875
1734907675.0698526,74.84901428222656,77.69488525390625
1734907675.0700057,74.8468017578125,77.69929504394531
1734907675.0715036,75.0068359375,77.80889892578125
1734907675.0715315,75.00543975830078,77.81212615966797
1734907675.07284,75.13008880615234,77.90567016601562
1734907675.072871,75.13079833984375,77.90345764160156
1734907675.0740044,75.22482299804688,77.98165893554688
1734907675.0740893,75.22498321533203,77.98030090332031
1734907675.0755355,75.2933349609375,78.04124450683594
1734907675.0755658,75.29360961914062,78.04190063476562
1734907675.0769637,75.3402328491211,78.08821868896484
1734907675.0771058,75.33961486816406,78.08814239501953
1734907675.078909,75.36823272705078,78.12240600585938
1734907675.0789702,75.36736297607422,78.1227798461914
1734907675.080126,75.38086700439453,78.14617919921875
1734907675.0804327,75.37982177734375,78.14689636230469
1734907675.0819037,75.38109588623047,78.16114807128906
1734907675.083105,75.37993621826172,78.16212463378906
1734907675.0833826,75.37155151367188,78.16881561279297
1734907675.0844564,75.35457611083984,78.17053985595703
1734907675.085552,75.3703384399414,78.16996002197266
1734907675.0860229,75.3321762084961,78.16754913330078
1734907675.0864012,75.35334777832031,78.17179870605469
1734907675.087738,75.33097076416016,78.16886138916016
1734907675.087873,75.30608367919922,78.16092681884766
1734907675.088865,75.30492401123047,78.16224670410156
1734907675.0888984,75.27775573730469,78.151611328125
1734907675.0903733,75.27666473388672,78.15290069580078
1734907675.0906093,75.2483901977539,78.14041900634766
1734907675.0922842,75.21895599365234,78.1280288696289
1734907675.0923138,75.24737548828125,78.14165496826172
1734907675.0937815,75.21803283691406,78.12919616699219
1734907675.0943751,75.19021606445312,78.11502075195312
1734907675.095355,75.18938446044922,78.11609649658203
1734907675.0956943,75.16276550292969,78.10186004638672
1734907675.0968187,75.16202545166016,78.10283660888672
1734907675.09694,75.13701629638672,78.08890533447266
1734907675.0981524,75.13636779785156,78.08978271484375
1734907675.0983195,75.11326599121094,78.07644653320312
1734907675.099764,75.0916976928711,78.064697265625
1734907675.0997872,75.11270904541016,78.07722473144531
1734907675.1012785,75.09122467041016,78.06537628173828
1734907675.1015213,75.0723876953125,78.0538101196289
1734907675.102578,75.0719985961914,78.05438995361328
1734907675.103104,75.05535888671875,78.04386901855469
1734907675.104229,75.0405502319336,78.03492736816406
1734907675.1043541,75.05503845214844,78.04435729980469
1734907675.1054153,75.04029846191406,78.03533935546875
1734907675.1067016,75.02787017822266,78.02700805664062
1734907675.10673,75.02767181396484,78.02733612060547
1734907675.1076944,75.01718139648438,78.02008819580078
1734907675.1091232,75.23040771484375,78.02035522460938
1734907675.1092772,75.22171020507812,78.0141372680664
1734907675.1106207,75.40950775146484,78.01433563232422
1734907675.11067,75.4024429321289,78.00908660888672
1734907675.113552,75.5654525756836,78.00923919677734
1734907675.1135814,75.55985260009766,78.00489044189453
1734907675.1149483,75.69490051269531,78.00145721435547
1734907675.1149852,75.69920349121094,78.00498962402344
1734907675.1162424,75.80890655517578,77.99872589111328
1734907675.1164098,75.81208801269531,78.00152587890625
1734907675.1178217,75.90567779541016,77.9987564086914
1734907675.1178725,75.9034652709961,77.9966049194336
1734907675.1190405,75.98170471191406,77.99661254882812
1734907675.119221,75.98030853271484,77.99502563476562
1734907675.120586,76.0419692993164,77.9950180053711
1734907675.1206698,76.04125213623047,77.99391174316406
1734907675.1219506,76.08831024169922,77.99388122558594
1734907675.1220045,76.08815002441406,77.9931869506836
1734907675.123649,76.12250518798828,77.99314880371094
1734907675.123804,76.12278747558594,77.99279022216797
1734907675.1250856,76.14628601074219,77.99274444580078
1734907675.1257823,76.14690399169922,77.99266815185547
1734907675.1266985,76.16126251220703,77.99261474609375
1734907675.1276588,76.16212463378906,77.99275207519531
1734907675.1278698,76.16893005371094,77.9926986694336
1734907675.1287305,76.16996765136719,77.99301147460938
1734907675.1296794,76.17064666748047,77.99295043945312
1734907675.1299899,76.17179870605469,77.9933853149414
1734907675.1309943,76.16765594482422,77.99333190917969
1734907675.131198,76.16886138916016,77.99385070800781
1734907675.1327426,76.16224670410156,77.99437713623047
1734907675.1329374,76.16101837158203,77.9937973022461
1734907675.13409,76.15169525146484,77.99432373046875
1734907675.1341188,76.15290069580078,77.99492645263672
1734907675.1355653,76.14165496826172,77.99549865722656
1734907675.1356099,76.14049530029297,77.99488067626953
1734907675.1375506,76.12810516357422,77.99545288085938
1734907675.1376736,76.12919616699219,77.99605560302734
1734907675.138408,76.11508178710938,77.99601745605469
1734907675.1387346,76.11609649658203,77.99659729003906
1734907675.1398091,76.10191345214844,77.9965591430664
1734907675.1398323,76.10283660888672,77.99710845947266
1734907675.1411893,76.08978271484375,77.99758911132812
1734907675.1418004,76.08895111083984,77.99707794189453
1734907675.1425846,76.07722473144531,77.9980239868164
1734907675.1428769,76.07648468017578,77.99755859375
1734907675.1440444,76.06472778320312,77.99800109863281
1734907675.1441948,76.06537628173828,77.9984130859375
1734907675.145584,76.0538330078125,77.99839782714844
1734907675.1456304,76.05438232421875,77.99876403808594
1734907675.1470118,76.04388427734375,77.99874877929688
1734907675.1471534,76.04435729980469,77.99907684326172
1734907675.1484807,76.03494262695312,77.99906158447266
1734907675.1486936,76.03533935546875,77.99933624267578
1734907675.1498594,76.02733612060547,77.99956512451172
1734907675.14993,76.02702331542969,77.99932861328125
1734907675.1510062,76.02009582519531,77.99955749511719
1734907675.1513617,76.02034759521484,77.999755859375
1734907675.1527638,76.0141372680664,77.99974822998047
1734907675.1528928,76.01433563232422,77.99990844726562
1734907675.1546524,76.00923919677734,78.00003051757812
1734907675.155066,76.00909423828125,77.9999008178711
1734907675.1558242,76.00498962402344,78.00012969970703
1734907675.156258,76.00489044189453,78.00003051757812
1734907675.1581101,75.7880859375,78.00012969970703
1734907675.1584003,75.78814697265625,78.00019836425781
1734907675.159392,75.59744262695312,78.00019836425781
1734907675.159455,75.59748077392578,78.00025177001953
1734907675.1607962,75.43224334716797,78.00025177001953
1734907675.1610014,75.43225860595703,78.00028991699219
1734907675.1641939,75.29127502441406,78.42704010009766
1734907675.1642413,75.29126739501953,78.42705535888672
1734907675.1653507,75.1729507446289,78.80287170410156
1734907675.1655235,75.17292785644531,78.8028793334961
1734907675.1667736,75.07543182373047,79.1290283203125
1734907675.1672175,75.07546997070312,79.12903594970703
1734907675.167846,74.99681854248047,79.40780639648438
1734907675.168154,74.99686431884766,79.4078140258789
1734907675.1694098,74.93511199951172,79.6422119140625
1734907675.1696641,74.93505859375,79.64219665527344
1734907675.1709816,74.88818359375,79.8357162475586
1734907675.1713583,74.88813018798828,79.835693359375
1734907675.1721134,74.8541259765625,79.99212646484375
1734907675.1722915,74.85407257080078,79.99209594726562
1734907675.1732967,74.8310546875,80.1153564453125
1734907675.17342,74.83100128173828,80.1153335571289
1734907675.1749995,74.8171615600586,80.2093276977539
1734907675.1764424,74.8109359741211,80.2779312133789
1734907675.1764767,74.81721496582031,80.2093505859375
1734907675.1779685,74.81098937988281,80.2779541015625
1734907675.1784654,74.81086730957031,80.3248062133789
1734907675.1798024,74.81562805175781,80.35340118408203
1734907675.179863,74.81090545654297,80.3248291015625
1734907675.1811352,74.81566619873047,80.35342407226562
1734907675.181238,74.82408142089844,80.36687469482422
1734907675.1825876,74.82411193847656,80.36689758300781
1734907675.1827598,74.83521270751953,80.36812591552734
1734907675.1836507,74.8481674194336,80.3597183227539
1734907675.1838217,74.83524322509766,80.3681411743164
1734907675.1853807,74.84819793701172,80.35973358154297
1734907675.1861632,74.86223602294922,80.34393310546875
1734907675.1870809,74.86225891113281,80.34394836425781
1734907675.187497,74.87681579589844,80.32274627685547
1734907675.1888058,74.8768310546875,80.32276153564453
1734907675.1893213,74.89142608642578,80.2978515625
1734907675.1902065,74.89144134521484,80.29785919189453
1734907675.1906936,74.90568542480469,80.27066802978516
1734907675.1914442,74.90569305419922,80.27067565917969
1734907675.191804,74.91930389404297,80.24238586425781
1734907675.192773,74.91931915283203,80.24239349365234
1734907675.1928291,74.93207550048828,80.21395874023438
1734907675.1944542,74.94385528564453,80.1861343383789
1734907675.1944718,74.93209075927734,80.2139663696289
1734907675.196558,74.95455932617188,80.15950775146484
1734907675.196584,74.94386291503906,80.18614196777344
1734907675.1977513,74.95455932617188,80.15951538085938
1734907675.197844,74.9641342163086,80.13449096679688
1734907675.1990864,74.9641342163086,80.1344985961914
1734907675.1992307,74.97257995605469,80.11138916015625
1734907675.2005246,74.97257995605469,80.11138916015625
1734907675.2006023,74.97991943359375,80.09037017822266
1734907675.2017865,74.97991943359375,80.09037017822266
1734907675.2019126,74.9862060546875,80.071533203125
1734907675.203406,74.9862060546875,80.071533203125
1734907675.2034416,74.99150848388672,80.05489349365234
1734907675.205142,74.99588775634766,80.04039764404297
1734907675.2055693,74.99150848388672,80.05489349365234
1734907675.2072277,74.78251647949219,80.04039764404297
1734907675.2072635,74.78607177734375,80.02796936035156
1734907675.2085905,74.6009750366211,80.0174789428711
1734907675.2086582,74.59815979003906,80.02796936035156
1734907675.2109659,74.4378890991211,80.0174789428711
1734907675.2114313,74.44004821777344,80.00878143310547
1734907675.2127166,74.30065155029297,80.00878143310547
1734907675.2128482,74.30223846435547,80.00171661376953
1734907675.2140098,74.18612670898438,79.9961166381836
1734907675.214127,74.1850357055664,80.00171661376953
1734907675.215794,74.09004211425781,79.99180603027344
1734907675.2164013,74.08936309814453,79.9961166381836
1734907675.2174392,74.01216125488281,79.98863220214844
1734907675.2179937,74.01182556152344,79.99180603027344
1734907675.2191556,73.9505386352539,79.9886245727539
1734907675.2196,73.95059204101562,79.98641967773438
1734907675.2208958,73.90357971191406,79.98641967773438
1734907675.2217908,73.9034194946289,79.98502349853516
1734907675.222324,73.86911010742188,79.98502349853516
1734907675.223862,73.8687744140625,79.98431396484375
1734907675.2238877,73.84532165527344,79.98430633544922
1734907675.225401,73.83055877685547,79.98414611816406
1734907675.2257988,73.8448715209961,79.98414611816406
1734907675.2267299,73.82327270507812,79.98442840576172
1734907675.2269406,73.83002471923828,79.98442840576172
1734907675.228744,73.8220443725586,79.98503875732422
1734907675.2287705,73.82267761230469,79.98503875732422
1734907675.2297332,73.82141876220703,79.98590850830078
1734907675.2313619,73.82498168945312,79.98694610595703
1734907675.2313828,73.82561492919922,79.98590850830078
1734907675.2326338,73.83287048339844,79.98694610595703
1734907675.2327003,73.8322525024414,79.98809814453125
1734907675.2339032,73.84283447265625,79.98809814453125
1734907675.2342205,73.84224700927734,79.98930358886719
1734907675.2350075,73.85469055175781,79.98930358886719
1734907675.2351806,73.85413360595703,79.99053192138672
1734907675.2364802,73.86720275878906,79.99173736572266
1734907675.2365656,73.86771392822266,79.99053192138672
1734907675.23791,73.88086700439453,79.99288940429688
1734907675.2380881,73.88133239746094,79.99173736572266
1734907675.2391572,73.8946533203125,79.99398803710938
1734907675.2391915,73.89507293701172,79.99288940429688
1734907675.2407138,73.90856170654297,79.99398803710938
1734907675.2408493,73.90818786621094,79.9949951171875
1734907675.242238,73.92150115966797,79.9949951171875
1734907675.2422605,73.92117309570312,79.99591827392578
1734907675.2433872,73.93367767333984,79.99591827392578
1734907675.243634,73.93339538574219,79.99674987792969
1734907675.2450721,73.94471740722656,79.99748992919922
1734907675.2451024,73.94495391845703,79.99674987792969
1734907675.2465544,73.9552230834961,79.99748992919922
1734907675.2467623,73.95502471923828,79.99813079833984
1734907675.2480857,73.96427917480469,79.99868774414062
1734907675.248149,73.96443939208984,79.99813079833984
1734907675.2493916,73.97247314453125,79.99915313720703
1734907675.249662,73.97260284423828,79.99868774414062
1734907675.2513657,73.97972106933594,79.99915313720703
1734907675.2514083,73.97962188720703,79.99954223632812
1734907675.2527256,73.98576354980469,79.99986267089844
1734907675.2527614,73.98583984375,79.99954223632812
1734907675.255217,74.20438385009766,79.99986267089844
1734907675.2553174,74.20433044433594,80.00011444091797
1734907675.2562613,74.39655303955078,80.00031280517578
1734907675.256435,74.39659118652344,80.00011444091797
1734907675.2579486,74.56314849853516,80.0004653930664
1734907675.2581494,74.56316375732422,80.00031280517578
1734907675.2601824,74.70533752441406,80.42731475830078
1734907675.2604327,74.7053451538086,80.42721557617188
1734907675.2616308,74.82469177246094,80.80313110351562
1734907675.2616537,74.82469940185547,80.80319213867188
1734907675.2632453,74.92304992675781,81.12934875488281
1734907675.2634919,74.92306518554688,81.12938690185547
1734907675.2646806,75.00238037109375,81.40817260742188
1734907675.2653718,75.00240325927734,81.4081802368164
1734907675.2663395,75.06472778320312,81.64258575439453
1734907675.2666426,75.06475067138672,81.642578125
1734907675.2675967,75.11213684082031,81.83607482910156
1734907675.2676907,75.11211395263672,81.83609771728516
1734907675.2689695,75.14656066894531,81.99246978759766
1734907675.268984,75.14653778076172,81.99250030517578
1734907675.2703583,75.1698989868164,82.11567687988281
1734907675.2703881,75.16987609863281,82.11572265625
1734907675.2714546,75.18389892578125,82.20970153808594
1734907675.2719667,75.18392944335938,82.20964813232422
1734907675.272893,75.19024658203125,82.27827453613281
1734907675.273794,75.19026947021484,82.27822875976562
1734907675.274192,75.19038391113281,82.32512664794922
1734907675.274439,75.1904067993164,82.3250732421875
1734907675.2755654,75.18563842773438,82.35369110107422
1734907675.2756453,75.18566131591797,82.3536376953125
1734907675.2771819,75.17719268798828,82.3670883178711
1734907675.2773378,75.17716979980469,82.36713409423828
1734907675.278427,75.16600799560547,82.36830139160156
1734907675.2784903,75.1659927368164,82.36835479736328
1734907675.2805793,75.15298461914062,82.35987091064453
1734907675.2806087,75.15296936035156,82.35991668701172
1734907675.2820284,75.1388168334961,82.34410095214844
1734907675.28215,75.13883209228516,82.34406280517578
1734907675.2831938,75.12415313720703,82.32288360595703
1734907675.2834594,75.12416076660156,82.3228530883789
1734907675.2848356,75.10944366455078,82.29796600341797
1734907675.2849667,75.10945892333984,82.29793548583984
1734907675.2869425,75.09510040283203,82.27073669433594
1734907675.2879717,75.0950927734375,82.27075958251953
1734907675.2883496,75.08137512207031,82.242431640625
1734907675.2891858,75.08136749267578,82.24246215820312
1734907675.2892487,75.06851196289062,82.2139892578125
1734907675.2902231,75.0685043334961,82.2140121459961
1734907675.2910647,75.05663299560547,82.1861801147461
1734907675.2912014,75.056640625,82.18616485595703
1734907675.291906,75.04585266113281,82.15953826904297
1734907675.2932553,75.04586029052734,82.1595230102539
1734907675.2935917,75.03620910644531,82.13451385498047
1734907675.2943254,75.03620910644531,82.1344985961914
1734907675.2951248,75.02769470214844,82.11139678955078
1734907675.2952209,75.02769470214844,82.11138153076172
1734907675.2966583,75.0202865600586,82.09036254882812
1734907675.2968018,75.0202865600586,82.09037017822266
1734907675.298137,75.01394653320312,82.07152557373047
1734907675.2981613,75.01394653320312,82.07152557373047
1734907675.2995467,75.00860595703125,82.05487823486328
1734907675.2996488,75.00860595703125,82.05487823486328
1734907675.3008344,75.00418090820312,82.0403823852539
1734907675.3009422,75.00418090820312,82.04039001464844
1734907675.3032584,73.9337158203125,82.0279541015625
1734907675.3033423,73.93372344970703,82.0279541015625
1734907675.3044977,72.9913558959961,82.01746368408203
1734907675.3049524,72.9913558959961,82.01746368408203
1734907675.3060284,72.17378997802734,82.0087661743164
1734907675.3060484,72.17378997802734,82.0087661743164
1734907675.3073385,71.47523498535156,82.00170135498047
1734907675.307461,71.47523498535156,82.00170135498047
1734907675.309722,70.88811492919922,82.20947265625
1734907675.3098025,70.88812255859375,82.20947265625
1734907675.311234,70.40363311767578,82.39307403564453
1734907675.3114958,70.40363311767578,82.39307403564453
1734907675.3127909,70.01222229003906,82.552978515625
1734907675.3128753,70.0122299194336,82.55297088623047
1734907675.3147006,69.70402526855469,82.69015502929688
1734907675.3147671,69.70402526855469,82.69015502929688
1734907675.3163688,69.4691390991211,82.80596923828125
1734907675.316402,69.4691390991211,82.80596923828125
1734907675.3178763,69.29790496826172,82.90201568603516
1734907675.3179245,69.29790496826172,82.90201568603516
1734907675.3196013,69.18111419677734,82.98006439208984
1734907675.3198352,69.18111419677734,82.98006439208984
1734907675.3209014,69.11012268066406,83.0419692993164
1734907675.3211114,69.11012268066406,83.04197692871094
1734907675.3221962,69.07697296142578,83.089599609375
1734907675.3229687,69.07697296142578,83.089599609375
1734907675.3241444,69.07443237304688,83.1247787475586
1734907675.3248909,69.07443237304688,83.1247787475586
1734907675.3250537,69.09603881835938,83.1492691040039
1734907675.3257077,69.09603881835938,83.1492691040039
1734907675.3282983,69.1360855102539,83.16472625732422
1734907675.3286748,69.1360855102539,83.16472625732422
1734907675.3293664,69.18962097167969,83.17269134521484
1734907675.3300624,69.18962097167969,83.17269134521484
1734907675.3311574,69.25239562988281,83.17454528808594
1734907675.331179,69.25239562988281,83.17454528808594
1734907675.3321345,69.32083892822266,83.17155456542969
1734907675.332254,69.32083892822266,83.17155456542969
1734907675.3337348,69.39199829101562,83.16483306884766
1734907675.3338566,69.39199829101562,83.16483306884766
1734907675.3348882,69.4634780883789,83.15533447265625
1734907675.3349314,69.4634780883789,83.15533447265625
1734907675.3364253,69.53338623046875,83.14390563964844
1734907675.3368053,69.53338623046875,83.14390563964844
1734907675.3378975,69.60028076171875,83.1312484741211
1734907675.3379648,69.60028076171875,83.1312484741211
1734907675.3389316,69.6630859375,83.11793518066406
1734907675.3390896,69.6630859375,83.11793518066406
1734907675.3405147,69.7210922241211,83.10446166992188
1734907675.3406732,69.7210922241211,83.10446166992188
1734907675.3417192,69.7738265991211,83.09120178222656
1734907675.341745,69.7738265991211,83.09120178222656
1734907675.3431363,69.82107543945312,83.07844543457031
1734907675.343315,69.82107543945312,83.07844543457031
1734907675.3445437,69.86280822753906,83.06640625
1734907675.3446677,69.86280822753906,83.06640625
1734907675.3465497,69.89913940429688,83.05524444580078
1734907675.3466117,69.89913940429688,83.05524444580078
1734907675.3480246,69.93028259277344,83.04505157470703
1734907675.3490007,69.93028259277344,83.04505157470703
1734907675.349433,69.9565658569336,83.035888671875
1734907675.350583,69.9565658569336,83.035888671875
1734907675.3520522,70.83184051513672,83.02777099609375
1734907675.3521874,70.83184051513672,83.02777099609375
1734907675.3533187,71.60115051269531,83.02066802978516
1734907675.3536236,71.60115051269531,83.02066802978516
1734907675.355077,72.2674789428711,83.01455688476562
1734907675.3550968,72.2674789428711,83.01455688476562
1734907675.3561623,72.83580780029297,83.00938415527344
1734907675.356489,72.83580780029297,83.00938415527344
1734907675.35854,73.31255340576172,83.00506591796875
1734907675.3586557,73.31255340576172,83.00506591796875
1734907675.3600876,73.70510864257812,83.00154876708984
1734907675.3602443,73.70510864257812,83.00154876708984
1734907675.3614018,74.02142333984375,82.99873352050781
1734907675.361942,74.02142333984375,82.99873352050781
1734907675.3629544,74.26969146728516,82.9965591430664
1734907675.3629856,74.26969146728516,82.9965591430664
1734907675.3646321,74.45811462402344,82.99493408203125
1734907675.3648856,74.45811462402344,82.99493408203125
1734907675.366021,74.59465026855469,82.99378204345703
1734907675.3665543,74.59465026855469,82.99378204345703
1734907675.367404,74.6868896484375,82.9930419921875
1734907675.3678255,74.6868896484375,82.9930419921875
1734907675.3687637,74.74192810058594,82.99263000488281
1734907675.3690364,74.74192810058594,82.99263000488281
1734907675.370403,74.76630401611328,82.99249267578125
1734907675.3704553,74.76630401611328,82.99249267578125
1734907675.3716776,74.76593780517578,82.99258422851562
1734907675.3719432,74.76593780517578,82.99258422851562
1734907675.3727226,74.7461166381836,82.99283599853516
1734907675.3729632,74.7461166381836,82.99283599853516
1734907675.3745248,74.71150207519531,82.99322509765625
1734907675.3745492,74.71150207519531,82.99322509765625
1734907675.375819,74.66612243652344,82.99369812011719
1734907675.3760223,74.66612243652344,82.99369812011719
1734907675.3772395,74.61344909667969,82.99423217773438
1734907675.3772879,74.61344909667969,82.99423217773438
1734907675.3792408,74.55636596679688,82.99480438232422
1734907675.3794312,74.55636596679688,82.99480438232422
1734907675.3807747,74.49727630615234,82.99537658691406
1734907675.3809795,74.49727630615234,82.99537658691406
1734907675.3822076,74.4381103515625,82.99595642089844
1734907675.382622,74.4381103515625,82.99595642089844
1734907675.38365,74.38040161132812,82.99650573730469
1734907675.3844025,74.38040161132812,82.99650573730469
1734907675.38513,74.32530212402344,82.99703216552734
1734907675.3851626,74.32530212402344,82.99703216552734
1734907675.3864498,74.27366638183594,82.99752044677734
1734907675.3864722,74.27366638183594,82.99752044677734
1734907675.3878903,74.22607421875,82.99797058105469
1734907675.388341,74.22607421875,82.99797058105469
1734907675.3891456,74.18286895751953,82.99837493896484
1734907675.3894403,74.18286895751953,82.99837493896484
1734907675.3904352,74.14421844482422,82.99873352050781
1734907675.3908238,74.14421844482422,82.99873352050781
1734907675.3920634,74.11013793945312,82.9990463256836
1734907675.3927708,74.11013793945312,82.9990463256836
1734907675.3934474,74.08052062988281,82.99932098388672
1734907675.394598,74.08052062988281,82.99932098388672
1734907675.3946345,74.05516815185547,82.99954986572266
1734907675.3960319,74.05516815185547,82.99954986572266
1734907675.3961167,74.03382110595703,82.99974060058594
1734907675.397849,74.03382110595703,82.99974060058594
1734907675.3980112,74.01616668701172,82.9999008178711
1734907675.4001796,73.80278778076172,82.9999008178711
1734907675.400984,73.78849029541016,83.00003051757812
1734907675.4017892,73.6005859375,83.00003051757812
1734907675.402118,73.58928680419922,83.00012969970703
1734907675.4031734,73.41756439208984,83.00020599365234
1734907675.403201,73.42620849609375,83.00012969970703
1734907675.4042127,73.2718276977539,83.00025939941406
1734907675.4047441,73.27816772460938,83.00020599365234
1734907675.405684,73.15026092529297,83.00028991699219
1734907675.4059849,73.15462493896484,83.00025939941406
1734907675.4080205,73.0508041381836,83.64044189453125
1734907675.408047,73.05350494384766,83.64041900634766
1734907675.4096823,72.97258758544922,84.20415496826172
1734907675.4097817,72.97126770019531,84.20416259765625
1734907675.4116127,72.9096450805664,84.69339752197266
1734907675.4116724,72.90943908691406,84.69339752197266
1734907675.4126973,72.8624267578125,85.111572265625
1734907675.413205,72.86311340332031,85.11156463623047
1734907675.4154696,72.83016204833984,85.4631576538086
1734907675.415517,72.82879638671875,85.46317291259766
1734907675.4164224,72.80670928955078,85.75343322753906
1734907675.4167776,72.8085708618164,85.75341796875
1734907675.4175725,72.79426574707031,85.98805236816406
1734907675.4181132,72.79647064208984,85.98802947998047
1734907675.4186025,72.78971862792969,86.17291259765625
1734907675.4197814,72.7921371459961,86.17288970947266
1734907675.4203055,72.79150390625,86.31391906738281
1734907675.4210577,72.79403686523438,86.31389617919922
1734907675.4215167,72.79823303222656,86.41683959960938
1734907675.4222224,72.80078125,86.41680908203125
1734907675.423298,72.80866241455078,86.4871597290039
1734907675.424891,72.81116485595703,86.48713684082031
1734907675.4251058,72.82174682617188,86.53005981445312
1734907675.4259267,72.82415008544922,86.53003692626953
1734907675.4260366,72.83658599853516,86.55028533935547
1734907675.4270437,72.8388442993164,86.55026245117188
1734907675.4270532,72.85243225097656,86.55216217041016
1734907675.4286218,72.86865234375,86.53955841064453
1734907675.428708,72.8545150756836,86.5521469116211
1734907675.4300213,72.87055206298828,86.53954315185547
1734907675.430254,72.884765625,86.51588439941406
1734907675.4314935,72.90037536621094,86.4841079711914
1734907675.4315372,72.88646697998047,86.515869140625
1734907675.4331276,72.91519927978516,86.44676971435547
1734907675.4342747,72.92901611328125,86.406005859375
1734907675.4351535,72.90188598632812,86.48410034179688
1734907675.436266,72.94170379638672,86.36357879638672
1734907675.4364886,72.91651153564453,86.4467544555664
1734907675.4374044,72.95316314697266,86.32093811035156
1734907675.4378169,72.93014526367188,86.40599060058594
1734907675.4386866,72.94265747070312,86.36357116699219
1734907675.4390886,72.96337890625,86.27921295166016
1734907675.4404848,72.97234344482422,86.23927307128906
1734907675.442315,72.9801025390625,86.20174407958984
1734907675.4434998,72.9539566040039,86.32093048095703
1734907675.4441664,72.98670959472656,86.16708374023438
1734907675.4455626,72.96401977539062,86.27920532226562
1734907675.4460824,72.99224853515625,86.13555908203125
1734907675.4472313,72.97285461425781,86.23926544189453
1734907675.4477549,72.9968032836914,86.10730743408203
1734907675.449361,73.42721557617188,86.08234405517578
1734907675.4495993,73.4072494506836,86.20174407958984
1734907675.4509509,73.78956604003906,86.16708374023438
1734907675.4509816,73.80590057373047,86.06060791015625
1734907675.452104,74.12117767333984,86.13555908203125
1734907675.4521315,74.13423156738281,86.04196166992188
1734907675.453794,74.41458129882812,86.02622985839844
1734907675.454015,74.40443420410156,86.10730743408203
1734907675.45494,74.65003967285156,86.01318359375
1734907675.4551725,74.64244079589844,86.08234405517578
1734907675.4570808,74.84418487548828,86.00257873535156
1734907675.457331,74.83878326416016,86.06060791015625
1734907675.4585528,74.99734497070312,86.04196166992188
1734907675.4585745,75.00086975097656,85.99417877197266
1734907675.4601645,75.12213897705078,86.02622985839844
1734907675.4601858,75.12410736083984,85.98771667480469
1734907675.4616933,75.21788024902344,85.98294830322266
1734907675.4617236,75.2171859741211,86.01318359375
1734907675.4631026,75.28641510009766,86.00257873535156
1734907675.463281,75.28609466552734,85.97962951660156
1734907675.4645803,75.33357238769531,85.99417877197266
1734907675.464724,75.33245086669922,85.9775390625
1734907675.466146,75.3621597290039,85.98771667480469
1734907675.466395,75.36044311523438,85.97647094726562
1734907675.4674032,75.37541198730469,85.98294830322266
1734907675.4675708,75.3732681274414,85.97622680664062
1734907675.4688072,75.37384033203125,85.97663879394531
1734907675.469564,75.37626647949219,85.97962951660156
1734907675.4706645,75.36475372314453,85.9775619506836
1734907675.470729,75.36734008789062,85.9775390625
1734907675.4717863,75.3509521484375,85.97647094726562
1734907675.4720442,75.34830474853516,85.9788589477539
1734907675.4735057,75.32648468017578,85.98042297363281
1734907675.4739,75.32910919189453,85.97622680664062
1734907675.474841,75.30099487304688,85.98214721679688
1734907675.475011,75.30353546142578,85.97663879394531
1734907675.4764385,75.27568054199219,85.9775619506836
1734907675.4764826,75.27326965332031,85.98396301269531
1734907675.478042,75.24449157714844,85.98579406738281
1734907675.4784043,75.24673461914062,85.9788589477539
1734907675.4796927,75.21562194824219,85.98760223388672
1734907675.4797206,75.2176742553711,85.98042297363281
1734907675.4810138,75.18740844726562,85.98934173583984
1734907675.4811637,75.18927001953125,85.98214721679688
1734907675.4824584,75.16209411621094,85.98396301269531
1734907675.4826727,75.16043853759766,85.99097442626953
1734907675.4841702,75.13658142089844,85.98579406738281
1734907675.4842327,75.1351318359375,85.99249267578125
1734907675.485735,75.113037109375,85.98760223388672
1734907675.4857674,75.11177825927734,85.99388122558594
1734907675.486884,75.09056091308594,85.99512481689453
1734907675.4869437,75.09162902832031,85.98934173583984
1734907675.4882145,75.0715560913086,85.99623107910156
1734907675.4884124,75.07245635986328,85.99097442626953
1734907675.489907,75.0547866821289,85.99720001220703
1734907675.4903972,75.0555191040039,85.99249267578125
1734907675.4911568,75.04019165039062,85.9980239868164
1734907675.4913056,75.04078674316406,85.99388122558594
1734907675.4923556,75.02815246582031,85.99512481689453
1734907675.4929628,75.02769470214844,85.99873352050781
1734907675.4938266,75.01750183105469,85.99623107910156
1734907675.4939747,75.01715087890625,85.99932098388672
1734907675.4955466,75.00867462158203,85.99720001220703
1734907675.4955773,75.0084228515625,85.99979400634766
1734907675.497988,74.7879638671875,86.00017547607422
1734907675.4980314,74.78813934326172,85.9980239868164
1734907675.4994285,74.5944595336914,86.00047302246094
1734907675.4995284,74.59455871582031,85.99873352050781
1734907675.5007212,74.42707824707031,86.00069427490234
1734907675.5010474,74.42711639404297,85.99931335449219
1734907675.5021977,74.28451538085938,85.99979400634766
1734907675.5022957,74.2845230102539,86.00084686279297
1734907675.5035229,74.16513061523438,86.00094604492188
1734907675.5037973,74.16509246826172,86.00017547607422
1734907675.5058122,74.06700134277344,86.4277572631836
1734907675.506145,74.06693267822266,86.4272232055664
1734907675.5073342,73.9880142211914,86.80325317382812
1734907675.5074434,73.98810577392578,86.80358123779297
1734907675.5089676,73.92634582519531,87.12973022460938
1734907675.509238,73.92623901367188,87.12957000732422
1734907675.510666,73.879638671875,87.40847778320312
1734907675.510753,73.87953186035156,87.408447265625
1734907675.5119982,73.8459701538086,87.64282989501953
1734907675.5120993,73.84585571289062,87.64291381835938
1734907675.513584,73.82341003417969,87.83628845214844
1734907675.51362,73.82330322265625,87.8364486694336
1734907675.5152214,73.81017303466797,87.99263763427734
1734907675.5163329,73.80459594726562,88.11581420898438
1734907675.5164514,73.81005859375,87.99286651611328
1734907675.517274,73.80448913574219,88.11608123779297
1734907675.5180376,73.80519104003906,88.20975494384766
1734907675.5180585,73.80509948730469,88.21005249023438
1734907675.51933,73.81053924560547,88.27861022949219
1734907675.5193572,73.81063079833984,88.27830505371094
1734907675.5210311,73.81974029541016,88.32512664794922
1734907675.5217447,73.81965637207031,88.325439453125
1734907675.522261,73.83149719238281,88.35366821289062
1734907675.522668,73.83142852783203,88.35397338867188
1734907675.5236375,73.84504699707031,88.36710357666016
1734907675.5236592,73.84497833251953,88.36739349365234
1734907675.5250037,73.85965728759766,88.3683090209961
1734907675.525113,73.8595962524414,88.36858367919922
1734907675.526715,73.87467956542969,88.36012268066406
1734907675.5270054,73.87472534179688,88.35987091064453
1734907675.5280778,73.88973236083984,88.34427642822266
1734907675.5283337,73.8897705078125,88.34404754638672
1734907675.5298004,73.90438842773438,88.32303619384766
1734907675.5300894,73.9044189453125,88.32283020019531
1734907675.5308166,73.9183578491211,88.298095703125
1734907675.53125,73.91838073730469,88.29791259765625
1734907675.5322642,73.93144226074219,88.27070617675781
1734907675.532577,73.93142700195312,88.27086639404297
1734907675.5336132,73.94346618652344,88.2424087524414
1734907675.5340226,73.94345092773438,88.24254608154297
1734907675.5353692,73.95436096191406,88.21408081054688
1734907675.535394,73.9543685913086,88.2139663696289
1734907675.5370097,73.96409606933594,88.18623352050781
1734907675.5370455,73.96410369873047,88.1861343383789
1734907675.5383444,73.9726791381836,88.15949249267578
1734907675.5386708,73.9726791381836,88.15957641601562
1734907675.5401335,73.9801254272461,88.13447570800781
1734907675.5403433,73.9801254272461,88.13453674316406
1734907675.5417035,73.98648834228516,88.11141204833984
1734907675.5417345,73.98648834228516,88.11135864257812
1734907675.543308,73.99183654785156,88.09033966064453
1734907675.543401,73.99183654785156,88.09037780761719
1734907675.5455506,73.56949615478516,88.07150268554688
1734907675.5455775,73.56950378417969,88.07152557373047
1734907675.5470104,73.19725799560547,88.05486297607422
1734907675.5470421,73.19725799560547,88.05487823486328
1734907675.5483491,72.87390899658203,88.04036712646484
1734907675.5484192,72.87391662597656,88.0403823852539
1734907675.5494733,72.59727478027344,88.02793884277344
1734907675.5496294,72.59727478027344,88.02794647216797
1734907675.550857,72.36444091796875,88.01744842529297
1734907675.550987,72.36443328857422,88.0174560546875
1734907675.5524793,72.17198181152344,88.00875854492188
1734907675.5525098,72.17198944091797,88.00875091552734
1734907675.5548575,72.0162124633789,87.57494354248047
1734907675.5549788,72.0162124633789,87.57493591308594
1734907675.5562205,71.89326477050781,87.19351959228516
1734907675.5562289,71.89326477050781,87.19353485107422
1734907675.5574646,71.79927062988281,86.8630599975586
1734907675.5574734,71.79927062988281,86.86306762695312
1734907675.558789,71.73045349121094,86.58110809326172
1734907675.5589788,71.73045349121094,86.58110046386719
1734907675.5604382,71.68318939208984,86.34449768066406
1734907675.5606139,71.68319702148438,86.344482421875
1734907675.562034,71.65409851074219,86.14958190917969
1734907675.5620787,71.65409851074219,86.14957427978516
1734907675.5637667,71.64002990722656,85.99244689941406
1734907675.563789,71.64002990722656,85.99243927001953
1734907675.5649223,71.63813781738281,85.86903381347656
1734907675.5652275,71.63814544677734,85.8690185546875
1734907675.5664454,71.64588165283203,85.7752914428711
1734907675.5664723,71.64588928222656,85.77528381347656
1734907675.5676548,71.66100311279297,85.70728302001953
1734907675.567765,71.6610107421875,85.707275390625
1734907675.5694404,71.68154907226562,85.66123962402344
1734907675.569504,71.6815414428711,85.66124725341797
1734907675.5709007,71.70582580566406,85.63367462158203
1734907675.5717146,71.70582580566406,85.6336669921875
1734907675.5724335,71.732421875,85.62133026123047
1734907675.5729327,71.732421875,85.62132263183594
1734907675.574036,71.76016998291016,85.62126922607422
1734907675.574279,71.76016998291016,85.62126159667969
1734907675.5754402,71.7881088256836,85.6308822631836
1734907675.575466,71.7881088256836,85.6308822631836
1734907675.576966,71.81549072265625,85.64785766601562
1734907675.577,71.81549072265625,85.64785766601562
1734907675.5780535,71.84173583984375,85.6701889038086
1734907675.5782728,71.84173583984375,85.6701889038086
1734907675.5793974,71.86641693115234,85.6961669921875
1734907675.5796912,71.86641693115234,85.6961669921875
1734907675.5808294,71.88924407958984,85.72434997558594
1734907675.5809639,71.88924407958984,85.72434997558594
1734907675.582434,71.91001892089844,85.75354766845703
1734907675.582451,71.91001892089844,85.75354766845703
1734907675.5835934,71.92865753173828,85.78279876708984
1734907675.583776,71.92865753173828,85.78279876708984
1734907675.5850163,71.94513702392578,85.81134796142578
1734907675.5850422,71.94513702392578,85.81134796142578
1734907675.5863886,71.9594955444336,85.838623046875
1734907675.5865633,71.9594955444336,85.83861541748047
1734907675.588026,71.9718246459961,85.86418151855469
1734907675.5880504,71.97183227539062,85.86418151855469
1734907675.5895288,71.98224639892578,85.88775634765625
1734907675.5898392,71.98224639892578,85.88775634765625
1734907675.591122,71.99089813232422,85.90916442871094
1734907675.5911372,71.99089813232422,85.90916442871094
1734907675.5926554,71.99793243408203,85.9283218383789
1734907675.592702,71.99793243408203,85.9283218383789
1734907675.5952008,71.7901382446289,85.9452133178711
1734907675.595245,71.7901382446289,85.9452133178711
1734907675.5966103,71.60653686523438,85.95989990234375
1734907675.5966737,71.60653686523438,85.95989990234375
1734907675.598377,71.44664764404297,85.97248077392578
1734907675.598419,71.44664764404297,85.97248077392578
1734907675.599588,71.30948638916016,85.98307037353516
1734907675.5996764,71.30948638916016,85.98307037353516
1734907675.6008668,71.19369506835938,85.99183654785156
1734907675.600887,71.19369506835938,85.99183654785156
1734907675.6021621,71.09767150878906,85.99893951416016
1734907675.6024213,71.09767150878906,85.99893951416016
1734907675.605136,71.01964569091797,86.00455474853516
1734907675.605262,71.01964569091797,86.00455474853516
1734907675.606509,70.95777130126953,86.00885772705078
1734907675.6066217,70.95777130126953,86.00885772705078
1734907675.6079056,70.91017150878906,86.01201629638672
1734907675.6079614,70.91017150878906,86.01201629638672
1734907675.6090899,70.8750228881836,86.01419067382812
1734907675.609131,70.8750228881836,86.01419067382812
1734907675.6107793,70.8505630493164,86.01554107666016
1734907675.6108232,70.8505630493164,86.01554107666016
1734907675.6123722,70.83512878417969,86.01620483398438
1734907675.6126568,70.83512878417969,86.01620483398438
1734907675.6138673,70.82719421386719,86.01631927490234
1734907675.6143425,70.82719421386719,86.01631927490234
1734907675.6150975,70.82535552978516,86.0159912109375
1734907675.6155386,70.82535552978516,86.0159912109375
1734907675.6163914,70.828369140625,86.01531982421875
1734907675.6168141,70.828369140625,86.01531982421875
1734907675.617794,70.83511352539062,86.014404296875
1734907675.6180153,70.83511352539062,86.014404296875
1734907675.619767,70.84461975097656,86.01332092285156
1734907675.6198246,70.84461975097656,86.01332092285156
1734907675.6211767,70.85606384277344,86.01212310791016
1734907675.6212833,70.85606384277344,86.01212310791016
1734907675.6225176,70.86873626708984,86.01087951660156
1734907675.6239378,70.86873626708984,86.01087951660156
1734907675.6239462,70.88204956054688,86.00961303710938
1734907675.6247697,70.88204956054688,86.00961303710938
1734907675.6256962,70.8955307006836,86.00837707519531
1734907675.6268907,70.8955307006836,86.00837707519531
1734907675.6271079,70.90880584716797,86.00719451904297
1734907675.6280122,70.90880584716797,86.00719451904297
1734907675.6286962,70.92156219482422,86.0060806274414
1734907675.6290302,70.92156219482422,86.0060806274414
1734907675.6300976,70.93360900878906,86.00504302978516
1734907675.6302607,70.93360900878906,86.00504302978516
1734907675.631353,70.94477081298828,86.00410461425781
1734907675.631437,70.94477081298828,86.00410461425781
1734907675.632635,70.95496368408203,86.00325775146484
1734907675.6328773,70.95496368408203,86.00325775146484
1734907675.6343567,70.96412658691406,86.00251007080078
1734907675.6344862,70.96412658691406,86.00251007080078
1734907675.6360712,70.97225189208984,86.0018539428711
1734907675.6363814,70.97225189208984,86.0018539428711
1734907675.6378338,70.9793472290039,86.00129699707031
1734907675.6378741,70.9793472290039,86.00129699707031
1734907675.638862,70.98545837402344,86.00082397460938
1734907675.6390707,70.98545837402344,86.00082397460938
1734907675.6403012,70.99063110351562,86.00042724609375
1734907675.640479,70.99063110351562,86.00042724609375
1734907675.6425762,70.56819915771484,86.00010681152344
1734907675.6426027,70.56819915771484,86.00010681152344
1734907675.6442964,70.19590759277344,85.9998550415039
1734907675.6443346,70.19590759277344,85.9998550415039
1734907675.64563,69.87255859375,85.9996566772461
1734907675.6456547,69.87255859375,85.9996566772461
1734907675.6469748,69.595947265625,85.99951171875
1734907675.6470883,69.595947265625,85.99951171875
1734907675.6485062,69.36316680908203,85.99940490722656
1734907675.6485913,69.36316680908203,85.99940490722656
1734907675.6496544,69.1707992553711,85.99934387207031
1734907675.649665,69.1707992553711,85.99934387207031
1734907675.6510148,69.0151138305664,85.99930572509766
1734907675.6520545,69.0151138305664,85.99930572509766
1734907675.6536148,68.89226531982422,85.78591918945312
1734907675.653744,68.89226531982422,85.78591918945312
1734907675.65505,68.79837799072266,85.59803009033203
1734907675.6550813,68.79837799072266,85.59803009033203
1734907675.656097,68.72966766357422,85.43497467041016
1734907675.6565619,68.72966766357422,85.43497467041016
1734907675.657504,68.68251037597656,85.29562377929688
1734907675.6576614,68.68251037597656,85.29562377929688
1734907675.6591642,68.65351104736328,85.178466796875
1734907675.659192,68.65351104736328,85.178466796875
1734907675.6610422,68.63953399658203,85.08175659179688
1734907675.661193,68.63953399658203,85.08175659179688
1734907675.6624544,68.63773345947266,85.00359344482422
1734907675.6627417,68.63773345947266,85.00359344482422
1734907675.6638615,68.64555358886719,84.94202423095703
1734907675.663887,68.64555358886719,84.94202423095703
1734907675.6651657,68.6607437133789,84.89506530761719
1734907675.6652317,68.6607437133789,84.89506530761719
1734907675.666361,68.68134307861328,84.86080169677734
1734907675.6664548,68.68134307861328,84.86080169677734
1734907675.6677682,68.70567321777344,84.83740234375
1734907675.6678648,68.70567321777344,84.83740234375
1734907675.6698332,68.7323226928711,84.8231430053711
1734907675.6699033,68.7323226928711,84.8231430053711
1734907675.671242,68.76010131835938,84.8164291381836
1734907675.6713283,68.76010131835938,84.8164291381836
1734907675.6724744,68.78807830810547,84.81583404541016
1734907675.672566,68.78807830810547,84.81583404541016
1734907675.6738622,68.81549072265625,84.82006072998047
1734907675.6740415,68.81549072265625,84.82006072998047
1734907675.6750133,68.84175109863281,84.82797241210938
1734907675.6752403,68.84175109863281,84.82797241210938
1734907675.6769605,68.86644744873047,84.83858489990234
1734907675.6769783,68.86644744873047,84.83858489990234
1734907675.6784658,68.8892822265625,84.8510513305664
1734907675.6784842,68.8892822265625,84.8510513305664
1734907675.6797872,68.91006469726562,84.86465454101562
1734907675.6799,68.91006469726562,84.86465454101562
1734907675.6811428,68.9287109375,84.8788070678711
1734907675.6814232,68.9287109375,84.8788070678711
1734907675.6823475,68.9451904296875,84.89302825927734
1734907675.6823976,68.9451904296875,84.89302825927734
1734907675.6839948,68.95955657958984,84.90694427490234
1734907675.6840377,68.95955657958984,84.90694427490234
1734907675.6854417,68.97188568115234,84.9202651977539
1734907675.6854904,68.97188568115234,84.9202651977539
1734907675.687246,68.9822998046875,84.93277740478516
1734907675.6872838,68.9822998046875,84.93277740478516
1734907675.688341,68.9909439086914,84.94432830810547
1734907675.6884308,68.9909439086914,84.94432830810547
1734907675.690784,68.57122802734375,84.95484161376953
1734907675.6907935,68.57122802734375,84.95484161376953
1734907675.6921952,68.20099639892578,84.9642562866211
1734907675.692209,68.20099639892578,84.9642562866211
1734907675.694043,67.87914276123047,84.97257995605469
1734907675.6941764,67.87914276123047,84.97257995605469
1734907675.6951993,67.6035385131836,84.97982025146484
1734907675.69547,67.6035385131836,84.97982025146484
1734907675.6970685,67.3713607788086,84.98603820800781
1734907675.6971755,67.3713607788086,84.98603820800781
1734907675.6984947,67.17924499511719,84.99127960205078
1734907675.6985314,67.17924499511719,84.99127960205078
1734907675.6995096,67.02355194091797,84.9956283569336
1734907675.6995773,67.02355194091797,84.9956283569336
1734907675.7009811,66.90048217773438,84.99915313720703
1734907675.7010145,66.90048217773438,84.99915313720703
1734907675.703893,66.80621337890625,85.85545349121094
1734907675.704017,66.80621337890625,85.85545349121094
1734907675.705176,66.73699951171875,86.6092300415039
1734907675.7052867,66.73699951171875,86.6092300415039
1734907675.7065134,66.68925476074219,87.26313781738281
1734907675.7066433,66.68925476074219,87.26313781738281
1734907675.7075763,66.65962982177734,87.8218002319336
1734907675.707665,66.65962982177734,87.8218002319336
1734907675.708924,66.6449966430664,88.29130554199219
1734907675.7092764,66.6449966430664,88.29130554199219
1734907675.7108884,66.64254760742188,88.67870330810547
1734907675.7109256,66.64254760742188,88.67870330810547
1734907675.7124906,66.64973449707031,88.99163818359375
1734907675.7131453,66.64973449707031,88.99163818359375
1734907675.7137308,66.66431427001953,89.23800659179688
1734907675.7142465,66.66431427001953,89.23800659179688
1734907675.7150502,66.6843490600586,89.42574310302734
1734907675.71521,66.6843490600586,89.42574310302734
1734907675.7162716,66.7081527709961,89.56256103515625
1734907675.716342,66.7081527709961,89.56256103515625
1734907675.7177806,66.73432159423828,89.65583801269531
1734907675.7178802,66.73432159423828,89.65583801269531
1734907675.7192945,66.76168823242188,89.71248626708984
1734907675.7202756,66.76168823242188,89.71248626708984
1734907675.720712,66.7892837524414,89.73888397216797
1734907675.7213752,66.7892837524414,89.73888397216797
1734907675.7221496,66.81636810302734,89.74080657958984
1734907675.7224338,66.81636810302734,89.74080657958984
1734907675.7232091,66.84235382080078,89.72342681884766
1734907675.7233624,66.84235382080078,89.72342681884766
1734907675.724551,66.8668212890625,89.6913070678711
1734907675.7248476,66.8668212890625,89.6913070678711
1734907675.726118,66.88945770263672,89.6484146118164
1734907675.7261622,66.88945770263672,89.6484146118164
1734907675.7279978,66.91008758544922,89.59813690185547
1734907675.728081,66.91008758544922,89.59813690185547
1734907675.7291431,66.92860412597656,89.5433349609375
1734907675.7292185,66.92860412597656,89.5433349609375
1734907675.7306905,66.94499206542969,89.48636627197266
1734907675.731019,66.94499206542969,89.48636627197266
1734907675.7318928,66.95928192138672,89.42916107177734
1734907675.7319765,66.95928192138672,89.42916107177734
1734907675.7340264,66.97156524658203,89.37320709228516
1734907675.7341452,66.97156524658203,89.37320709228516
1734907675.7353275,66.9819564819336,89.3196792602539
1734907675.7353892,66.9819564819336,89.3196792602539
1734907675.736856,66.99058532714844,89.26942443847656
1734907675.736883,66.99058532714844,89.26942443847656
1734907675.7384818,66.99761199951172,89.2230224609375
1734907675.738698,66.99761199951172,89.2230224609375
1734907675.7401655,67.2165756225586,89.18083190917969
1734907675.7402194,67.2165756225586,89.18083190917969
1734907675.741566,67.40879821777344,89.14302825927734
1734907675.7416337,67.40879821777344,89.14302825927734
1734907675.7431343,67.57508087158203,89.10964965820312
1734907675.7431967,67.57508087158203,89.10964965820312
1734907675.7445264,67.71672058105469,89.08059692382812
1734907675.7448213,67.71672058105469,89.08059692382812
1734907675.7461176,67.83535766601562,89.0556869506836
1734907675.7461407,67.83535766601562,89.0556869506836
1734907675.7477686,67.9328842163086,89.03466796875
1734907675.7478077,67.9328842163086,89.03466796875
1734907675.7491906,68.01130676269531,89.01725769042969
1734907675.7492163,68.01130676269531,89.01725769042969
1734907675.7512167,68.07270812988281,88.57636260986328
1734907675.751271,68.07270812988281,88.57636260986328
1734907675.7528794,68.11915588378906,88.1893539428711
1734907675.7529387,68.11915588378906,88.1893539428711
1734907675.754305,68.15265655517578,87.8545913696289
1734907675.7544985,68.15265655517578,87.8545913696289
1734907675.7555802,68.17510986328125,87.56946563720703
1734907675.7556887,68.17510986328125,87.56946563720703
1734907675.7568498,68.18830871582031,87.33065795898438
1734907675.756986,68.18830871582031,87.33065795898438
1734907675.7582448,68.19389343261719,87.13436889648438
1734907675.7582674,68.19389343261719,87.13436889648438
1734907675.7597537,68.1933364868164,86.9765396118164
1734907675.7599957,68.1933364868164,86.9765396118164
1734907675.7615955,68.18797302246094,86.85298919677734
1734907675.761628,68.18797302246094,86.85298919677734
1734907675.7631063,68.17896270751953,86.7595443725586
1734907675.7631285,68.17896270751953,86.7595443725586
1734907675.7646458,68.16730499267578,86.69217681884766
1734907675.7646763,68.16730499267578,86.69217681884766
1734907675.7659357,68.15386962890625,86.64702606201172
1734907675.7661078,68.15386962890625,86.64702606201172
1734907675.7676036,68.1393814086914,86.62051391601562
1734907675.767642,68.1393814086914,86.62051391601562
1734907675.7689643,68.12442779541016,86.60933685302734
1734907675.7690587,68.12442779541016,86.60933685302734
1734907675.7702963,68.10948944091797,86.61050415039062
1734907675.7704954,68.10948944091797,86.61050415039062
1734907675.7715402,68.0949478149414,86.6213607788086
1734907675.7717235,68.0949478149414,86.6213607788086
1734907675.772811,68.08109283447266,86.6395492553711
1734907675.7729836,68.08109283447266,86.6395492553711
1734907675.7744346,68.06812286376953,86.66305541992188
1734907675.7749872,68.06812286376953,86.66305541992188
1734907675.7755814,68.05618286132812,86.69013214111328
1734907675.7758083,68.05618286132812,86.69013214111328
1734907675.7772975,68.04535675048828,86.7193374633789
1734907675.7784858,68.04535675048828,86.7193374633789
1734907675.778624,68.03568267822266,86.74946594238281
1734907675.779728,68.03568267822266,86.74946594238281
1734907675.7807121,68.02716827392578,86.77955627441406
1734907675.7809842,68.02716827392578,86.77955627441406
1734907675.782179,68.019775390625,86.80884552001953
1734907675.782708,68.019775390625,86.80884552001953
1734907675.7843277,68.0134506225586,86.83676147460938
1734907675.784461,68.0134506225586,86.83676147460938
1734907675.7862425,68.00814056396484,86.86287689208984
1734907675.7864923,68.00814056396484,86.86287689208984
1734907675.788069,68.00375366210938,86.88692474365234
1734907675.7885199,68.00375366210938,86.88692474365234
1734907675.7889087,67.57345581054688,86.90872192382812
1734907675.7894695,67.57345581054688,86.90872192382812
1734907675.7907534,67.1948471069336,86.92819213867188
1734907675.791997,67.1948471069336,86.92819213867188
1734907675.7921,66.8665542602539,86.94534301757812
1734907675.7941198,66.58621978759766,86.9602279663086
1734907675.794217,66.8665542602539,86.94534301757812
1734907675.7961257,66.58621978759766,86.9602279663086
1734907675.7979538,66.35074615478516,86.97295379638672
1734907675.7996318,66.15657806396484,86.98365020751953
1734907675.8003623,66.35074615478516,86.97295379638672
1734907675.8010035,65.99983978271484,87.84598541259766
1734907675.8016546,66.15657806396484,87.83715057373047
1734907675.803392,65.99983978271484,88.59760284423828
1734907675.80416,65.87655639648438,88.60474395751953
1734907675.8044186,65.87655639648438,89.2570571899414
1734907675.8053136,65.78272247314453,89.26268768310547
1734907675.8053348,65.78272247314453,89.82025146484375
1734907675.8064678,65.7144546508789,89.82453918457031
1734907675.8067834,65.7144546508789,90.29335021972656
1734907675.807994,65.66803741455078,90.68352508544922
1734907675.8092663,65.63998413085938,90.99851989746094
1734907675.809525,65.66803741455078,90.2964859008789
1734907675.8106318,65.63998413085938,90.6856689453125
1734907675.8109472,65.6270980834961,91.24633026123047
1734907675.8126717,65.62647247314453,91.43498992919922
1734907675.8127842,65.6270980834961,90.99982452392578
1734907675.8140302,65.63550567626953,91.57230377197266
1734907675.8140635,65.62647247314453,91.2469482421875
1734907675.8155334,65.63550567626953,91.43505096435547
1734907675.8157299,65.65190124511719,91.66571807861328
1734907675.8169024,65.6736831665039,91.72222900390625
1734907675.8169312,65.65190124511719,91.5719223022461
1734907675.818056,65.6736831665039,91.66500091552734
1734907675.8183355,65.69913482666016,91.74826049804688
1734907675.819758,65.7268295288086,91.7496566772461
1734907675.8198075,65.69913482666016,91.72126007080078
1734907675.8212001,65.7268295288086,91.74712371826172
1734907675.8213022,65.75557708740234,91.73164367675781
1734907675.822517,65.75557708740234,91.74842071533203
1734907675.8225548,65.784423828125,91.69881439208984
1734907675.8239903,65.81261444091797,91.65516662597656
1734907675.825287,65.83956909179688,91.6041259765625
1734907675.8266811,65.86486053466797,91.54857635498047
1734907675.8270876,65.784423828125,91.73035430908203
1734907675.828586,65.81261444091797,91.69751739501953
1734907675.8286202,65.8882064819336,91.49088287353516
1734907675.8299034,65.90941619873047,91.4329833984375
1734907675.8308275,65.83956909179688,91.65390014648438
1734907675.8318517,65.92841339111328,91.37640380859375
1734907675.8318765,65.86486053466797,91.60291290283203
1734907675.8336105,65.8882064819336,91.54743194580078
1734907675.8336387,65.94518280029297,91.3222885131836
1734907675.834726,65.90941619873047,91.48983001708984
1734907675.834894,65.95977020263672,91.2715072631836
1734907675.8370495,66.3990249633789,91.22463989257812
1734907675.8370805,66.35516357421875,91.4320297241211
1734907675.837991,66.74774169921875,91.37554168701172
1734907675.8380156,66.7853775024414,91.18203735351562
1734907675.8395176,67.1202621459961,91.14389038085938
1734907675.839662,67.08849334716797,91.321533203125
1734907675.840758,67.4061279296875,91.11021423339844
1734907675.8409991,67.37977600097656,91.2708511352539
1734907675.84231,67.62471771240234,91.22406768798828
1734907675.8423417,67.6461410522461,91.0809097290039
1734907675.8440638,67.84396362304688,91.05579376220703
1734907675.845171,67.82697296142578,91.18156433105469
1734907675.8456752,68.00355529785156,91.03461456298828
1734907675.8468091,67.990478515625,91.14349365234375
1734907675.8473113,68.1290054321289,91.01707458496094
1734907675.8486125,68.22439575195312,91.00283813476562
1734907675.8488088,68.11933898925781,91.1098861694336
1734907675.8507488,68.29370880126953,90.5648193359375
1734907675.850935,68.21766662597656,90.65390014648438
1734907675.8519642,68.28945922851562,90.25303649902344
1734907675.8520896,68.34074401855469,90.18035888671875
1734907675.8537977,68.36905670166016,89.84783172607422
1734907675.8538265,68.33854675292969,89.90574645996094
1734907675.8550303,68.38191223144531,89.56463623046875
1734907675.8550837,68.3685302734375,89.6094741821289
1734907675.8561776,68.38228607177734,89.32746887207031
1734907675.856198,68.38272094726562,89.36087036132812
1734907675.8575995,68.37283325195312,89.13256072998047
1734907675.8576546,68.38412475585938,89.1561050415039
1734907675.8591228,68.35588836669922,88.97586059570312
1734907675.859395,68.37542724609375,88.99105834960938
1734907675.8606784,68.33348846435547,88.85321044921875
1734907675.8609743,68.35901641845703,88.86145782470703
1734907675.8623161,68.30735778808594,88.7604751586914
1734907675.8624895,68.33695220947266,88.7630386352539
1734907675.8639433,68.31100463867188,88.69166564941406
1734907675.864259,68.27896881103516,88.69363403320312
1734907675.8653665,68.24951934814453,88.64886474609375
1734907675.8653982,68.28266143798828,88.64337921142578
1734907675.8668082,68.2199935913086,88.62260437011719
1734907675.8668337,68.25315856933594,88.61449432373047
1734907675.868297,68.22349548339844,88.60160064697266
1734907675.8683882,68.191162109375,88.611572265625
1734907675.869408,68.16360473632812,88.61280059814453
1734907675.8695562,68.1944580078125,88.60162353515625
1734907675.871073,68.16666412353516,88.6117935180664
1734907675.8711407,68.13775634765625,88.6236343383789
1734907675.87254,68.14054870605469,88.62969970703125
1734907675.8725615,68.11390686035156,88.64176177978516
1734907675.8737655,68.11641693115234,88.6532211303711
1734907675.8738942,68.09224700927734,88.66515350341797
1734907675.8751218,68.0728530883789,88.69209289550781
1734907675.875135,68.09447479248047,88.68057250976562
1734907675.876895,68.05574035644531,88.72113037109375
1734907675.8769906,68.07479858398438,88.7102279663086
1734907675.8781848,68.04085540771484,88.75109100341797
1734907675.8799994,68.05741119384766,88.74095153808594
1734907675.8802454,68.02810668945312,88.781005859375
1734907675.8814082,68.04227447509766,88.77172088623047
1734907675.8814194,68.01736450195312,88.81011962890625
1734907675.8827076,68.00846862792969,88.83786010742188
1734907675.8830082,68.02928924560547,88.80174255371094
1734907675.8852448,68.01832580566406,88.8304214477539
1734907675.8853345,68.00125122070312,88.86382293701172
1734907675.8863666,67.99554443359375,88.88771057128906
1734907675.886875,68.00923919677734,88.8572998046875
1734907675.8881314,67.99117279052734,88.90937042236328
1734907675.888144,68.0018539428711,88.88208770751953
1734907675.8894048,67.9959945678711,88.90458679199219
1734907675.8897374,67.98795318603516,88.92871856689453
1734907675.8914216,67.98573303222656,88.94575500488281
1734907675.8914464,67.99148559570312,88.92472076416016
1734907675.8928363,67.9881591796875,88.9424819946289
1734907675.8929446,67.98434448242188,88.96054077148438
1734907675.8944366,67.98584747314453,88.95791625976562
1734907675.8944693,67.98365783691406,88.97317504882812
1734907675.8956943,67.98352813720703,88.98380279541016
1734907675.895824,67.98438262939453,88.97113037109375
1734907675.8968916,67.98363494873047,88.98226165771484
1734907675.8974762,67.98384857177734,88.99256896972656
1734907675.8995674,67.98345947265625,89.844970703125
1734907675.8995855,67.9845199584961,89.85315704345703
1734907675.901017,67.98374938964844,90.60405731201172
1734907675.9010386,67.98543548583984,90.61036682128906
1734907675.901982,67.98652648925781,91.2669448852539
1734907675.9023476,67.98438262939453,91.26226806640625
1734907675.9037287,67.98773193359375,91.8276138305664
1734907675.9049017,67.9889907836914,92.29854583740234
1734907675.905561,67.98529052734375,91.82434844970703
1734907675.9062514,67.9902572631836,92.68688201904297
1734907675.9064484,67.98637390136719,92.29647064208984
1734907675.9076662,67.99150848388672,93.0003433227539
1734907675.907843,67.9875717163086,92.68579864501953
1734907675.9090133,67.98883056640625,93.00006103515625
1734907675.909237,67.99270629882812,93.24691009521484
1734907675.9106133,67.99383544921875,93.4345703125
1734907675.9116418,67.9901123046875,93.24726867675781
1734907675.9124694,67.99488067626953,93.57110595703125
1734907675.9134889,67.99136352539062,93.4354248046875
1734907675.9137056,67.99583435058594,93.6639404296875
1734907675.9145715,67.9925765991211,93.57232666015625
1734907675.9156172,67.99668884277344,93.72003936767578
1734907675.9158201,67.99371337890625,93.66542053222656
1734907675.916798,67.99744415283203,93.74581146240234
1734907675.9168952,67.9947738647461,93.72168731689453
1734907675.9179986,67.99573516845703,93.74754333496094
1734907675.91808,67.99810791015625,93.74706268310547
1734907675.9196289,67.9986801147461,93.72898864746094
1734907675.9197268,67.9966049194336,93.74881744384766
1734907675.9208848,67.99916076660156,93.6961898803711
1734907675.920965,67.99737548828125,93.73072814941406
1734907675.9221056,67.99955749511719,93.65263366699219
1734907675.9223943,67.998046875,93.69786071777344
1734907675.9235487,67.99862670898438,93.65421295166016
1734907675.9236963,67.99988555908203,93.60173034667969
1734907675.9254224,68.0001449584961,93.54634094238281
1734907675.925472,67.99911499023438,93.60319519042969
1734907675.926987,67.99951934814453,93.54767608642578
1734907675.9270873,68.0003433227539,93.48884582519531
1734907675.9283829,67.9998550415039,93.49004364013672
1734907675.928893,68.00048828125,93.43114471435547
1734907675.9299736,68.0001220703125,93.43221282958984
1734907675.9300716,68.00059509277344,93.37476348876953
1734907675.9315965,68.00066375732422,93.32085418701172
1734907675.93163,68.00032806396484,93.37569427490234
1734907675.9338639,68.21385955810547,93.32166290283203
1734907675.9340417,68.21407318115234,93.27027130126953
1734907675.935147,68.40187072753906,93.27095031738281
1734907675.935258,68.40199279785156,93.22358703613281
1734907675.936738,68.56505584716797,93.18115997314453
1734907675.9368083,68.56501770019531,93.22415161132812
1734907675.9380941,68.70442199707031,93.1431655883789
1734907675.9382439,68.70445251464844,93.18162536621094
1734907675.9392922,68.82158660888672,93.10963439941406
1734907675.9393733,68.82166290283203,93.14353942871094
1734907675.940502,68.91841888427734,93.10991668701172
1734907675.9408538,68.91830444335938,93.08045196533203
1734907675.9421751,68.99646759033203,93.05545043945312
1734907675.9422605,68.9966049194336,93.08067321777344
1734907675.9433632,69.05803680419922,93.03437042236328
1734907675.9436526,69.05819702148438,93.05560302734375
1734907675.9448993,69.10516357421875,93.03446960449219
1734907675.9450169,69.10499572753906,93.01691436767578
1734907675.9467278,69.1394271850586,93.0169677734375
1734907675.9473133,69.13925170898438,93.00274658203125
1734907675.9489405,69.16265106201172,94.05841064453125
1734907675.948973,69.1628189086914,94.06964111328125
1734907675.9502647,69.17707061767578,94.9979248046875
1734907675.9505398,69.17691040039062,94.98933410644531
1734907675.951524,69.18376922607422,95.80469512939453
1734907675.9517689,69.1836166381836,95.79839324951172
1734907675.953163,69.1843490600586,96.49530029296875
1734907675.9532473,69.1842041015625,96.49095916748047
1734907675.9546292,69.18010711669922,97.07691192626953
1734907675.9550273,69.17996978759766,97.07423400878906
1734907675.955827,69.17205810546875,97.5566635131836
1734907675.955948,69.17217254638672,97.55796813964844
1734907675.9576566,69.16154479980469,97.94764709472656
1734907675.957722,69.16143798828125,97.94745635986328
1734907675.9588838,69.14906311035156,98.2555160522461
1734907675.9590662,69.14897155761719,98.2562026977539
1734907675.9604995,69.13536071777344,98.49253845214844
1734907675.9610898,69.13544464111328,98.49118041992188
1734907675.9618073,69.12120819091797,98.66588592529297
1734907675.962211,69.12127685546875,98.66403198242188
1734907675.9641123,69.10698699951172,98.78526306152344
1734907675.9646513,69.10704040527344,98.78306579589844
1734907675.9655905,69.09306335449219,98.85914611816406
1734907675.965938,69.09310913085938,98.85673522949219
1734907675.966744,69.07974243164062,98.89535522460938
1734907675.9671092,69.07978057861328,98.89283752441406
1734907675.9682782,69.06723022460938,98.9010009765625
1734907675.9683683,69.0672607421875,98.89846801757812
1734907675.969786,69.05567169189453,98.8824691772461
1734907675.9698071,69.05569458007812,98.8799819946289
1734907675.9713502,69.04518127441406,98.84300231933594
1734907675.9716902,69.045166015625,98.84539031982422
1734907675.9726512,69.0357437133789,98.79466247558594
1734907675.9727504,69.03575134277344,98.79241943359375
1734907675.9738948,69.02742767333984,98.732421875
1734907675.9742303,69.02742004394531,98.7344970703125
1734907675.9753282,69.02017974853516,98.66654968261719
1734907675.975561,69.02017974853516,98.66844177246094
1734907675.9767425,69.01396179199219,98.59773254394531
1734907675.9769397,69.01396179199219,98.59942626953125
1734907675.978629,69.00872039794922,98.52986145019531
1734907675.978649,69.00871276855469,98.52835845947266
1734907675.980008,69.00436401367188,98.46031188964844
1734907675.980035,69.0043716430664,98.46162414550781
1734907675.98253,69.2142105102539,98.39505004882812
1734907675.9827259,69.21421813964844,98.39617156982422
1734907675.9838572,69.39932250976562,98.33458709716797
1734907675.9838846,69.3993148803711,98.3336410522461
1734907675.9850793,69.56024932861328,98.2776107788086
1734907675.9851303,69.56024169921875,98.27681732177734
1734907675.9868174,69.69805145263672,98.2257080078125
1734907675.9869926,69.69804382324219,98.22506713867188
1734907675.9885428,69.81414031982422,98.17861938476562
1734907675.9885798,69.81414794921875,98.17913055419922
1734907675.989758,69.91020965576172,98.13752746582031
1734907675.9899926,69.91021728515625,98.13792419433594
1734907675.9912589,69.98806762695312,98.10169219970703
1734907675.9914176,69.98807525634766,98.10198974609375
1734907675.992373,70.04962158203125,98.07112121582031
1734907675.9923995,70.04961395263672,98.07091522216797
1734907675.9939637,70.09676361083984,98.0448989868164
1734907675.9941795,70.09677124023438,98.04502868652344
1734907675.9954326,70.13138580322266,98.02328491210938
1734907675.995708,70.13139343261719,98.02335357666016
1734907675.9975584,70.15528106689453,98.00570678710938
1734907675.997595,70.1552734375,98.00569152832031
1734907675.998888,70.17010498046875,97.99168395996094
1734907675.998935,70.17010498046875,97.99169921875
1734907676.0013688,70.17742919921875,98.19429016113281
1734907676.0018156,70.17742919921875,98.1942367553711
1734907676.0027118,70.17866516113281,98.37419128417969
1734907676.0031257,70.17867279052734,98.37411499023438
1734907676.004284,70.17508697509766,98.53166961669922
1734907676.004331,70.17508697509766,98.53157806396484
1734907676.0053353,70.16780090332031,98.66748809814453
1734907676.005613,70.16780853271484,98.6673812866211
1734907676.00678,70.15779876708984,98.78279876708984
1734907676.006898,70.15779876708984,98.7826919555664
1734907676.0080283,70.1458969116211,98.8790512084961
1734907676.0081983,70.14590454101562,98.87894439697266
1734907676.0097191,70.13282012939453,98.95784759521484
1734907676.009759,70.13282012939453,98.9577407836914
1734907676.0109422,70.11914825439453,99.02090454101562
1734907676.011216,70.11914825439453,99.02080535888672
1734907676.0126705,70.10535430908203,99.06997680664062
1734907676.0134463,70.10535430908203,99.06987762451172
1734907676.0144978,70.09181213378906,99.1067886352539
1734907676.0147057,70.09181213378906,99.10669708251953
1734907676.0159976,70.07882690429688,99.13302612304688
1734907676.0166345,70.07882690429688,99.13294219970703
1734907676.0173812,70.06659698486328,99.15027618408203
1734907676.0176702,70.06659698486328,99.15019989013672
1734907676.018608,70.0552749633789,99.15994262695312
1734907676.018639,70.0552749633789,99.1600112915039
1734907676.0204272,70.04496765136719,99.16358184814453
1734907676.0211391,70.04496765136719,99.16352844238281
1734907676.0219014,70.03570556640625,99.16222381591797
1734907676.0221775,70.03570556640625,99.16217803955078
1734907676.023177,70.02751159667969,99.156982421875
1734907676.0235007,70.02751159667969,99.15702056884766
1734907676.0246065,70.0203628540039,99.14888763427734
1734907676.024698,70.0203628540039,99.14892578125
1734907676.0257974,70.01422119140625,99.13875579833984
1734907676.026319,70.01422119140625,99.13872528076172
1734907676.0271916,70.009033203125,99.127197265625
1734907676.0274107,70.009033203125,99.1272201538086
1734907676.0289767,70.00471496582031,99.11488342285156
1734907676.0291028,70.00471496582031,99.11489868164062
1734907676.031976,69.78782653808594,99.10227966308594
1734907676.032012,69.78782653808594,99.10226440429688
1734907676.0331025,69.59712219238281,99.08972930908203
1734907676.0334578,69.59712219238281,99.0897445678711
1734907676.0344062,69.431884765625,99.07759094238281
1734907676.0347033,69.431884765625,99.07758331298828
1734907676.035771,69.2908935546875,99.06605529785156
1734907676.035843,69.2908935546875,99.06605529785156
1734907676.0375776,69.17256927490234,99.0552978515625
1734907676.0376265,69.17256927490234,99.0552978515625
1734907676.0384219,69.07508850097656,99.04542541503906
1734907676.0386834,69.07508850097656,99.04542541503906
1734907676.0399702,68.99649047851562,99.0364990234375
1734907676.0399902,68.99649047851562,99.0364990234375
1734907676.0413306,68.93476104736328,99.02854919433594
1734907676.0418253,68.93476104736328,99.02854919433594
1734907676.0426526,68.88786315917969,99.02156829833984
1734907676.042947,68.88786315917969,99.02156829833984
1734907676.0442464,68.85382843017578,99.0155258178711
1734907676.0444758,68.85382843017578,99.0155258178711
1734907676.0460842,68.8307876586914,99.0103759765625
1734907676.0461133,68.8307876586914,99.0103759765625
1734907676.0474448,68.81697082519531,99.00606536865234
1734907676.0475142,68.81697082519531,99.00605773925781
1734907676.0488923,68.81077575683594,99.00251007080078
1734907676.0490859,68.81077575683594,99.00251770019531
1734907676.0502317,68.81072998046875,98.9996566772461
1734907676.0507696,68.81072998046875,98.9996566772461
1734907676.0530095,68.81551361083984,99.42416381835938
1734907676.0530524,68.81551361083984,99.4241714477539
1734907676.0545347,68.82398986816406,99.79828643798828
1734907676.0545998,68.82398986816406,99.79828643798828
1734907676.0558078,68.83513641357422,100.12322235107422
1734907676.0559902,68.83513641357422,100.12321472167969
1734907676.057096,68.84811401367188,100.40117645263672
1734907676.0571358,68.84811401367188,100.40118408203125
1734907676.0584946,68.86219787597656,100.63510131835938
1734907676.0586998,68.86219787597656,100.63510131835938
1734907676.059983,68.87678527832031,100.82841491699219
1734907676.060088,68.87678527832031,100.82840728759766
1734907676.0614078,68.89140319824219,100.98484802246094
1734907676.0614922,68.89140319824219,100.98485565185547
1734907676.063333,68.90567016601562,101.1082992553711
1734907676.0633755,68.90567016601562,101.1082992553711
1734907676.0647626,68.91930389404297,101.20264434814453
1734907676.0647984,68.91930389404297,101.20264434814453
1734907676.0661163,68.93208312988281,101.27169036865234
1734907676.0662127,68.93208312988281,101.27169036865234
1734907676.0676067,68.94386291503906,101.31907653808594
1734907676.0676265,68.94386291503906,101.3190689086914
1734907676.0685623,68.9545669555664,101.34821319580078
1734907676.0686061,68.9545669555664,101.34821319580078
1734907676.0701876,68.96414184570312,101.36225128173828
1734907676.0707397,68.96414184570312,101.36225128173828
1734907676.071802,68.97259521484375,101.36405944824219
1734907676.0727186,68.97259521484375,101.36405944824219
1734907676.0735476,68.97993469238281,101.35619354248047
1734907676.0736709,68.97993469238281,101.35619354248047
1734907676.0745966,68.98622131347656,101.34092712402344
1734907676.0758524,68.99152374267578,101.32022857666016
1734907676.0763855,68.98622131347656,101.34092712402344
1734907676.0773952,68.99152374267578,101.32022857666016
1734907676.0775404,68.99590301513672,101.2957763671875
1734907676.0801377,69.84940338134766,101.2957763671875
1734907676.080249,69.85295867919922,101.26899719238281
1734907676.0817876,70.60739135742188,101.24107360839844
1734907676.0818036,70.60458374023438,101.26899719238281
1734907676.0830324,71.26185607910156,101.21295928955078
1734907676.0830538,71.25970458984375,101.24107360839844
1734907676.0849304,71.82099914550781,101.18541717529297
1734907676.0849488,71.81941986083984,101.21295928955078
1734907676.0868444,72.29090118408203,101.15901947021484
1734907676.0868738,72.28981018066406,101.18541717529297
1734907676.0880785,72.67794036865234,101.15901947021484
1734907676.0895703,72.67861938476562,101.13420104980469
1734907676.0895984,72.99147033691406,101.13420104980469
1734907676.0902977,72.99180603027344,101.11125946044922
1734907676.090569,73.23831176757812,101.11125946044922
1734907676.0917282,73.23837280273438,101.09037017822266
1734907676.0924842,73.4264144897461,101.09037017822266
1734907676.0930908,73.5634994506836,101.07164001464844
1734907676.0932345,73.4262466430664,101.07164001464844
1734907676.0943565,73.56317138671875,101.0550765991211
1734907676.0958533,73.65650939941406,101.04064178466797
1734907676.0974634,73.65696716308594,101.0550765991211
1734907676.0976539,73.71319580078125,101.02825164794922
1734907676.0984018,73.71373748779297,101.04064178466797
1734907676.0990603,73.7396011352539,101.01778411865234
1734907676.0993726,73.74019622802734,101.02825164794922
1734907676.100623,73.74150848388672,101.00909423828125
1734907676.100687,73.74213409423828,101.01778411865234
1734907676.1022522,73.7247314453125,101.00909423828125
1734907676.1023624,73.7240982055664,101.00202941894531
1734907676.1036577,73.69194030761719,100.99642181396484
1734907676.104011,73.69255828857422,101.00202941894531
1734907676.1049073,73.64900207519531,100.99209594726562
1734907676.1049376,73.64959716796875,100.99642181396484
1734907676.1061528,73.59867095947266,100.98889923095703
1734907676.1062334,73.59922790527344,100.99210357666016
1734907676.1075351,73.54381561279297,100.9866714477539
1734907676.1077218,73.5443344116211,100.98889923095703
1734907676.109992,73.48680114746094,100.9852523803711
1734907676.1100025,73.48726654052734,100.9866714477539
1734907676.1113923,73.4299545288086,100.9852523803711
1734907676.1123152,73.42953491210938,100.98451232910156
1734907676.1130347,73.37390899658203,100.98451232910156
1734907676.1134813,73.37353515625,100.98432922363281
1734907676.1148405,73.32028198242188,100.98432922363281
1734907676.1148705,73.31995391845703,100.98458099365234
1734907676.1163054,73.2696533203125,100.98517608642578
1734907676.116324,73.26993560791016,100.98458099365234
1734907676.1176631,73.22344207763672,100.98517608642578
1734907676.117677,73.22320556640625,100.98602294921875
1734907676.119158,73.18097686767578,100.9870376586914
1734907676.1192904,73.1811752319336,100.98602294921875
1734907676.1209517,73.14314270019531,100.98817443847656
1734907676.1210618,73.14330291748047,100.9870376586914
1734907676.1223915,73.10986328125,100.98817443847656
1734907676.1226602,73.10973358154297,100.98936462402344
1734907676.1238585,73.08065795898438,100.9905776977539
1734907676.124012,73.08075714111328,100.98936462402344
1734907676.1249485,73.05572509765625,100.99176788330078
1734907676.125321,73.05580139160156,100.9905776977539
1734907676.1273491,72.60799407958984,100.99176788330078
1734907676.127439,72.60794067382812,100.99291229248047
1734907676.1286669,72.2146987915039,100.9939956665039
1734907676.128713,72.21473693847656,100.99291229248047
1734907676.1307726,71.8743896484375,100.99500274658203
1734907676.1308064,71.8744125366211,100.9939956665039
1734907676.1318269,71.58440399169922,100.99500274658203
1734907676.1318493,71.58439636230469,100.99592590332031
1734907676.1332922,71.34137725830078,100.99592590332031
1734907676.1334033,71.34138488769531,100.99674987792969
1734907676.1347117,71.1415023803711,100.99674987792969
1734907676.1347866,71.14151000976562,100.99748229980469
1734907676.1364202,70.98066711425781,100.99748229980469
1734907676.1364748,70.98068237304688,100.99812316894531
1734907676.1376414,70.85466003417969,100.99867248535156
1734907676.137805,70.8546371459961,100.99812316894531
1734907676.1389077,70.75920867919922,100.99867248535156
1734907676.1391573,70.75923919677734,100.99913787841797
1734907676.1403785,70.6902847290039,100.99913787841797
1734907676.1404612,70.69031524658203,100.9995346069336
1734907676.1419077,70.64398956298828,100.99984741210938
1734907676.1419702,70.64396667480469,100.9995346069336
1734907676.1433332,70.61663055419922,101.00010681152344
1734907676.1433794,70.61660766601562,100.99984741210938
1734907676.1447332,70.60488891601562,101.00030517578125
1734907676.144768,70.60486602783203,101.00010681152344
1734907676.146156,70.60570526123047,101.00030517578125
1734907676.146622,70.60572814941406,101.00045013427734
1734907676.1477792,70.61641693115234,101.00045013427734
1734907676.148075,70.61643981933594,101.00055694580078
1734907676.1494997,70.6346435546875,101.00062561035156
1734907676.1495287,70.63462829589844,101.00055694580078
1734907676.1513004,70.65826416015625,101.00062561035156
1734907676.1513398,70.65828704833984,101.00066375732422
1734907676.1528666,70.68559265136719,101.00067138671875
1734907676.1531122,70.68557739257812,101.00066375732422
1734907676.154538,70.71508026123047,101.00067138671875
1734907676.154914,70.71509552001953,101.00066375732422
1734907676.1557417,70.74555206298828,101.00066375732422
1734907676.1559758,70.74556732177734,101.00064086914062
1734907676.1568112,70.77600860595703,101.00064086914062
1734907676.1568384,70.7760238647461,101.0006103515625
1734907676.1580114,70.80569458007812,101.00056457519531
1734907676.1583972,70.80567932128906,101.0006103515625
1734907676.1595912,70.833984375,101.00051879882812
1734907676.1596782,70.83397674560547,101.00056457519531
1734907676.1609251,70.8604736328125,101.0004653930664
1734907676.1610217,70.8604736328125,101.00051879882812
1734907676.162515,70.88487243652344,101.00041961669922
1734907676.1625376,70.8848648071289,101.0004653930664
1734907676.1642485,70.90699768066406,101.00041961669922
1734907676.1643085,70.90699768066406,101.0003662109375
1734907676.1655345,70.92677307128906,101.0003662109375
1734907676.1655536,70.92677307128906,101.00031280517578
1734907676.167003,70.94419860839844,101.0002670288086
1734907676.1671169,70.94419860839844,101.00031280517578
1734907676.1684475,70.9593276977539,101.0002212524414
1734907676.1685321,70.9593276977539,101.0002670288086
1734907676.1698701,70.9722671508789,101.0002212524414
1734907676.16999,70.9722671508789,101.00018310546875
1734907676.1720457,70.98314666748047,102.49381256103516
1734907676.1721518,70.98314666748047,102.4937744140625
1734907676.1736176,70.99214172363281,103.80908203125
1734907676.1736412,70.99214172363281,103.80911254882812
1734907676.17585,71.42616271972656,104.95060729980469
1734907676.175922,71.4261703491211,104.95063018798828
1734907676.1771243,71.8077163696289,105.92633819580078
1734907676.1773562,71.8077163696289,105.92631530761719
1734907676.1785975,72.13825225830078,106.74673461914062
1734907676.1787508,72.13825225830078,106.74671173095703
1734907676.1804252,72.42023468017578,107.42401885986328
1734907676.1805763,72.42024230957031,107.42403411865234
1734907676.182024,72.6568374633789,107.97150421142578
1734907676.1821182,72.6568374633789,107.97149658203125
1734907676.1835759,72.8517074584961,108.40288543701172
1734907676.1836975,72.8517074584961,108.40287780761719
1734907676.1850913,73.00877380371094,108.73194885253906
1734907676.185131,73.00877380371094,108.73194122314453
1734907676.186709,73.1321029663086,108.97212982177734
1734907676.186772,73.1321029663086,108.97212219238281
1734907676.1877847,73.22575378417969,109.13627624511719
1734907676.1882038,73.22574615478516,109.13626861572266
1734907676.1893754,73.29365539550781,109.23641967773438
1734907676.1894264,73.29365539550781,109.23641204833984
1734907676.1904817,73.33958435058594,109.28366088867188
1734907676.1906679,73.33958435058594,109.28366088867188
1734907676.1919148,73.36705780029297,109.28809356689453
1734907676.1919699,73.36705780029297,109.28809356689453
1734907676.1932395,73.37930297851562,109.25873565673828
1734907676.193378,73.37930297851562,109.25873565673828
1734907676.194774,73.37926483154297,109.20353698730469
1734907676.1949246,73.37926483154297,109.20353698730469
1734907676.1960208,73.36956787109375,109.12943267822266
1734907676.1961763,73.36956787109375,109.12943267822266
1734907676.197799,73.35250854492188,109.0423355102539
1734907676.1978424,73.35250854492188,109.0423355102539
1734907676.1992486,73.3301010131836,108.9472427368164
1734907676.19928,73.3301010131836,108.9472427368164
1734907676.2009344,73.30406188964844,108.84828186035156
1734907676.2009554,73.30406188964844,108.84828186035156
1734907676.202244,73.27582550048828,108.74880981445312
1734907676.2023551,73.27582550048828,108.74880981445312
1734907676.2037625,73.24657440185547,108.6514663696289
1734907676.2038436,73.24657440185547,108.6514663696289
1734907676.2048666,73.21727752685547,108.55828094482422
1734907676.2050452,73.21727752685547,108.55828094482422
1734907676.2064555,73.1886978149414,108.47074127197266
1734907676.2064624,73.1886978149414,108.47074127197266
1734907676.2076013,73.1613998413086,108.38987731933594
1734907676.2076833,73.1613998413086,108.38987731933594
1734907676.2091124,73.13581085205078,108.31632995605469
1734907676.2093084,73.13581085205078,108.31632232666016
1734907676.210812,73.11222076416016,108.25040435791016
1734907676.2108786,73.11222076416016,108.25040435791016
1734907676.2127924,73.0907974243164,108.1921615600586
1734907676.2128618,73.0907974243164,108.1921615600586
1734907676.213924,73.0716323852539,108.14144134521484
1734907676.214022,73.0716323852539,108.14144134521484
1734907676.215988,73.05473327636719,108.09794616699219
1734907676.2160125,73.05473327636719,108.09793853759766
1734907676.217038,73.0400390625,108.06122589111328
1734907676.2172625,73.0400390625,108.06122589111328
1734907676.2185502,73.0274658203125,108.0307846069336
1734907676.2187023,73.0274658203125,108.0307846069336
1734907676.2202158,73.0168685913086,108.00605010986328
1734907676.220255,73.0168685913086,108.00605010986328
1734907676.221748,73.00810241699219,107.98644256591797
1734907676.2217844,73.00810241699219,107.98644256591797
1734907676.2228327,73.00100708007812,107.97135925292969
1734907676.2228556,73.00100708007812,107.97135925292969
1734907676.2251163,72.35527038574219,107.9602279663086
1734907676.2258217,72.35527038574219,107.9602279663086
1734907676.2265258,71.7872543334961,107.95248413085938
1734907676.2265854,71.7872543334961,107.95248413085938
1734907676.2278821,71.29486846923828,107.9476089477539
1734907676.2279592,71.29486846923828,107.9476089477539
1734907676.2298527,70.87451934814453,107.94510650634766
1734907676.230047,70.87451934814453,107.94510650634766
1734907676.2311082,70.52156829833984,107.94454193115234
1734907676.231562,70.52156829833984,107.94454193115234
1734907676.2338562,70.23062133789062,139.31166076660156
1734907676.2340584,70.23062133789062,139.31166076660156
1734907676.235113,69.99588012695312,166.93592834472656
1734907676.2352114,69.99588012695312,166.93592834472656
1734907676.2365437,69.81132507324219,190.9115447998047
1734907676.2366717,69.81132507324219,190.9115447998047
1734907676.2378037,69.67096710205078,211.4056396484375
1734907676.2381375,69.67096710205078,211.4056396484375
1734907676.2391737,69.5689468383789,228.63848876953125
1734907676.2392921,69.5689468383789,228.63848876953125
1734907676.2403731,69.49968719482422,242.86651611328125
1734907676.2406466,69.49968719482422,242.86651611328125
1734907676.2418058,69.45796203613281,254.36802673339844
1734907676.2418811,69.45796203613281,254.36802673339844
1734907676.243644,69.43896484375,263.4315185546875
1734907676.24369,69.43896484375,263.4315185546875
1734907676.245078,69.43832397460938,270.3460998535156
1734907676.2453542,69.43832397460938,270.3460998535156
1734907676.2470746,69.4521484375,275.3939208984375
1734907676.247152,69.4521484375,275.3939208984375
1734907676.2482536,69.47698974609375,278.8446350097656
1734907676.249036,69.47698974609375,278.8446350097656
1734907676.250017,69.50987243652344,280.95098876953125
1734907676.2505603,69.50987243652344,280.95098876953125
1734907676.251408,69.54823303222656,281.9461364746094
1734907676.2519426,69.54823303222656,281.9461364746094
1734907676.252975,69.58992767333984,282.0417785644531
1734907676.2534177,69.58992767333984,282.0417785644531
1734907676.254427,69.63318634033203,281.4274597167969
1734907676.2545817,69.63318634033203,281.4274597167969
1734907676.2555168,69.67656707763672,280.2702941894531
1734907676.255531,69.67656707763672,280.2702941894531
1734907676.256849,69.71894073486328,278.71563720703125
1734907676.2581835,69.75943756103516,276.8879699707031
1734907676.2582595,69.71894073486328,278.71563720703125
1734907676.2596536,69.75943756103516,276.8879699707031
1734907676.2597513,69.79742431640625,274.89208984375
1734907676.260942,69.79742431640625,274.89208984375
1734907676.2609591,69.83248138427734,272.8148498535156
1734907676.2623882,69.86431884765625,270.7265319824219
1734907676.2626112,69.83248138427734,272.8148498535156
1734907676.2639658,69.86431884765625,270.7265319824219
1734907676.2641125,69.89282989501953,268.68280029296875
1734907676.26541,69.9179916381836,266.7261962890625
1734907676.2657416,69.89282989501953,268.68280029296875
1734907676.26697,69.93987274169922,264.8880920410156
1734907676.2670622,69.9179916381836,266.7261962890625
1734907676.2686636,69.93987274169922,264.8880920410156
1734907676.2686813,69.9586181640625,263.1900329589844
1734907676.2700088,69.97441864013672,261.64544677734375
1734907676.2701375,69.9586181640625,263.1900329589844
1734907676.2711074,69.98750305175781,260.2609558105469
1734907676.271389,69.97441864013672,261.64544677734375
1734907676.2735624,69.77412414550781,260.2609558105469
1734907676.273689,69.78473663330078,259.0377502441406
1734907676.275357,69.59683227539062,259.0377502441406
1734907676.275459,69.605224609375,257.9725646972656
1734907676.2768533,69.44214630126953,257.9725646972656
1734907676.2771184,69.44857788085938,257.0588684082031
1734907676.2787037,69.31392669677734,256.2876281738281
1734907676.2787242,69.30918884277344,257.0588684082031
1734907676.2799382,69.19999694824219,255.6481170654297
1734907676.2799814,69.19672393798828,256.2876281738281
1734907676.281713,69.10527038574219,255.1285400390625
1734907676.281743,69.10323333740234,255.6481170654297
1734907676.2829711,69.02706146240234,255.1285400390625
1734907676.2835817,69.028076171875,254.71653747558594
1734907676.2846212,68.9664535522461,254.71653747558594
1734907676.2852526,68.96664428710938,254.39968872070312
1734907676.2862854,68.91915893554688,254.16574096679688
1734907676.2863014,68.91963195800781,254.39968872070312
1734907676.287357,68.88387298583984,254.00299072265625
1734907676.2875843,68.88484954833984,254.16574096679688
1734907676.2886817,68.85907745361328,253.90040588378906
1734907676.2887053,68.86042785644531,254.00299072265625
1734907676.2898653,68.84317016601562,253.8477325439453
1734907676.2901323,68.84477233886719,253.90040588378906
1734907676.2915218,68.83641815185547,253.8477325439453
1734907676.2919314,68.83464813232422,253.835693359375
1734907676.2930412,68.83216857910156,253.8559112548828
1734907676.2930489,68.83401489257812,253.835693359375
1734907676.2943168,68.83636474609375,253.8559112548828
1734907676.294343,68.8344955444336,253.90098571777344
1734907676.2958567,68.84237670898438,253.90098571777344
1734907676.2959406,68.84054565429688,253.96446228027344
1734907676.2974498,68.84937286376953,254.0408172607422
1734907676.2974646,68.85113525390625,253.96446228027344
1734907676.2989326,68.86181640625,254.0408172607422
1734907676.2991245,68.86015319824219,254.1253204345703
1734907676.3004642,68.87374114990234,254.1253204345703
1734907676.300572,68.87220001220703,254.214111328125
1734907676.301965,68.88633728027344,254.214111328125
1734907676.3021898,68.88494110107422,254.3040008544922
1734907676.3034675,68.8991470336914,254.3040008544922
1734907676.3036609,68.89789581298828,254.39244079589844
1734907676.3048732,68.91068267822266,254.47752380371094
1734907676.3049011,68.91179656982422,254.39244079589844
1734907676.3064044,68.92399597167969,254.47752380371094
1734907676.3064742,68.92302703857422,254.55775451660156
1734907676.308424,68.93553161621094,254.55775451660156
1734907676.3085809,68.93470001220703,254.6321563720703
1734907676.3097758,68.94554138183594,254.70005798339844
1734907676.309866,68.94625091552734,254.6321563720703
1734907676.3113163,68.95604705810547,254.70005798339844
1734907676.3113759,68.95545959472656,254.76112365722656
1734907676.3126488,68.96488189697266,254.76112365722656
1734907676.3128722,68.96440124511719,254.81524658203125
1734907676.3142667,68.97272491455078,254.81524658203125
1734907676.3143902,68.97234344482422,254.86253356933594
1734907676.3155494,68.97958374023438,254.86253356933594
1734907676.3158448,68.97929382324219,254.9032440185547
1734907676.3172426,68.98550415039062,254.9032440185547
1734907676.3173153,68.98529052734375,254.93772888183594
1734907676.3187447,68.9903793334961,254.96644592285156
1734907676.3187609,68.99053192138672,254.93772888183594
1734907676.3198986,68.99462890625,254.98988342285156
1734907676.3214695,68.9947280883789,254.96644592285156
1734907676.3224003,69.8516616821289,254.98988342285156
1734907676.3224938,69.85160827636719,255.0085906982422
1734907676.3237414,70.60601806640625,255.0230712890625
1734907676.323777,70.60603332519531,255.0085906982422
1734907676.3249645,71.26049041748047,255.0230712890625
1734907676.325105,71.26050567626953,255.0338897705078
1734907676.3264027,71.81969451904297,255.04151916503906
1734907676.3277519,72.28966522216797,255.04647827148438
1734907676.3278432,71.81965637207031,255.0338897705078
1734907676.3294225,72.67747497558594,255.04917907714844
1734907676.3294456,72.28961181640625,255.04151916503906
1734907676.332151,72.99075317382812,255.05006408691406
1734907676.3321817,72.67740631103516,255.04647827148438
1734907676.3335683,73.2374267578125,255.04946899414062
1734907676.3335922,72.99067687988281,255.04917907714844
1734907676.334607,73.23735046386719,255.05006408691406
1734907676.3349307,73.42540740966797,255.04774475097656
1734907676.3360934,73.42533111572266,255.04946899414062
1734907676.3363912,73.56243133544922,255.04518127441406
1734907676.3379514,73.5623550415039,255.04774475097656
1734907676.3379855,73.65587615966797,255.04200744628906
1734907676.3391056,73.71266174316406,255.03843688964844
1734907676.339152,73.65579986572266,255.04518127441406
1734907676.3409605,73.73915100097656,255.03463745117188
1734907676.3411326,73.71258544921875,255.04200744628906
1734907676.3427866,73.74114227294922,255.03077697753906
1734907676.342896,73.73908233642578,255.03843688964844
1734907676.3440015,73.72380828857422,255.02696228027344
1734907676.344621,73.74108123779297,255.03463745117188
1734907676.34525,73.69171142578125,255.02325439453125
1734907676.3456416,73.72374725341797,255.03077697753906
1734907676.3466773,73.6488265991211,255.01976013183594
1734907676.3468294,73.69166564941406,255.02696228027344
1734907676.347959,73.64878845214844,255.02325439453125
1734907676.3479898,73.59854888916016,255.01651000976562
1734907676.3493853,73.54373931884766,255.01351928710938
1734907676.3496506,73.5985107421875,255.01976013183594
1734907676.3508685,73.48675537109375,255.01083374023438
1734907676.3510134,73.543701171875,255.01651000976562
1734907676.3524618,73.48672485351562,255.01351928710938
1734907676.3526757,73.42951202392578,255.00843811035156
1734907676.353785,73.42949676513672,255.01083374023438
1734907676.3542218,73.37353515625,255.00633239746094
1734907676.35517,73.31997680664062,255.00453186035156
1734907676.3553915,73.37351989746094,255.00843811035156
1734907676.3565729,73.3199691772461,255.00633239746094
1734907676.3567,73.26969146728516,255.00299072265625
1734907676.357852,73.2696762084961,255.00453186035156
1734907676.3578737,73.22325134277344,255.00169372558594
1734907676.3593054,73.1810302734375,255.00064086914062
1734907676.3595626,73.2232437133789,255.00299072265625
1734907676.3607445,73.14320373535156,254.9998016357422
1734907676.361097,73.1810302734375,255.00169372558594
1734907676.362219,73.10979461669922,254.99913024902344
1734907676.362267,73.14320373535156,255.00064086914062
1734907676.3638933,73.0807113647461,254.99864196777344
1734907676.3639073,73.10979461669922,254.9998016357422
1734907676.3652132,73.05577850341797,254.99827575683594
1734907676.3653097,73.0807113647461,254.99913024902344
1734907676.3669333,73.0557861328125,254.99864196777344
1734907676.366969,73.03474426269531,254.998046875
1734907676.3684225,73.03474426269531,254.99827575683594
1734907676.3684316,73.0173110961914,254.99790954589844
1734907676.371212,73.00315856933594,254.9978485107422
1734907676.37124,73.01731872558594,254.998046875
1734907676.372659,73.00315856933594,254.99790954589844
1734907676.3729606,72.991943359375,254.99786376953125
1734907676.3742552,72.991943359375,254.9978485107422
1734907676.3754528,72.98332977294922,254.9979248046875
1734907676.3754766,72.98332977294922,254.99786376953125
1734907676.3765452,72.97697448730469,254.99803161621094
1734907676.3770547,72.97697448730469,254.9979248046875
1734907676.377558,72.97256469726562,254.9981689453125
1734907676.3780727,72.96979522705078,254.99830627441406
1734907676.3783157,72.97256469726562,254.99803161621094
1734907676.3796222,72.9683837890625,254.99847412109375
1734907676.3799853,72.96979522705078,254.9981689453125
1734907676.3821743,72.96808624267578,254.99864196777344
1734907676.3823416,72.96839141845703,254.99830627441406
1734907676.3839097,72.96808624267578,254.99847412109375
1734907676.38395,72.96865844726562,254.99880981445312
1734907676.3853123,72.96866607666016,254.99864196777344
1734907676.3853903,72.96990966796875,254.99896240234375
1734907676.3866935,72.96991729736328,254.99880981445312
1734907676.38683,72.97166442871094,254.99911499023438
1734907676.3881173,72.97377014160156,254.999267578125
1734907676.3881922,72.97166442871094,254.99896240234375
1734907676.389258,72.97377014160156,254.99911499023438
1734907676.389353,72.97608947753906,254.9993896484375
1734907676.3906267,72.97852325439453,254.99951171875
1734907676.3907418,72.97608947753906,254.999267578125
1734907676.3920522,72.98098754882812,254.99961853027344
1734907676.392125,72.97852325439453,254.9993896484375
1734907676.3932865,72.98341369628906,254.9997100830078
1734907676.3935661,72.98098754882812,254.99951171875
1734907676.3948274,72.98341369628906,254.99961853027344
1734907676.3950224,72.9857406616211,254.99978637695312
1734907676.3964314,72.9857406616211,254.9997100830078
1734907676.3966208,72.9879379272461,254.99986267089844
1734907676.3980408,72.9879379272461,254.99978637695312
1734907676.3981357,72.98997497558594,254.99990844726562
1734907676.3994412,72.98997497558594,254.99986267089844
1734907676.3997335,72.99182891845703,254.99996948242188
1734907676.4014585,72.99349975585938,255.0
1734907676.4015517,72.99182891845703,254.99990844726562
1734907676.4029663,72.99349975585938,254.99996948242188
1734907676.4032865,72.9949722290039,255.00003051757812
1734907676.4045522,72.9949722290039,255.0
1734907676.4049594,72.99626922607422,255.00006103515625
1734907676.4058905,72.99626922607422,255.00003051757812
1734907676.4062445,72.99737548828125,255.0000762939453
1734907676.4074318,72.99737548828125,255.00006103515625
1734907676.4074707,72.9983139038086,255.0000762939453
1734907676.4086409,72.9983139038086,255.0000762939453
1734907676.4087088,72.99909973144531,255.00009155273438
1734907676.409633,72.99909973144531,255.0000762939453
1734907676.4097974,72.99974060058594,255.00009155273438
1734907676.4113338,72.99974060058594,255.00009155273438
1734907676.4113479,73.00025177001953,255.00009155273438
1734907676.412712,73.00064086914062,255.00009155273438
1734907676.4128907,73.00025177001953,255.00009155273438
1734907676.4144173,73.00064086914062,255.00009155273438
1734907676.4144456,73.00093841552734,255.00009155273438
1734907676.4157474,73.00114440917969,255.0000762939453
1734907676.415763,73.00093841552734,255.00009155273438
1734907676.4171164,73.00127410888672,255.0000762939453
1734907676.4171739,73.00114440917969,255.00009155273438
1734907676.4195478,73.2147216796875,255.00006103515625
1734907676.4195752,73.21465301513672,255.0000762939453
1734907676.4209352,73.40263366699219,255.0000762939453
1734907676.4211228,73.40265655517578,255.00006103515625
1734907676.422201,73.56571197509766,255.0000457763672
1734907676.4222198,73.56573486328125,255.00006103515625
1734907676.423493,73.7050552368164,255.0000457763672
1734907676.4235082,73.70510864257812,255.00006103515625
1734907676.4246786,73.82218933105469,255.0000457763672
1734907676.4249067,73.82225799560547,255.0000457763672
1734907676.4261327,73.91895294189453,255.0000457763672
1734907676.426299,73.91886138916016,255.00003051757812
1734907676.427541,73.99707794189453,255.0000457763672
1734907676.4276733,73.99697875976562,255.00003051757812
1734907676.4290736,74.05860137939453,255.00003051757812
1734907676.4291704,74.05850219726562,255.00001525878906
1734907676.4305377,74.10551452636719,255.00003051757812
1734907676.4308162,74.10540771484375,255.00001525878906
1734907676.4324777,74.13961029052734,255.00001525878906
1734907676.432513,74.13971710205078,255.00001525878906
1734907676.4337473,74.1629638671875,255.00001525878906
1734907676.4338589,74.1630630493164,255.00001525878906
1734907676.4354608,74.1772689819336,255.00001525878906
1734907676.435508,74.17716979980469,255.0
1734907676.436906,74.183837890625,255.0
1734907676.436988,74.18392181396484,255.00001525878906
1734907676.438376,74.1844711303711,255.0
1734907676.4385068,74.18438720703125,255.0
1734907676.4398034,74.18019104003906,255.0
1734907676.4404278,74.18011474609375,255.0
1734907676.4413962,74.17216491699219,255.0
1734907676.441562,74.17223358154297,255.0
1734907676.4425335,74.1615219116211,255.0
1734907676.442604,74.16158294677734,255.0
1734907676.4439893,74.14903259277344,255.0
1734907676.444037,74.14907836914062,255.0
1734907676.445556,74.13540649414062,255.0
1734907676.4455743,74.13544464111328,255.0
1734907676.447102,74.12126922607422,255.0
1734907676.4472406,74.12123107910156,255.0
1734907676.4485643,74.10699462890625,255.0
1734907676.4486513,74.10702514648438,255.0
1734907676.44997,74.09306335449219,255.0
1734907676.4502099,74.09308624267578,255.0
1734907676.4511302,74.0797348022461,255.0
1734907676.4514337,74.07975006103516,255.0
1734907676.4526474,74.06721496582031,255.0
1734907676.4527354,74.06723022460938,255.0
1734907676.4543276,74.05564880371094,255.0
1734907676.4545093,74.0556640625,255.0
1734907676.455535,74.0451431274414,255.0
1734907676.455592,74.04513549804688,255.0
1734907676.4568243,74.03571319580078,255.0
1734907676.4570794,74.03572082519531,255.0
1734907676.4583683,74.02738952636719,255.0
1734907676.4585092,74.02739715576172,255.0
1734907676.4600117,74.02014923095703,255.0
1734907676.4602225,74.02014923095703,255.0
1734907676.46124,74.0139389038086,255.0
1734907676.4613519,74.01393127441406,255.0
1734907676.46268,74.0086898803711,255.0
1734907676.4630675,74.0086898803711,255.0
1734907676.4648616,74.00434112548828,255.0
1734907676.464939,74.00434875488281,255.0
1734907676.4663215,74.00081634521484,255.0
1734907676.4664059,74.00081634521484,255.0
1734907676.468941,74.21139526367188,255.0
1734907676.4690146,74.21139526367188,255.0
1734907676.470297,74.39715576171875,255.0
1734907676.4703557,74.39714813232422,255.0
1734907676.4715815,74.55864715576172,255.0
1734907676.4716847,74.55863952636719,255.0
1734907676.4729874,74.69692993164062,255.0
1734907676.4730465,74.69693756103516,255.0
1734907676.4744523,74.81343841552734,255.0
1734907676.4745104,74.81344604492188,255.0
1734907676.475671,74.90985107421875,255.0
1734907676.4757636,74.90985107421875,255.0
1734907676.4779792,74.98798370361328,255.0
1734907676.478018,74.98798370361328,255.0
1734907676.479594,75.04975891113281,255.0
1734907676.480473,75.04975128173828,255.0
1734907676.481043,75.09707641601562,255.0
1734907676.4816139,75.09707641601562,255.0
1734907676.4825642,75.13182067871094,255.0
1734907676.4825938,75.13182067871094,255.0
1734907676.483888,75.15579223632812,255.0
1734907676.4842246,75.15579986572266,255.0
1734907676.4855316,75.1706771850586,255.0
1734907676.485649,75.1706771850586,255.0
1734907676.4871693,75.17803955078125,255.0
1734907676.4871984,75.17803192138672,255.0
1734907676.4884338,75.17928314208984,255.0
1734907676.4884655,75.17928314208984,255.0
1734907676.4897637,75.17568969726562,255.0
1734907676.489831,75.17568969726562,255.0
1734907676.4927459,75.16838073730469,255.0
1734907676.49298,75.16838836669922,255.0
1734907676.4942636,75.1583480834961,255.0
1734907676.494386,75.15834045410156,255.0
1734907676.4952276,75.14640808105469,255.0
1734907676.4957469,75.14640808105469,255.0
1734907676.497313,75.13328552246094,255.0
1734907676.4973779,75.13328552246094,255.0
1734907676.4987288,75.11956787109375,255.0
1734907676.4988327,75.11956787109375,255.0
1734907676.5002432,75.10572052001953,255.0
1734907676.500366,75.10572052001953,255.0
1734907676.5017996,75.0921401977539,255.0
1734907676.5018384,75.0921401977539,255.0
1734907676.5033188,75.0791015625,255.0
1734907676.5034325,75.0791015625,255.0
1734907676.5048144,75.06683349609375,255.0
1734907676.5049114,75.06683349609375,255.0
1734907676.5061262,75.05547332763672,255.0
1734907676.506194,75.05547332763672,255.0
1734907676.5075068,75.04512786865234,255.0
1734907676.5075321,75.04512786865234,255.0
1734907676.5088727,75.03583526611328,255.0
1734907676.5089943,75.03583526611328,255.0
1734907676.510182,75.0276107788086,255.0
1734907676.5102644,75.0276107788086,255.0
1734907676.5119302,75.02043914794922,255.0
1734907676.5121465,75.02043914794922,255.0
1734907676.5136404,75.01427459716797,255.0
1734907676.513672,75.01427459716797,255.0
1734907676.515763,75.22244262695312,255.0
1734907676.5160158,75.22244262695312,255.0
1734907676.5172915,75.40601348876953,255.0
1734907676.5173728,75.40601348876953,255.0
1734907676.5188742,75.56556701660156,255.0
1734907676.5189526,75.56556701660156,255.0
1734907676.520161,75.7021484375,255.0
1734907676.5203578,75.7021484375,255.0
1734907676.521557,75.81718444824219,255.0
1734907676.5216763,75.81718444824219,255.0
1734907676.5230114,75.91233825683594,255.0
1734907676.52371,75.91233825683594,255.0
1734907676.525044,75.98942565917969,255.0
1734907676.5251749,75.98942565917969,255.0
1734907676.5260189,76.05033111572266,255.0
1734907676.526088,76.05033111572266,255.0
1734907676.5273643,76.09696197509766,255.0
1734907676.527482,76.09695434570312,255.0
1734907676.5287538,76.13116455078125,255.0
1734907676.5288563,76.13116455078125,255.0
1734907676.5304713,76.15472412109375,255.0
1734907676.530527,76.15472412109375,255.0
1734907676.5318782,76.1693115234375,255.0
1734907676.5319703,76.1693115234375,255.0
1734907676.53346,76.17647552490234,255.0
1734907676.5334964,76.17647552490234,255.0
1734907676.5352018,76.17760467529297,255.0
1734907676.5352418,76.17760467529297,255.0
1734907676.5365527,76.17396545410156,255.0
1734907676.5366316,76.17396545410156,255.0
1734907676.537984,76.16666412353516,255.0
1734907676.53818,76.16666412353516,255.0
1734907676.5394082,76.15667724609375,255.0
1734907676.5397267,76.15667724609375,255.0
1734907676.5408542,76.14482116699219,255.0
1734907676.5409772,76.14482116699219,255.0
1734907676.5421379,76.13179779052734,255.0
1734907676.5421867,76.13179779052734,255.0
1734907676.5435522,76.11820220947266,255.0
1734907676.543631,76.11820220947266,255.0
1734907676.545004,76.10448455810547,255.0
1734907676.5452995,76.10448455810547,255.0
1734907676.5467422,76.09103393554688,255.0
1734907676.5467975,76.09103393554688,255.0
1734907676.548107,76.07813262939453,255.0
1734907676.5483005,76.07813262939453,255.0
1734907676.5495455,76.06598663330078,255.0
1734907676.5496716,76.06598663330078,255.0
1734907676.5507615,76.05475616455078,255.0
1734907676.5510423,76.05475616455078,255.0
1734907676.552246,76.04452514648438,255.0
1734907676.552396,76.04452514648438,255.0
1734907676.5536842,76.03533935546875,255.0
1734907676.5539606,76.03533935546875,255.0
1734907676.5550215,76.02720642089844,255.0
1734907676.5551481,76.02720642089844,255.0
1734907676.5565288,76.02012634277344,255.0
1734907676.556651,76.02012634277344,255.0
1734907676.557963,76.0140380859375,255.0
1734907676.557989,76.0140380859375,255.0
1734907676.559146,76.0088882446289,255.0
1734907676.5592377,76.0088882446289,255.0
1734907676.5603914,76.0046157836914,255.0
1734907676.5605562,76.0046157836914,255.0
1734907676.5617983,76.00113677978516,255.0
1734907676.5618227,76.00113677978516,255.0
1734907676.564933,75.99836730957031,255.0
1734907676.5649884,75.99836730957031,255.0
1734907676.5661848,75.99623107910156,255.0
1734907676.566246,75.99623107910156,255.0
1734907676.5676692,75.9946517944336,255.0
1734907676.5676987,75.9946517944336,255.0
1734907676.5690422,75.99353790283203,255.0
1734907676.56929,75.99353790283203,255.0
1734907676.570578,75.99283599853516,255.0
1734907676.5708203,75.99283599853516,255.0
1734907676.5721872,75.99246215820312,255.0
1734907676.5722167,75.99246215820312,255.0
1734907676.5732672,75.99235534667969,255.0
1734907676.573448,75.99235534667969,255.0
1734907676.5755873,75.99246978759766,255.0
1734907676.5756755,75.99246978759766,255.0
1734907676.576992,75.99275207519531,255.0
1734907676.57745,75.99275207519531,255.0
1734907676.5782745,75.9931640625,255.0
1734907676.5784714,75.9931640625,255.0
1734907676.5799823,75.99365234375,255.0
1734907676.580126,75.99365234375,255.0
1734907676.5814793,75.99420928955078,255.0
1734907676.5815074,75.99420928955078,255.0
1734907676.582863,75.99478912353516,255.0
1734907676.5831099,75.99478912353516,255.0
1734907676.5844176,75.99537658691406,255.0
1734907676.5844502,75.99537658691406,255.0
1734907676.5859067,75.99595642089844,255.0
1734907676.5859542,75.99595642089844,255.0
1734907676.5871723,75.99652099609375,255.0
1734907676.5873523,75.99652099609375,255.0
1734907676.5885606,75.9970474243164,255.0
1734907676.5887127,75.9970474243164,255.0
1734907676.5897686,75.99754333496094,255.0
1734907676.5898228,75.99754333496094,255.0
1734907676.5912251,75.99799346923828,255.0
1734907676.5914052,75.99799346923828,255.0
1734907676.5926344,75.99839782714844,255.0
1734907676.592815,75.99839782714844,255.0
1734907676.5939515,75.9987564086914,255.0
1734907676.5942364,75.9987564086914,255.0
1734907676.596177,75.99906921386719,255.0
1734907676.596242,75.99906921386719,255.0
1734907676.597462,75.99934387207031,255.0
1734907676.5975258,75.99934387207031,255.0
1734907676.5987895,75.99957275390625,255.0
1734907676.5988226,75.99957275390625,255.0
1734907676.6002526,75.99976348876953,255.0
1734907676.6002774,75.99976348876953,255.0
1734907676.601711,75.99992370605469,255.0
1734907676.6019018,75.99992370605469,255.0
1734907676.6030772,76.00004577636719,255.0
1734907676.6031666,76.00004577636719,255.0
1734907676.6043928,76.0001449584961,255.0
1734907676.6045365,76.0001449584961,255.0
1734907676.6057072,76.00021362304688,255.0
1734907676.6058784,76.00021362304688,255.0
1734907676.6069324,76.0002670288086,255.0
1734907676.6070333,76.0002670288086,255.0
1734907676.6085901,76.00030517578125,255.0
1734907676.6086998,76.00030517578125,255.0
1734907676.6096911,76.00032043457031,255.0
1734907676.609909,76.00032043457031,255.0
1734907676.6112893,76.00032806396484,255.0
1734907676.6113548,76.00032806396484,255.0
1734907676.6138263,76.42707824707031,255.0
1734907676.6140723,76.42707824707031,255.0
1734907676.615362,76.8028793334961,255.0
1734907676.6164873,76.8028793334961,255.0
1734907676.6172786,77.12902069091797,255.0
1734907676.6173668,77.12902069091797,255.0
1734907676.6187382,77.40777587890625,255.0
1734907676.6188066,77.40777587890625,255.0
1734907676.6200187,77.64215850830078,255.0
1734907676.6200826,77.64215850830078,255.0
1734907676.6210515,77.83565521240234,255.0
1734907676.621454,77.83565521240234,255.0
1734907676.6226206,77.99205780029297,255.0
1734907676.6227245,77.99205780029297,255.0
1734907676.6239467,78.11528778076172,255.0
1734907676.6239946,78.11528778076172,255.0
1734907676.6253054,78.20928192138672,255.0
1734907676.6253362,78.20928192138672,255.0
1734907676.6273887,78.27788543701172,255.0
1734907676.6275382,78.27788543701172,255.0
1734907676.6290584,78.32476806640625,255.0
1734907676.629456,78.32476806640625,255.0
1734907676.6305387,78.35336303710938,255.0
1734907676.6309986,78.35336303710938,255.0
1734907676.631839,78.3668441772461,255.0
1734907676.631871,78.3668441772461,255.0
1734907676.6332479,78.36809539794922,255.0
1734907676.633301,78.36809539794922,255.0
1734907676.6354153,78.35968780517578,255.0
1734907676.6354437,78.35968780517578,255.0
1734907676.636594,78.34391021728516,255.0
1734907676.6367364,78.34391021728516,255.0
1734907676.6379805,78.32272338867188,255.0
1734907676.6380253,78.32272338867188,255.0
1734907676.6391847,78.2978286743164,255.0
1734907676.639338,78.2978286743164,255.0
1734907676.6406264,78.2706527709961,255.0
1734907676.6406655,78.2706527709961,255.0
1734907676.6419652,78.24237060546875,255.0
1734907676.6420002,78.24237060546875,255.0
1734907676.6434662,78.21394348144531,255.0
1734907676.643496,78.21394348144531,255.0
1734907676.6449974,78.18612670898438,255.0
1734907676.6450708,78.18612670898438,255.0
1734907676.6467702,78.15950012207031,255.0
1734907676.6467993,78.15950012207031,255.0
1734907676.6483505,78.13449096679688,255.0
1734907676.648386,78.13449096679688,255.0
1734907676.6498916,78.11138153076172,255.0
1734907676.6499357,78.11138153076172,255.0
1734907676.6509764,78.09037017822266,255.0
1734907676.6511981,78.09037017822266,255.0
1734907676.6524868,78.071533203125,255.0
1734907676.6525226,78.071533203125,255.0
1734907676.6536934,78.05489349365234,255.0
1734907676.6538498,78.05489349365234,255.0
1734907676.6548307,78.04039764404297,255.0
1734907676.655574,78.04039764404297,255.0
1734907676.6562605,78.02796936035156,255.0
1734907676.6565971,78.02796936035156,255.0
1734907676.6577516,78.0174789428711,255.0
1734907676.657862,78.0174789428711,255.0
1734907676.6593206,78.0087890625,255.0
1734907676.6594217,78.0087890625,255.0
1734907676.661268,78.00171661376953,255.0
1734907676.6613069,78.00171661376953,255.0
1734907676.663309,78.42286682128906,255.0
1734907676.6633532,78.42286682128906,255.0
1734907676.6647844,78.79437255859375,255.0
1734907676.6648607,78.79437255859375,255.0
1734907676.6660113,79.11734771728516,255.0
1734907676.6665027,79.11734771728516,255.0
1734907676.6675775,79.3939208984375,255.0
1734907676.6678553,79.3939208984375,255.0
1734907676.6689267,79.6269302368164,255.0
1734907676.6693175,79.6269302368164,255.0
1734907676.6706784,79.81974029541016,255.0
1734907676.6708338,79.81974029541016,255.0
1734907676.6727967,79.97600555419922,255.0
1734907676.6740708,80.09953308105469,255.0
1734907676.6742897,79.97600555419922,255.0
1734907676.6753492,80.19416809082031,255.0
1734907676.6758142,80.09953308105469,255.0
1734907676.676945,80.26366424560547,255.0
1734907676.6780272,80.19416809082031,255.0
1734907676.6786714,80.31159973144531,255.0
1734907676.679341,80.26366424560547,255.0
1734907676.6801834,80.34136962890625,255.0
1734907676.6805437,80.31159973144531,255.0
1734907676.6815968,80.34136962890625,255.0
1734907676.6817577,80.3560791015625,255.0
1734907676.68287,80.3560791015625,255.0
1734907676.6830168,80.35856628417969,255.0
1734907676.683862,80.35856628417969,255.0
1734907676.683928,80.35137939453125,255.0
1734907676.685403,80.35137939453125,255.0
1734907676.6856942,80.3367691040039,255.0
1734907676.6870925,80.3367691040039,255.0
1734907676.68785,80.31668853759766,255.0
1734907676.6884809,80.31668853759766,255.0
1734907676.6896381,80.29281616210938,255.0
1734907676.6900406,80.29281616210938,255.0
1734907676.6910748,80.26657104492188,255.0
1734907676.6915207,80.26657104492188,255.0
1734907676.6928065,80.23912811279297,255.0
1734907676.6940575,80.23912811279297,255.0
1734907676.6946151,80.21144104003906,255.0
1734907676.6949842,80.21144104003906,255.0
1734907676.6959393,80.18427276611328,255.0
1734907676.6960123,80.18427276611328,255.0
1734907676.6972523,80.15819549560547,255.0
1734907676.6974232,80.15819549560547,255.0
1734907676.6986225,80.13365936279297,255.0
1734907676.6990101,80.13365936279297,255.0
1734907676.700347,80.1109390258789,255.0
1734907676.7004669,80.1109390258789,255.0
1734907676.7019417,80.09024810791016,255.0
1734907676.7020385,80.09024810791016,255.0
1734907676.703367,80.07166290283203,255.0
1734907676.7034903,80.07166290283203,255.0
1734907676.704525,80.05522155761719,255.0
1734907676.7047217,80.05522155761719,255.0
1734907676.7057145,80.04087829589844,255.0
1734907676.70573,80.04087829589844,255.0
1734907676.7076497,80.02854919433594,255.0
1734907676.7088068,80.01812744140625,255.0
1734907676.7093956,80.02854919433594,255.0
1734907676.7114408,79.59137725830078,255.0
1734907676.7117407,79.58271789550781,255.0
1734907676.7128901,79.1998519897461,255.0
1734907676.71324,79.20690155029297,255.0
1734907676.7144449,78.87368774414062,255.0
1734907676.7145443,78.86808013916016,255.0
1734907676.7159374,78.58496856689453,255.0
1734907676.7162714,78.58930206298828,255.0
1734907676.7175927,78.3505630493164,255.0
1734907676.717607,78.34734344482422,255.0
1734907676.7186635,78.15156555175781,255.0
1734907676.7187583,78.15382385253906,255.0
1734907676.7204,77.99369812011719,255.0
1734907676.720456,77.9951400756836,255.0
1734907676.7215948,77.86968231201172,255.0
1734907676.7217703,77.87044525146484,255.0
1734907676.7228935,77.7756576538086,255.0
1734907676.7230165,77.77544403076172,255.0
1734907676.7243161,77.70703887939453,255.0
1734907676.7243986,77.70681762695312,255.0
1734907676.725821,77.66070556640625,255.0
1734907676.7258873,77.66014099121094,255.0
1734907676.7274442,77.63209533691406,255.0
1734907676.727477,77.6329116821289,255.0
1734907676.7288089,77.62040710449219,255.0
1734907676.7291331,77.6194076538086,255.0
1734907676.7301013,77.619140625,255.0
1734907676.7302456,77.62024688720703,255.0
1734907676.7316628,77.62980651855469,255.0
1734907676.731832,77.6286392211914,255.0
1734907676.7330668,77.64557647705078,255.0
1734907676.7332098,77.64676666259766,255.0
1734907676.7347682,77.66912078857422,255.0
1734907676.7348607,77.6679458618164,255.0
1734907676.7366385,77.69513702392578,255.0
1734907676.7366705,77.69400024414062,255.0
1734907676.7378745,77.72338104248047,255.0
1734907676.738026,77.72230529785156,255.0
1734907676.7388191,77.75264739990234,255.0
1734907676.73911,77.75165557861328,255.0
1734907676.7404935,77.78106689453125,255.0
1734907676.7408109,77.78197479248047,255.0
1734907676.7416582,77.81060791015625,255.0
1734907676.7419677,77.8097915649414,255.0
1734907676.7432504,77.83723449707031,255.0
1734907676.7448368,77.83795928955078,255.0
1734907676.7451608,77.86297607421875,255.0
1734907676.746578,77.88671875,255.0
1734907676.7469077,77.86360931396484,255.0
1734907676.7482252,77.88726806640625,255.0
1734907676.7484214,77.90827941894531,255.0
1734907676.7495518,77.90874481201172,255.0
1734907676.749744,77.92758178710938,255.0
1734907676.7508128,77.92797088623047,255.0
1734907676.7509239,77.94461059570312,255.0
1734907676.752197,77.94493103027344,255.0
1734907676.7522132,77.95941925048828,255.0
1734907676.7541409,77.97210693359375,255.0
1734907676.754165,77.95967102050781,255.0
1734907676.7553957,77.97230529785156,255.0
1734907676.7556117,77.98279571533203,255.0
1734907676.7570128,77.99163818359375,255.0
1734907676.7570372,77.98294067382812,255.0
1734907676.7584877,77.99880981445312,255.0
1734907676.7585135,77.99174499511719,255.0
1734907676.7607095,78.85237884521484,255.0
1734907676.7608733,78.85798645019531,255.0
1734907676.762172,79.6096420288086,255.0
1734907676.7622693,79.61395263671875,255.0
1734907676.7637331,80.26946258544922,255.0
1734907676.7641213,80.26628112792969,255.0
1734907676.7651613,80.82923126220703,255.0
1734907676.7656598,80.82701873779297,255.0
1734907676.7662559,81.29802703857422,255.0
1734907676.7664924,81.2994155883789,255.0
1734907676.7677157,81.6864242553711,255.0
1734907676.7677383,81.68714141845703,255.0
1734907676.7691758,81.99995422363281,255.0
1734907676.7693257,82.00011444091797,255.0
1734907676.7713854,82.24657440185547,255.0
1734907676.771568,82.24629974365234,255.0
1734907676.7730083,82.43367767333984,255.0
1734907676.7743795,82.43429565429688,255.0
1734907676.7744265,82.57001495361328,255.0
1734907676.7751591,82.57087707519531,255.0
1734907676.776004,82.66272735595703,255.0
1734907676.7761593,82.66376495361328,255.0
1734907676.7772357,82.71990203857422,255.0
1734907676.7776437,82.71875,255.0
1734907676.7790623,82.7457046508789,255.0
1734907676.7791233,82.74449920654297,255.0
1734907676.780554,82.74698638916016,255.0
1734907676.780656,82.74576568603516,255.0
1734907676.7819326,82.72773742675781,255.0
1734907676.7820942,82.72894287109375,255.0
1734907676.7830987,82.69500732421875,255.0
1734907676.7832146,82.6961669921875,255.0
1734907676.7844021,82.65262603759766,255.0
1734907676.784595,82.65153503417969,255.0
1734907676.7861812,82.60173797607422,255.0
1734907676.7862518,82.60072326660156,255.0
1734907676.788042,82.5454330444336,255.0
1734907676.788078,82.5463638305664,255.0
1734907676.7895138,82.4888687133789,255.0
1734907676.789695,82.488037109375,255.0
1734907676.7909887,82.4304428100586,255.0
1734907676.7910204,82.4311752319336,255.0
1734907676.792352,82.37480163574219,255.0
1734907676.7924268,82.37415313720703,255.0
1734907676.7934473,82.32089233398438,255.0
1734907676.7935507,82.32034301757812,255.0
1734907676.7948694,82.27030944824219,255.0
1734907676.7952213,82.26983642578125,255.0
1734907676.7965908,82.22322845458984,255.0
1734907676.7967389,82.22362518310547,255.0
1734907676.7981496,82.18119812011719,255.0
1734907676.7983706,82.18087768554688,255.0
1734907676.7995276,82.1429443359375,255.0
1734907676.7995577,82.14320373535156,255.0
1734907676.80055,82.10946655273438,255.0
1734907676.8007965,82.10966491699219,255.0
1734907676.8022144,82.08033752441406,255.0
1734907676.8024352,82.08048248291016,255.0
1734907676.8038523,82.05537414550781,255.0
1734907676.8040745,82.05548095703125,255.0
1734907676.8052177,82.0343246459961,255.0
1734907676.805226,82.03439331054688,255.0
1734907676.8066173,82.01689147949219,255.0
1734907676.8080359,82.00275421142578,255.0
1734907676.8080616,82.01692962646484,255.0
1734907676.8103228,83.92314147949219,255.0
1734907676.8104267,83.91193389892578,255.0
1734907676.8121488,85.59449005126953,255.0
1734907676.8135664,87.05587768554688,255.0
1734907676.8135924,85.60307312011719,255.0
1734907676.8150098,87.06217956542969,255.0
1734907676.815083,88.30601501464844,255.0
1734907676.8162878,88.31035614013672,255.0
1734907676.8164227,89.35810852050781,255.0
1734907676.817586,89.36080169677734,255.0
1734907676.8176186,90.22756958007812,255.0
1734907676.8191137,90.93121337890625,255.0
1734907676.8196967,90.22889709472656,255.0
1734907676.8208783,91.4864730834961,255.0
1734907676.8209066,90.93143463134766,255.0
1734907676.8226771,91.91084289550781,255.0
1734907676.8227658,91.48580932617188,255.0
1734907676.8237302,92.22144317626953,255.0
1734907676.8237627,91.90951538085938,255.0
1734907676.8250167,92.43461608886719,255.0
1734907676.8251128,92.21961212158203,255.0
1734907676.8265433,92.43244171142578,255.0
1734907676.8265717,92.56571960449219,255.0
1734907676.8282459,92.5633316040039,255.0
1734907676.8283098,92.62892150878906,255.0
1734907676.829526,92.6371078491211,255.0
1734907676.8296425,92.62642669677734,255.0
1734907676.8310597,92.60179138183594,255.0
1734907676.8311448,92.63459014892578,255.0
1734907676.8325982,92.53316497802734,255.0
1734907676.8331418,92.59931945800781,255.0
1734907676.8338423,92.4400863647461,255.0
1734907676.835325,92.53079986572266,255.0
1734907676.835773,92.33014678955078,255.0
1734907676.8362029,92.43785858154297,255.0
1734907676.8368874,92.20974731445312,255.0
1734907676.8371735,92.32808685302734,255.0
1734907676.8384223,92.2078628540039,255.0
1734907676.8385835,92.08418273925781,255.0
1734907676.8396559,92.0824966430664,255.0
1734907676.8397074,91.95777130126953,255.0
1734907676.8410158,91.9562759399414,255.0
1734907676.841038,91.83390808105469,255.0
1734907676.8424993,91.83260345458984,255.0
1734907676.8428848,91.71520233154297,255.0
1734907676.844367,91.60359191894531,255.0
1734907676.8443902,91.7140884399414,255.0
1734907676.8454459,91.60264587402344,255.0
1734907676.8457165,91.50040435791016,255.0
1734907676.8471608,91.4064712524414,255.0
1734907676.84719,91.49961853027344,255.0
1734907676.848321,91.40583038330078,255.0
1734907676.850202,91.32221984863281,255.0
1734907676.8519824,91.32170867919922,255.0
1734907676.8522677,91.24772644042969,255.0
1734907676.8530588,91.2473373413086,255.0
1734907676.8538418,91.18281555175781,255.0
1734907676.8543506,91.1825180053711,255.0
1734907676.8554096,91.12688446044922,255.0
1734907676.8554304,91.12709045410156,255.0
1734907676.8567004,91.08000946044922,255.0
1734907676.8567138,91.07987976074219,255.0
1734907676.8578906,91.0408706665039,255.0
1734907676.8582141,91.04093933105469,255.0
1734907676.8592186,91.00914001464844,255.0
1734907676.860317,91.00916290283203,255.0
1734907676.8618014,90.98393249511719,255.0
1734907676.8619735,90.98394775390625,255.0
1734907676.8634288,90.96449279785156,255.0
1734907676.8637197,90.96454620361328,255.0
1734907676.8653498,90.95018005371094,255.0
1734907676.8655534,90.95010375976562,255.0
1734907676.8663607,90.94015502929688,255.0
1734907676.8665087,90.9400634765625,255.0
1734907676.8684185,90.9336929321289,255.0
1734907676.8685703,90.93379211425781,255.0
1734907676.870155,90.93048095703125,255.0
1734907676.8713942,90.92964172363281,255.0
1734907676.8718994,90.93037414550781,255.0
1734907676.8726878,90.93077850341797,255.0
1734907676.8733017,90.92953491210938,255.0
1734907676.8741078,90.93067169189453,255.0
1734907676.8743703,90.93344116210938,255.0
1734907676.8755949,90.93333435058594,255.0
1734907676.8757792,90.93722534179688,255.0
1734907676.877648,90.9371337890625,255.0
1734907676.8777206,90.94181060791016,255.0
1734907676.8790593,90.94171905517578,255.0
1734907676.8790898,90.9468994140625,255.0
1734907676.8805466,90.94681549072266,255.0
1734907676.8807857,90.95225524902344,255.0
1734907676.8820486,90.95217895507812,255.0
1734907676.882073,90.95768737792969,255.0
1734907676.8834808,90.9576187133789,255.0
1734907676.883756,90.9630355834961,255.0
1734907676.884932,90.96298217773438,255.0
1734907676.885069,90.96818542480469,255.0
1734907676.886815,90.97305297851562,255.0
1734907676.8868434,90.9681396484375,255.0
1734907676.8880239,90.9775619506836,255.0
1734907676.8893816,90.981689453125,255.0
1734907676.889501,90.97300720214844,255.0
1734907676.890552,90.98539733886719,255.0
1734907676.8905923,90.97753143310547,255.0
1734907676.892145,90.98868560791016,255.0
1734907676.8921876,90.98165893554688,255.0
1734907676.8934023,90.99156188964844,255.0
1734907676.8944516,90.9853744506836,255.0
1734907676.8956957,90.9940414428711,255.0
1734907676.8961406,90.9886703491211,255.0
1734907676.8969896,90.99614715576172,255.0
1734907676.8976145,90.9915542602539,255.0
1734907676.8992035,90.99789428710938,255.0
1734907676.9002838,90.99403381347656,255.0
1734907676.901238,90.99932861328125,255.0
1734907676.9026783,90.99613952636719,255.0
1734907676.902735,91.00047302246094,255.0
1734907676.9041834,91.00135803222656,255.0
1734907676.9042494,90.99789428710938,255.0
1734907676.9050825,90.99932861328125,255.0
1734907676.9059837,91.00202178955078,255.0
1734907676.9061527,91.00047302246094,255.0
1734907676.9076028,91.00135803222656,255.0
1734907676.9076161,91.00248718261719,255.0
1734907676.9087408,91.00279998779297,255.0
1734907676.9087768,91.00202178955078,255.0
1734907676.9105656,91.00249481201172,255.0
1734907676.9105906,91.00296783447266,255.0
1734907676.912202,91.00279998779297,255.0
1734907676.912239,91.00302124023438,255.0
1734907676.9144287,92.92334747314453,255.0
1734907676.9145904,92.92337036132812,255.0
1734907676.9160218,94.61441802978516,255.0
1734907676.916104,94.61455535888672,255.0
1734907676.917355,96.08197784423828,255.0
1734907676.9174173,96.08222961425781,255.0
1734907676.9187996,97.3363037109375,255.0
1734907676.9189386,97.3366470336914,255.0
1734907676.9204147,98.39131927490234,255.0
1734907676.9204428,98.39091491699219,255.0
1734907676.9216416,99.26152801513672,255.0
1734907676.9217196,99.26197814941406,255.0
1734907676.9227433,99.9656753540039,255.0
1734907676.9229271,99.9652099609375,255.0
1734907676.9242005,100.52009582519531,255.0
1734907676.9245222,100.5196304321289,255.0
1734907676.9257836,100.94249725341797,255.0
1734907676.9259748,100.94295501708984,255.0
1734907676.9278047,101.2510986328125,255.0
1734907676.9278378,101.25154113769531,255.0
1734907676.9291756,101.46236419677734,255.0
1734907676.9292188,101.46195220947266,255.0
1734907676.9305897,101.59053802490234,255.0
1734907676.930847,101.59091186523438,255.0
1734907676.9320905,101.6514663696289,255.0
1734907676.932124,101.651123046875,255.0
1734907676.9333193,101.656982421875,255.0
1734907676.9333801,101.65667724609375,255.0
1734907676.9348555,101.61907196044922,255.0
1734907676.935001,101.6187973022461,255.0
1734907676.9363587,101.54772186279297,255.0
1734907676.9364057,101.54795837402344,255.0
1734907676.9378004,101.45255279541016,255.0
1734907676.9378693,101.45234680175781,255.0
1734907676.9389765,101.34028625488281,255.0
1734907676.9390113,101.3404541015625,255.0
1734907676.9403918,101.21809387207031,255.0
1734907676.940501,101.21795654296875,255.0
1734907676.9419124,101.09078216552734,255.0
1734907676.9419425,101.09066772460938,255.0
1734907676.9434836,100.96282196044922,255.0
1734907676.9435174,100.96273040771484,255.0
1734907676.9450862,100.83761596679688,255.0
1734907676.945112,100.83753967285156,255.0
1734907676.9464283,100.71770477294922,255.0
1734907676.9464505,100.71775817871094,255.0
1734907676.9481416,100.60517883300781,255.0
1734907676.9486043,100.60514068603516,255.0
1734907676.9495616,100.50118255615234,255.0
1734907676.9500043,100.50115966796875,255.0
1734907676.9507952,100.40660095214844,255.0
1734907676.9508724,100.40658569335938,255.0
1734907676.952105,100.32183074951172,255.0
1734907676.952193,100.32182312011719,255.0
1734907676.9537356,100.24694061279297,255.0
1734907676.9537666,100.24694061279297,255.0
1734907676.9551263,100.1817398071289,255.0
1734907676.9552658,100.18173217773438,255.0
1734907676.9562032,100.12580871582031,255.0
1734907676.956313,100.12581634521484,255.0
1734907676.9577763,100.07862091064453,255.0
1734907676.9578044,100.07860565185547,255.0
1734907676.9589922,100.03948974609375,255.0
1734907676.95909,100.03946685791016,255.0
1734907676.9608817,100.00767517089844,255.0
1734907676.9609149,100.00769805908203,255.0
1734907676.9620934,99.98247528076172,255.0
1734907676.9622922,99.98249053955078,255.0
1734907676.963977,99.96309661865234,255.0
1734907676.964007,99.9631118774414,255.0
1734907676.965971,99.94881439208984,255.0
1734907676.9660206,99.94879150390625,255.0
1734907676.9671185,99.93885040283203,255.0
1734907676.9674306,99.9388656616211,255.0
1734907676.968596,99.93258666992188,255.0
1734907676.9687955,99.93260192871094,255.0
1734907676.9702995,99.92937469482422,255.0
1734907676.9703887,99.92938995361328,255.0
1734907676.9714947,99.92865753173828,255.0
1734907676.971602,99.92866516113281,255.0
1734907676.972922,99.92991638183594,255.0
1734907676.9729311,99.92990112304688,255.0
1734907676.9749825,99.07918548583984,255.0
1734907676.9750774,99.07917785644531,255.0
1734907676.9766011,98.33145141601562,255.0
1734907676.9766176,98.33145904541016,255.0
1734907676.9782286,97.6838150024414,255.0
1734907676.9784217,97.68382263183594,255.0
1734907676.979475,97.13143920898438,255.0
1734907676.9798696,97.13143920898438,255.0
1734907676.9811375,96.6680679321289,255.0
1734907676.981216,96.6680679321289,255.0
1734907676.9825726,96.28652954101562,255.0
1734907676.9826605,96.28653717041016,255.0
1734907676.9838896,95.9791030883789,255.0
1734907676.9847658,95.9791030883789,255.0
1734907676.9858384,95.73780059814453,255.0
1734907676.986162,95.73780059814453,255.0
1734907676.9869742,95.55467987060547,255.0
1734907676.9872973,95.55467224121094,255.0
1734907676.98853,95.42198181152344,255.0
1734907676.9886818,95.42198181152344,255.0
1734907676.9898658,95.33233642578125,255.0
1734907676.9900863,95.33233642578125,255.0
1734907676.9911885,95.27884674072266,255.0
1734907676.9914362,95.27884674072266,255.0
1734907676.9925425,95.25516510009766,255.0
1734907676.9927495,95.25516510009766,255.0
1734907676.994477,95.25552368164062,255.0
1734907676.994551,95.25552368164062,255.0
1734907676.9957106,95.27479553222656,255.0
1734907676.9959235,95.27479553222656,255.0
1734907676.9971359,95.30844116210938,255.0
1734907676.9973712,95.30844116210938,255.0
1734907676.998574,95.35254669189453,255.0
1734907676.9986808,95.35254669189453,255.0
1734907676.9999232,95.40375518798828,255.0
1734907676.9999545,95.40375518798828,255.0
1734907677.0012321,95.45923614501953,255.0
1734907677.001315,95.45923614501953,255.0
1734907677.0028434,95.51667022705078,255.0
1734907677.002873,95.51667022705078,255.0
1734907677.0044239,95.57418060302734,255.0
1734907677.0045223,95.57417297363281,255.0
1734907677.0055358,95.6302719116211,255.0
1734907677.0058458,95.6302719116211,255.0
1734907677.0068843,95.68382263183594,255.0
1734907677.0070016,95.68382263183594,255.0
1734907677.008115,95.7340087890625,255.0
1734907677.008189,95.7340087890625,255.0
1734907677.0099049,95.7802734375,255.0
1734907677.0102007,95.7802734375,255.0
1734907677.011893,95.822265625,255.0
1734907677.0119338,95.822265625,255.0
1734907677.0133505,95.85983276367188,255.0
1734907677.014603,95.89295959472656,255.0
1734907677.0151432,95.85983276367188,255.0
1734907677.016279,95.89295959472656,255.0
1734907677.0163243,95.92174530029297,255.0
1734907677.0176713,95.94638061523438,255.0
1734907677.0176995,95.92174530029297,255.0
1734907677.0197277,95.96713256835938,255.0
1734907677.0197675,95.94638061523438,255.0
1734907677.0210862,95.96713256835938,255.0
1734907677.0212834,95.98429107666016,255.0
1734907677.0223713,95.98429107666016,255.0
1734907677.0224261,95.9981918334961,255.0
1734907677.0235398,96.00917053222656,255.0
1734907677.023674,95.9981918334961,255.0
1734907677.0249557,96.017578125,255.0
1734907677.0250783,96.00917053222656,255.0
1734907677.0265431,96.02373504638672,255.0
1734907677.0266447,96.017578125,255.0
1734907677.0279534,96.0279769897461,255.0
1734907677.0280716,96.02373504638672,255.0
1734907677.0293064,96.0279769897461,255.0
1734907677.0295422,96.03060150146484,255.0
1734907677.0311618,96.0318832397461,255.0
1734907677.0312188,96.03060150146484,255.0
1734907677.032537,96.0320816040039,255.0
1734907677.0325692,96.0318832397461,255.0
1734907677.034136,96.03141784667969,255.0
1734907677.0341702,96.0320816040039,255.0
1734907677.0355883,96.03009033203125,255.0
1734907677.035622,96.03141784667969,255.0
1734907677.0369458,96.03009033203125,255.0
1734907677.037008,96.02828216552734,255.0
1734907677.038184,96.02613830566406,255.0
1734907677.0381987,96.02828216552734,255.0
1734907677.0394511,96.02613830566406,255.0
1734907677.039572,96.02378845214844,255.0
1734907677.0409462,96.02133178710938,255.0
1734907677.0410347,96.02378845214844,255.0
1734907677.043095,129.9455108642578,255.0
1734907677.0432777,129.94798278808594,255.0
1734907677.0448625,159.820068359375,255.0
1734907677.044905,159.82249450683594,255.0
1734907677.0465546,185.74960327148438,255.0
1734907677.0468097,185.7472686767578,255.0
1734907677.047834,207.90823364257812,255.0
1734907677.0480516,207.91041564941406,255.0
1734907677.049472,226.5414581298828,255.0
1734907677.0494964,226.54348754882812,255.0
1734907677.05084,241.92637634277344,255.0
1734907677.050871,241.92453002929688,255.0
1734907677.052597,254.35865783691406,255.0
1734907677.0526357,254.36032104492188,255.0
1734907677.0538073,264.157470703125,255.0
1734907677.0539253,264.156005859375,255.0
1734907677.0552592,271.6293640136719,255.0
1734907677.0554087,271.6306457519531,255.0
1734907677.056474,277.08404541015625,255.0
1734907677.0568395,277.08514404296875,255.0
1734907677.058008,280.8125915527344,255.0
1734907677.0580316,280.8116760253906,255.0
1734907677.059269,283.0864562988281,255.0
1734907677.0595417,283.085693359375,255.0
1734907677.0607593,284.158935546875,255.0
1734907677.0607805,284.1582946777344,255.0
1734907677.0622787,284.25848388671875,255.0
1734907677.0639114,284.2590026855469,255.0
1734907677.0648444,283.5915832519531,255.0
1734907677.0652745,283.5911865234375,255.0
1734907677.0664108,282.3374938964844,255.0
1734907677.0667577,282.3371887207031,255.0
1734907677.0682447,280.6536560058594,255.0
1734907677.0682747,280.65386962890625,255.0
1734907677.0692627,278.67529296875,255.0
1734907677.0693896,278.6751708984375,255.0
1734907677.07094,276.5151672363281,255.0
1734907677.071077,276.5151062011719,255.0
1734907677.0721955,274.2673034667969,255.0
1734907677.0734396,272.00775146484375,255.0
1734907677.0740263,274.2673034667969,255.0
1734907677.0750968,269.796630859375,255.0
1734907677.0754278,272.0077819824219,255.0
1734907677.076967,269.79669189453125,255.0
1734907677.077042,267.67999267578125,255.0
1734907677.0786781,267.6800842285156,255.0
1734907677.0787258,265.691650390625,255.0
1734907677.079953,263.85491943359375,255.0
1734907677.0800605,265.6917419433594,255.0
1734907677.082077,263.8550109863281,255.0
1734907677.082297,262.1842956542969,255.0
1734907677.0833516,260.68695068359375,255.0
1734907677.0839899,262.18438720703125,255.0
1734907677.0846202,259.36407470703125,255.0
1734907677.0853262,260.6870422363281,255.0
1734907677.0862732,259.3641662597656,255.0
1734907677.0863576,258.212158203125,255.0
1734907677.0875986,257.2241516113281,255.0
1734907677.0876212,258.2122802734375,255.0
1734907677.0898547,257.2242431640625,255.0
1734907677.0900862,256.3902282714844,255.0
1734907677.0904806,256.39031982421875,255.0
1734907677.0913124,255.69888305664062,255.0
1734907677.0917017,255.69879150390625,255.0
1734907677.0930195,255.1370849609375,255.0
1734907677.0939353,255.13714599609375,255.0
1734907677.0943334,254.6917266845703,255.0
1734907677.094546,254.69178771972656,255.0
1734907677.0962605,254.3493194580078,255.0
1734907677.0962954,254.34925842285156,255.0
1734907677.097807,254.09645080566406,255.0
1734907677.0978436,254.0965118408203,255.0
1734907677.0991418,253.92068481445312,255.0
1734907677.0991971,253.92063903808594,255.0
1734907677.100549,253.8098602294922,255.0
1734907677.1006162,253.8098907470703,255.0
1734907677.1019135,253.7530975341797,255.0
1734907677.1019385,253.75306701660156,255.0
1734907677.1033485,253.7401885986328,255.0
1734907677.1034124,253.74021911621094,255.0
1734907677.1050267,253.76220703125,255.0
1734907677.1050372,253.76219177246094,255.0
1734907677.1061118,253.81106567382812,255.0
1734907677.106188,253.81106567382812,255.0
1734907677.107975,253.87982177734375,255.0
1734907677.1079907,253.87982177734375,255.0
1734907677.109269,253.9624786376953,255.0
1734907677.1094146,253.9624786376953,255.0
1734907677.111031,254.053955078125,255.0
1734907677.1110492,254.05393981933594,255.0
1734907677.1122243,254.1500244140625,255.0
1734907677.1126804,254.1500244140625,255.0
1734907677.1140895,254.24728393554688,255.0
1734907677.1144483,254.24728393554688,255.0
1734907677.1154299,254.3429718017578,255.0
1734907677.1154957,254.3429718017578,255.0
1734907677.1168473,254.4350128173828,255.0
1734907677.116957,254.4350128173828,255.0
1734907677.1182098,254.5218048095703,255.0
1734907677.1184633,254.52182006835938,255.0
1734907677.1197731,254.602294921875,255.0
1734907677.1198487,254.60227966308594,255.0
1734907677.1210904,254.6757354736328,255.0
1734907677.1211443,254.6757354736328,255.0
1734907677.122359,254.7417755126953,255.0
1734907677.1231885,254.7417755126953,255.0
1734907677.1237886,254.80030822753906,255.0
1734907677.124387,254.80030822753906,255.0
1734907677.125157,254.85145568847656,255.0
1734907677.1255555,254.8514404296875,255.0
1734907677.1265955,254.8954620361328,255.0
1734907677.1266139,254.8954620361328,255.0
1734907677.1284688,254.93275451660156,255.0
1734907677.1284912,254.93275451660156,255.0
1734907677.1297746,254.96380615234375,255.0
1734907677.1299667,254.9637908935547,255.0
1734907677.1313179,254.9891357421875,255.0
1734907677.131578,254.98915100097656,255.0
1734907677.132339,255.0093536376953,255.0
1734907677.132599,255.0093536376953,255.0
1734907677.1338563,255.0250244140625,255.0
1734907677.133871,255.0250244140625,255.0
1734907677.135418,255.0366973876953,255.0
1734907677.1354318,255.0366973876953,255.0
1734907677.1367657,255.04495239257812,255.0
1734907677.1371696,255.04495239257812,255.0
1734907677.1382353,255.05030822753906,255.0
1734907677.1383283,255.05030822753906,255.0
1734907677.1410646,255.05322265625,255.0
1734907677.141087,255.05322265625,255.0
1734907677.1425736,255.05416870117188,255.0
1734907677.1425893,255.05416870117188,255.0
1734907677.14408,255.05352783203125,255.0
1734907677.1444118,255.05352783203125,255.0
1734907677.1457865,255.05165100097656,255.0
1734907677.1463733,255.05165100097656,255.0
1734907677.1476758,255.0488739013672,255.0
1734907677.1477346,255.0488739013672,255.0
1734907677.1489027,255.04542541503906,255.0
1734907677.14929,255.04542541503906,255.0
1734907677.1504583,255.04156494140625,255.0
1734907677.150495,255.04156494140625,255.0
1734907677.1514528,255.0374755859375,255.0
1734907677.1515305,255.0374755859375,255.0
1734907677.1531231,255.03329467773438,255.0
1734907677.153369,255.03329467773438,255.0
1734907677.1546736,255.02915954589844,255.0
1734907677.1546876,255.02915954589844,255.0
1734907677.1556795,255.02516174316406,255.0
1734907677.1558182,255.02516174316406,255.0
1734907677.1572158,255.0213623046875,255.0
1734907677.1572301,255.0213623046875,255.0
1734907677.158525,255.01783752441406,255.0
1734907677.1586232,255.01785278320312,255.0
1734907677.1598303,255.01461791992188,255.0
1734907677.1598554,255.01461791992188,255.0
1734907677.1626527,255.01170349121094,255.0
1734907677.1627848,255.01170349121094,255.0
1734907677.1637497,255.00912475585938,255.0
1734907677.1640227,255.00912475585938,255.0
1734907677.1653016,255.00685119628906,255.0
1734907677.1654584,255.00685119628906,255.0
1734907677.1666899,255.00489807128906,255.0
1734907677.166706,255.00489807128906,255.0
1734907677.1679897,255.0032196044922,255.0
1734907677.1683254,255.0032196044922,255.0
1734907677.1696393,255.0018310546875,255.0
1734907677.1696591,255.0018310546875,255.0
1734907677.1709282,255.0006866455078,255.0
1734907677.1713893,255.0006866455078,255.0
1734907677.1728292,254.99977111816406,255.0
1734907677.1728516,254.99977111816406,255.0
1734907677.1742163,254.99905395507812,255.0
1734907677.1748312,254.99905395507812,255.0
1734907677.1760721,254.99851989746094,255.0
1734907677.176092,254.99851989746094,255.0
1734907677.177103,254.99813842773438,255.0
1734907677.1772432,254.99813842773438,255.0
1734907677.1784983,254.9978790283203,255.0
1734907677.1791446,254.9978790283203,255.0
1734907677.1801906,254.9977264404297,255.0
1734907677.1805043,254.9977264404297,255.0
1734907677.1813192,254.9976806640625,255.0
1734907677.181655,254.9976806640625,255.0
1734907677.1829836,254.9976806640625,255.0
1734907677.183045,254.9976806640625,255.0
1734907677.1843383,254.9977569580078,255.0
1734907677.1843648,254.9977569580078,255.0
1734907677.1855793,254.99786376953125,255.0
1734907677.1858075,254.99786376953125,255.0
1734907677.1872053,254.99801635742188,255.0
1734907677.1873758,254.99801635742188,255.0
1734907677.1884105,254.9981689453125,255.0
1734907677.188545,254.9981689453125,255.0
1734907677.1897435,254.99835205078125,255.0
1734907677.1897788,254.99835205078125,255.0
1734907677.19108,254.99853515625,255.0
1734907677.1912339,254.99853515625,255.0
1734907677.1925364,254.9987030029297,255.0
1734907677.1929648,254.9987030029297,255.0
1734907677.1937358,254.99888610839844,255.0
1734907677.194058,254.99888610839844,255.0
1734907677.1956155,254.99903869628906,255.0
1734907677.1957173,254.99903869628906,255.0
1734907677.1969223,254.99920654296875,255.0
1734907677.1969447,254.99920654296875,255.0
1734907677.1983294,254.9993438720703,255.0
1734907677.1983545,254.9993438720703,255.0
1734907677.1996424,254.9994659423828,255.0
1734907677.1997669,254.9994659423828,255.0
1734907677.200914,254.9995880126953,255.0
1734907677.2009387,254.9995880126953,255.0
1734907677.2022145,254.9996795654297,255.0
1734907677.2022538,254.9996795654297,255.0
1734907677.2040117,254.99977111816406,255.0
1734907677.204237,254.99977111816406,255.0
1734907677.205803,254.99984741210938,255.0
1734907677.2058342,254.99984741210938,255.0
1734907677.206976,254.99990844726562,255.0
1734907677.2076771,254.99990844726562,255.0
1734907677.2085261,254.9999542236328,255.0
1734907677.209388,254.9999542236328,255.0
1734907677.2103317,255.0,255.0
1734907677.2110536,255.0,255.0
1734907677.2136786,255.00003051757812,255.0
1734907677.2137163,255.00003051757812,255.0
1734907677.2146647,255.00006103515625,255.0
1734907677.214961,255.00006103515625,255.0
1734907677.2164252,255.0000762939453,255.0
1734907677.2167127,255.0000762939453,255.0
1734907677.2173355,255.00009155273438,255.0
1734907677.2177174,255.00009155273438,255.0
1734907677.2189322,255.00009155273438,255.0
1734907677.219115,255.00009155273438,255.0
1734907677.2206936,255.00010681152344,255.0
1734907677.22073,255.00010681152344,255.0
1734907677.2217674,255.00010681152344,255.0
1734907677.2217891,255.00010681152344,255.0
1734907677.2233086,255.00009155273438,255.0
1734907677.223327,255.00009155273438,255.0
1734907677.2247226,255.00009155273438,255.0
1734907677.224752,255.00009155273438,255.0
1734907677.226102,255.00009155273438,255.0
1734907677.2262378,255.00009155273438,255.0
1734907677.2273805,255.0000762939453,255.0
1734907677.228934,255.0000762939453,255.0
1734907677.2291725,255.0000762939453,255.0
1734907677.2308311,255.00006103515625,255.0
1734907677.2309017,255.0000762939453,255.0
1734907677.2321472,255.00006103515625,255.0
1734907677.2323198,255.00006103515625,255.0
1734907677.2335207,255.0000457763672,255.0
1734907677.233766,255.00006103515625,255.0
1734907677.2348344,255.0000457763672,255.0
1734907677.2348862,255.0000457763672,255.0
1734907677.2377436,255.00003051757812,255.0
1734907677.2378335,255.0000457763672,255.0
1734907677.239424,255.00003051757812,255.0
1734907677.2394667,255.00003051757812,255.0
1734907677.2407928,255.00003051757812,255.0
1734907677.2408075,255.00003051757812,255.0
1734907677.2419438,255.00001525878906,255.0
1734907677.2420776,255.00003051757812,255.0
1734907677.2432532,255.00001525878906,255.0
1734907677.243342,255.00001525878906,255.0
1734907677.244724,255.00001525878906,255.0
1734907677.244764,255.00001525878906,255.0
1734907677.246523,255.0,255.0
1734907677.24672,255.00001525878906,255.0
1734907677.2479453,255.0,255.0
1734907677.2480848,255.0,255.0
1734907677.2491734,255.0,255.0
1734907677.249458,255.0,255.0
1734907677.250747,255.0,255.0
1734907677.2508454,255.0,255.0
1734907677.2520943,255.0,255.0
1734907677.2523108,255.0,255.0
1734907677.2539132,255.0,255.0
1734907677.2542055,255.0,255.0
1734907677.2551315,255.0,255.0
1734907677.2553701,255.0,255.0
1734907677.2565527,255.0,255.0
1734907677.2566023,255.0,255.0
1734907677.258257,255.0,255.0
1734907677.2595136,255.0,255.0
1734907677.260176,255.0,255.0
1734907677.262019,255.0,255.0
1734907677.2620585,255.0,255.0
1734907677.2633386,255.0,255.0
1734907677.2633893,255.0,255.0
1734907677.2648516,255.0,255.0
1734907677.264873,255.0,255.0
1734907677.2660081,255.0,255.0
1734907677.2665126,255.0,255.0
1734907677.2674017,255.0,255.0
1734907677.267702,255.0,255.0
1734907677.269487,255.0,255.0
1734907677.2695365,255.0,255.0
1734907677.2712438,255.0,255.0
1734907677.2713888,255.0,255.0
1734907677.272633,255.0,255.0
1734907677.2728271,255.0,255.0
1734907677.2740405,255.0,255.0
1734907677.2740982,255.0,255.0
1734907677.2753887,255.0,255.0
1734907677.2754343,255.0,255.0
1734907677.2765892,255.0,255.0
1734907677.2767675,255.0,255.0
1734907677.2781086,255.0,255.0
1734907677.278443,255.0,255.0
1734907677.279877,255.0,255.0
1734907677.2799273,255.0,255.0
1734907677.281138,255.0,255.0
1734907677.2811823,255.0,255.0
1734907677.282932,255.0,255.0
1734907677.2829504,255.0,255.0
1734907677.2842708,255.0,255.0
1734907677.284357,255.0,255.0
1734907677.2855318,255.0,255.0
1734907677.2855577,255.0,255.0
1734907677.2870162,255.0,255.0
1734907677.28723,255.0,255.0
1734907677.2883043,255.0,255.0
1734907677.2883334,255.0,255.0
1734907677.289671,255.0,255.0
1734907677.2897663,255.0,255.0
1734907677.2913465,255.0,255.0
1734907677.2913651,255.0,255.0
1734907677.2923408,255.0,255.0
1734907677.2925184,255.0,255.0
1734907677.2937207,255.0,255.0
1734907677.2939422,255.0,255.0
1734907677.29535,255.0,255.0
1734907677.295822,255.0,255.0
1734907677.297275,255.0,255.0
1734907677.2973118,255.0,255.0
1734907677.2990005,255.0,255.0
1734907677.299041,255.0,255.0
1734907677.3003147,255.0,255.0
1734907677.3003576,255.0,255.0
1734907677.301853,255.0,255.0
1734907677.3020985,255.0,255.0
1734907677.3035243,255.0,255.0
1734907677.303665,255.0,255.0
1734907677.3049624,255.0,255.0
1734907677.3049831,255.0,255.0
1734907677.306385,255.0,255.0
1734907677.3064647,255.0,255.0
1734907677.307453,255.0,255.0
1734907677.3076293,255.0,255.0
1734907677.3087993,255.0,255.0
1734907677.3089707,255.0,255.0
1734907677.3101513,255.0,255.0
1734907677.3104057,255.0,255.0
1734907677.312121,255.0,255.0
1734907677.3122683,255.0,255.0
1734907677.313512,255.0,255.0
1734907677.3141267,255.0,255.0
1734907677.3149838,255.0,255.0
1734907677.3152535,255.0,255.0
1734907677.3163378,255.0,255.0
1734907677.3166163,255.0,255.0
1734907677.3176703,255.0,255.0
1734907677.31786,255.0,255.0
1734907677.3193896,255.0,255.0
1734907677.3198657,255.0,255.0
1734907677.3206007,255.0,255.0
1734907677.3207428,255.0,255.0
1734907677.3220327,255.0,255.0
1734907677.3221262,255.0,255.0
1734907677.3236504,255.0,255.0
1734907677.324264,255.0,255.0
1734907677.3248622,255.0,255.0
1734907677.3251452,255.0,255.0
1734907677.3266993,255.0,255.0
1734907677.3267272,255.0,255.0
1734907677.3286586,255.0,255.0
1734907677.33016,255.0,255.0
1734907677.33089,255.0,255.0
1734907677.3315578,255.0,255.0
1734907677.3324196,255.0,255.0
1734907677.3343797,255.0,255.0
1734907677.3344064,255.0,255.0
1734907677.3355403,255.0,255.0
1734907677.3357856,255.0,255.0
1734907677.3370924,255.0,255.0
1734907677.337127,255.0,255.0
1734907677.3384154,255.0,255.0
1734907677.3385162,255.0,255.0
1734907677.3396883,255.0,255.0
1734907677.3397279,255.0,255.0
1734907677.340839,255.0,255.0
1734907677.3410017,255.0,255.0
1734907677.3422008,255.0,255.0
1734907677.3425496,255.0,255.0
1734907677.3435736,255.0,255.0
1734907677.3441315,255.0,255.0
1734907677.345642,255.0,255.0
1734907677.345775,255.0,255.0
1734907677.3467789,255.0,255.0
1734907677.3470407,255.0,255.0
1734907677.3482318,255.0,255.0
1734907677.348392,255.0,255.0
1734907677.349539,255.0,255.0
1734907677.3496227,255.0,255.0
1734907677.3510754,255.0,255.0
1734907677.3511307,255.0,255.0
1734907677.3524134,255.0,255.0
1734907677.3525183,255.0,255.0
1734907677.35418,255.0,255.0
1734907677.3542774,255.0,255.0
1734907677.3552382,255.0,255.0
1734907677.3553057,255.0,255.0
1734907677.3575733,255.0,255.0
1734907677.3577664,255.0,255.0
1734907677.3591206,255.0,255.0
1734907677.3591344,255.0,255.0
1734907677.360596,255.0,255.0
1734907677.3606277,255.0,255.0
1734907677.3625505,255.0,255.0
1734907677.362579,255.0,255.0
1734907677.3638313,255.0,255.0
1734907677.3638878,255.0,255.0
1734907677.3652844,255.0,255.0
1734907677.3653371,255.0,255.0
1734907677.3665254,255.0,255.0
1734907677.366719,255.0,255.0
1734907677.3681061,255.0,255.0
1734907677.3681371,255.0,255.0
1734907677.369571,255.0,255.0
1734907677.3696072,255.0,255.0
1734907677.371043,255.0,255.0
1734907677.3712022,255.0,255.0
1734907677.3722923,255.0,255.0
1734907677.3725996,255.0,255.0
1734907677.3735332,255.0,255.0
1734907677.3736951,255.0,255.0
1734907677.3749802,255.0,255.0
1734907677.375004,255.0,255.0
1734907677.3762887,255.0,255.0
1734907677.376417,255.0,255.0
1734907677.377717,255.0,255.0
1734907677.3778164,255.0,255.0
1734907677.3796518,255.0,255.0
1734907677.3798022,255.0,255.0
1734907677.3810003,255.0,255.0
1734907677.3810616,255.0,255.0
1734907677.382304,255.0,255.0
1734907677.382604,255.0,255.0
1734907677.3838744,255.0,255.0
1734907677.3839653,255.0,255.0
1734907677.3853643,255.0,255.0
1734907677.38568,255.0,255.0
1734907677.3868122,255.0,255.0
1734907677.3868814,255.0,255.0
1734907677.3878644,255.0,255.0
1734907677.3880343,255.0,255.0
1734907677.3893456,255.0,255.0
1734907677.3906226,255.0,255.0
1734907677.3909779,255.0,255.0
1734907677.3915565,255.0,255.0
1734907677.3927672,255.0,255.0
1734907677.3927844,255.0,255.0
1734907677.3939807,255.0,255.0
1734907677.3940794,255.0,255.0
1734907677.3958712,255.0,255.0
1734907677.3959248,255.0,255.0
1734907677.3970296,255.0,255.0
1734907677.3970804,255.0,255.0
1734907677.3982654,255.0,255.0
1734907677.3984966,255.0,255.0
1734907677.399924,255.0,255.0
1734907677.3999598,255.0,255.0
1734907677.4012086,255.0,255.0
1734907677.4014668,255.0,255.0
1734907677.4027474,255.0,255.0
1734907677.4030085,255.0,255.0
1734907677.4044302,255.0,255.0
1734907677.404674,255.0,255.0
1734907677.405864,255.0,255.0
1734907677.405993,255.0,255.0
1734907677.4072568,255.0,255.0
1734907677.407498,255.0,255.0
1734907677.4095368,255.0,255.0
1734907677.4098258,255.0,255.0
1734907677.4107518,255.0,255.0
1734907677.4108982,255.0,255.0
1734907677.4122813,255.0,255.0
1734907677.4124055,255.0,255.0
1734907677.4139626,255.0,255.0
1734907677.4141784,255.0,255.0
1734907677.4155536,255.0,255.0
1734907677.4155734,255.0,255.0
1734907677.4170246,255.0,255.0
1734907677.4170594,255.0,255.0
1734907677.41835,255.0,255.0
1734907677.4185486,255.0,255.0
1734907677.4201117,255.0,255.0
1734907677.420143,255.0,255.0
1734907677.4212267,255.0,255.0
1734907677.4215875,255.0,255.0
1734907677.4224095,255.0,255.0
1734907677.4226182,255.0,255.0
1734907677.4239457,255.0,255.0
1734907677.4247468,255.0,255.0
1734907677.4253001,255.0,255.0
1734907677.425968,255.0,255.0
1734907677.4271228,255.0,255.0
1734907677.4271622,255.0,255.0
1734907677.4285884,255.0,255.0
1734907677.4286273,255.0,255.0
1734907677.4310296,255.0,255.0
1734907677.4310684,255.0,255.0
1734907677.4324262,255.0,255.0
1734907677.4325333,255.0,255.0
1734907677.433682,255.0,255.0
1734907677.4340386,255.0,255.0
1734907677.4352195,255.0,255.0
1734907677.4353058,255.0,255.0
1734907677.4367843,255.0,255.0
1734907677.436939,255.0,255.0
1734907677.4380076,255.0,255.0
1734907677.4380465,255.0,255.0
1734907677.439327,255.0,255.0
1734907677.439348,255.0,255.0
1734907677.4405522,255.0,255.0
1734907677.4406936,255.0,255.0
1734907677.442133,255.0,255.0
1734907677.4422224,255.0,255.0
1734907677.4433568,255.0,255.0
1734907677.4438417,255.0,255.0
1734907677.4447505,255.0,255.0
1734907677.4450684,255.0,255.0
1734907677.446163,255.0,255.0
1734907677.4465349,255.0,255.0
1734907677.4480019,255.0,255.0
1734907677.4481702,255.0,255.0
1734907677.449391,255.0,255.0
1734907677.4494374,255.0,255.0
1734907677.4506407,255.0,255.0
1734907677.450868,255.0,255.0
1734907677.4521751,255.0,255.0
1734907677.4523635,255.0,255.0
1734907677.4539044,255.0,255.0
1734907677.4540591,255.0,255.0
1734907677.4552171,255.0,255.0
1734907677.4552355,255.0,255.0
1734907677.4565246,255.0,255.0
1734907677.456733,255.0,255.0
1734907677.4579566,255.0,255.0
1734907677.4580271,255.0,255.0
1734907677.4594722,255.0,255.0
1734907677.4596083,255.0,255.0
1734907677.4615037,255.0,255.0
1734907677.461767,255.0,255.0
1734907677.4630601,255.0,255.0
1734907677.463131,255.0,255.0
1734907677.464235,255.0,255.0
1734907677.465417,255.0,255.0
1734907677.4658642,255.0,255.0
1734907677.466517,255.0,255.0
1734907677.4673383,255.0,255.0
1734907677.468191,255.0,255.0
1734907677.4687357,255.0,255.0
1734907677.469434,255.0,255.0
1734907677.4699626,255.0,255.0
1734907677.4707448,255.0,255.0
1734907677.4715648,255.0,255.0
1734907677.4716716,255.0,255.0
1734907677.4726272,255.0,255.0
1734907677.4726508,255.0,255.0
1734907677.4741042,255.0,255.0
1734907677.474414,255.0,255.0
1734907677.4755116,255.0,255.0
1734907677.4759753,255.0,255.0
1734907677.4769483,255.0,255.0
1734907677.4771805,255.0,255.0
1734907677.4783132,255.0,255.0
1734907677.4784698,255.0,255.0
1734907677.4796622,255.0,255.0
1734907677.479997,255.0,255.0
1734907677.4812236,255.0,255.0
1734907677.4813645,255.0,255.0
1734907677.4828618,255.0,255.0
1734907677.483394,255.0,255.0
1734907677.484756,255.0,255.0
1734907677.4861093,255.0,255.0
1734907677.4861662,255.0,255.0
1734907677.4874609,255.0,255.0
1734907677.4874914,255.0,255.0
1734907677.4885235,255.0,255.0
1734907677.4886413,255.0,255.0
1734907677.4900248,255.0,255.0
1734907677.4900646,255.0,255.0
1734907677.4916363,255.0,255.0
1734907677.4918022,255.0,255.0
1734907677.4929435,255.0,255.0
1734907677.4932008,255.0,255.0
1734907677.494742,255.0,255.0
1734907677.4948277,255.0,255.0
1734907677.4959528,255.0,255.0
1734907677.4963367,255.0,255.0
1734907677.4975653,255.0,255.0
1734907677.4976056,255.0,255.0
1734907677.4987683,255.0,255.0
1734907677.49905,255.0,255.0
1734907677.5005257,255.0,255.0
1734907677.500555,255.0,255.0
1734907677.5018744,255.0,255.0
1734907677.5023067,255.0,255.0
1734907677.5041435,255.0,255.0
1734907677.5042546,255.0,255.0
1734907677.505366,255.0,255.0
1734907677.5054538,255.0,255.0
1734907677.506818,255.0,255.0
1734907677.5084095,255.0,255.0
1734907677.509297,255.0,255.0
1734907677.5098438,255.0,255.0
1734907677.510081,255.0,255.0
1734907677.5110247,255.0,255.0
1734907677.5113542,255.0,255.0
1734907677.5125368,255.0,255.0
1734907677.5130122,255.0,255.0
1734907677.5145416,255.0,255.0
1734907677.5161097,255.0,255.0
1734907677.5165153,255.0,255.0
1734907677.517419,255.0,255.0
1734907677.5177,255.0,255.0
1734907677.5190084,255.0,255.0
1734907677.5190442,255.0,255.0
1734907677.5205402,255.0,255.0
1734907677.5205564,255.0,255.0
1734907677.5215125,255.0,255.0
1734907677.5217123,255.0,255.0
1734907677.522971,255.0,255.0
1734907677.523108,255.0,255.0
1734907677.524911,255.0,255.0
1734907677.526378,255.0,255.0
1734907677.5275688,255.0,255.0
1734907677.5275912,255.0,255.0
1734907677.528707,255.0,255.0
1734907677.5288465,255.0,255.0
1734907677.5300522,255.0,255.0
1734907677.5302746,255.0,255.0
1734907677.5314074,255.0,255.0
1734907677.5317843,255.0,255.0
1734907677.5330606,255.0,255.0
1734907677.533114,255.0,255.0
1734907677.5346317,255.0,255.0
1734907677.5347395,255.0,255.0
1734907677.5362256,255.0,255.0
1734907677.536257,255.0,255.0
1734907677.5375993,255.0,255.0
1734907677.5376492,255.0,255.0
1734907677.5386128,255.0,255.0
1734907677.5387592,255.0,255.0
1734907677.5399358,255.0,255.0
1734907677.5401127,255.0,255.0
1734907677.5413196,255.0,255.0
1734907677.5414512,255.0,255.0
1734907677.5427198,255.0,255.0
1734907677.5430276,255.0,255.0
1734907677.5441437,255.0,255.0
1734907677.5441666,255.0,255.0
1734907677.5459452,255.0,255.0
1734907677.545961,255.0,255.0
1734907677.5475554,255.0,255.0
1734907677.5475812,255.0,255.0
1734907677.54908,255.0,255.0
1734907677.5493522,255.0,255.0
1734907677.550428,255.0,255.0
1734907677.5507417,255.0,255.0
1734907677.55173,255.0,255.0
1734907677.551746,255.0,255.0
1734907677.5532217,255.0,255.0
1734907677.5533566,255.0,255.0
1734907677.5557442,255.0,255.0
1734907677.5558586,255.0,255.0
1734907677.5571356,255.0,255.0
1734907677.5572698,255.0,255.0
1734907677.5585856,255.0,255.0
1734907677.5588267,255.0,255.0
1734907677.5601022,255.0,255.0
1734907677.560543,255.0,255.0
1734907677.5623102,255.0,255.0
1734907677.5631266,255.0,255.0
1734907677.5634382,255.0,255.0
1734907677.5643747,255.0,255.0
1734907677.5643919,255.0,255.0
1734907677.5658028,255.0,255.0
1734907677.5659,255.0,255.0
1734907677.5671225,255.0,255.0
1734907677.5673094,255.0,255.0
1734907677.5686595,255.0,255.0
1734907677.5687785,255.0,255.0
1734907677.570358,255.0,255.0
1734907677.5703802,255.0,255.0
1734907677.5713964,255.0,255.0
1734907677.5715954,255.0,255.0
1734907677.5726674,255.0,255.0
1734907677.5729456,255.0,255.0
1734907677.5741713,255.0,255.0
1734907677.5742111,255.0,255.0
1734907677.575615,255.0,255.0
1734907677.5757682,255.0,255.0
1734907677.5772474,255.0,255.0
1734907677.57727,255.0,255.0
1734907677.5790257,255.0,255.0
1734907677.5793529,255.0,255.0
1734907677.5808332,255.0,255.0
1734907677.5811806,255.0,255.0
1734907677.5820572,255.0,255.0
1734907677.5820959,255.0,255.0
1734907677.5834758,255.0,255.0
1734907677.583704,255.0,255.0
1734907677.5851765,255.0,255.0
1734907677.5855014,255.0,255.0
1734907677.5866485,255.0,255.0
1734907677.5871568,255.0,255.0
1734907677.5878623,255.0,255.0
1734907677.5882816,255.0,255.0
1734907677.5894153,255.0,255.0
1734907677.5895808,255.0,255.0
1734907677.590939,255.0,255.0
1734907677.5910168,255.0,255.0
1734907677.5923083,255.0,255.0
1734907677.59251,255.0,255.0
1734907677.5935352,255.0,255.0
1734907677.593764,255.0,255.0
1734907677.5950587,255.0,255.0
1734907677.5952551,255.0,255.0
1734907677.5966368,255.0,255.0
1734907677.5970926,255.0,255.0
1734907677.5982852,255.0,255.0
1734907677.5983503,255.0,255.0
1734907677.599587,255.0,255.0
1734907677.5997794,255.0,255.0
1734907677.6010153,255.0,255.0
1734907677.6013424,255.0,255.0
1734907677.6024957,255.0,255.0
1734907677.6025176,255.0,255.0
1734907677.6049724,255.0,255.0
1734907677.6051304,255.0,255.0
1734907677.6064386,255.0,255.0
1734907677.6064687,255.0,255.0
1734907677.6077423,255.0,255.0
1734907677.6078942,255.0,255.0
1734907677.609495,255.0,255.0
1734907677.6101487,255.0,255.0
1734907677.6107428,255.0,255.0
1734907677.6109593,255.0,255.0
1734907677.6119614,255.0,255.0
1734907677.6120827,255.0,255.0
1734907677.6137877,255.0,255.0
1734907677.6139143,255.0,255.0
1734907677.6150677,255.0,255.0
1734907677.6150923,255.0,255.0
1734907677.616672,255.0,255.0
1734907677.6170855,255.0,255.0
1734907677.618536,255.0,255.0
1734907677.6186619,255.0,255.0
1734907677.6197243,255.0,255.0
1734907677.6199017,255.0,255.0
1734907677.6211433,255.0,255.0
1734907677.6211662,255.0,255.0
1734907677.6238904,255.0,255.0
1734907677.6240869,255.0,255.0
1734907677.6250942,255.0,255.0
1734907677.6253445,255.0,255.0
1734907677.6267648,255.0,255.0
1734907677.6268146,255.0,255.0
1734907677.6280813,255.0,255.0
1734907677.6281185,255.0,255.0
1734907677.6297314,255.0,255.0
1734907677.6297877,255.0,255.0
1734907677.6310747,255.0,255.0
1734907677.6312373,255.0,255.0
1734907677.632645,255.0,255.0
1734907677.6327794,255.0,255.0
1734907677.6340616,255.0,255.0
1734907677.6341777,255.0,255.0
1734907677.6351738,255.0,255.0
1734907677.6354282,255.0,255.0
1734907677.6369908,255.0,255.0
1734907677.6371665,255.0,255.0
1734907677.6383388,255.0,255.0
1734907677.6386445,255.0,255.0
1734907677.6397505,255.0,255.0
1734907677.6398153,255.0,255.0
1734907677.6409416,255.0,255.0
1734907677.641402,255.0,255.0
1734907677.642361,255.0,255.0
1734907677.6424904,255.0,255.0
1734907677.6437447,255.0,255.0
1734907677.6439667,255.0,255.0
1734907677.6454644,255.0,255.0
1734907677.645555,255.0,255.0
1734907677.6469748,255.0,255.0
1734907677.6471364,255.0,255.0
1734907677.648678,255.0,255.0
1734907677.6496952,255.0,255.0
1734907677.6501353,255.0,255.0
1734907677.6511905,255.0,255.0
1734907677.6515858,255.0,255.0
1734907677.6529388,255.0,255.0
1734907677.6529775,255.0,255.0
1734907677.654656,255.0,255.0
1734907677.6546824,255.0,255.0
1734907677.6559558,255.0,255.0
1734907677.6561394,255.0,255.0
1734907677.6573737,255.0,255.0
1734907677.6575577,255.0,255.0
1734907677.6584525,255.0,255.0
1734907677.6585715,255.0,255.0
1734907677.6599126,255.0,255.0
1734907677.660108,255.0,255.0
1734907677.6614292,255.0,255.0
1734907677.6614554,255.0,255.0
1734907677.6632009,255.0,255.0
1734907677.6633847,255.0,255.0
1734907677.6648664,255.0,255.0
1734907677.6648812,255.0,255.0
1734907677.6662824,255.0,255.0
1734907677.6663225,255.0,255.0
1734907677.66753,255.0,255.0
1734907677.6676052,255.0,255.0
1734907677.6688542,255.0,255.0
1734907677.6688843,255.0,255.0
1734907677.6704805,255.0,255.0
1734907677.6705956,255.0,255.0
1734907677.6717389,255.0,255.0
1734907677.6718283,255.0,255.0
1734907677.673166,255.0,255.0
1734907677.6731794,255.0,255.0
1734907677.6743166,255.0,255.0
1734907677.6744618,255.0,255.0
1734907677.6757023,255.0,255.0
1734907677.6758842,255.0,255.0
1734907677.677226,255.0,255.0
1734907677.6773784,255.0,255.0
1734907677.6787517,255.0,255.0
1734907677.6788514,255.0,255.0
1734907677.6805952,255.0,255.0
1734907677.6806152,255.0,255.0
1734907677.6817987,255.0,255.0
1734907677.6818209,255.0,255.0
1734907677.6838808,255.0,255.0
1734907677.6839125,255.0,255.0
1734907677.6848476,255.0,255.0
1734907677.6851187,255.0,255.0
1734907677.6863656,255.0,255.0
1734907677.6865795,255.0,255.0
1734907677.6880217,255.0,255.0
1734907677.6881187,255.0,255.0
1734907677.6893923,255.0,255.0
1734907677.689411,255.0,255.0
1734907677.690575,255.0,255.0
1734907677.69075,255.0,255.0
1734907677.6920388,255.0,255.0
1734907677.6920698,255.0,255.0
1734907677.6932287,255.0,255.0
1734907677.6935139,255.0,255.0
1734907677.6946454,255.0,255.0
1734907677.6947856,255.0,255.0
1734907677.696383,255.0,255.0
1734907677.6966226,255.0,255.0
1734907677.697904,255.0,255.0
1734907677.6983533,255.0,255.0
1734907677.7004879,255.0,255.0
1734907677.7005491,255.0,255.0
1734907677.7018714,255.0,255.0
1734907677.701894,255.0,255.0
1734907677.703396,255.0,255.0
1734907677.7038922,255.0,255.0
1734907677.7047915,255.0,255.0
1734907677.7048178,255.0,255.0
1734907677.7058706,255.0,255.0
1734907677.7059863,255.0,255.0
1734907677.7073689,255.0,255.0
1734907677.7074063,255.0,255.0
1734907677.7087831,255.0,255.0
1734907677.7091422,255.0,255.0
1734907677.7100525,255.0,255.0
1734907677.7103024,255.0,255.0
1734907677.7114892,255.0,255.0
1734907677.711674,255.0,255.0
1734907677.7135296,255.0,255.0
1734907677.7135649,255.0,255.0
1734907677.7149625,255.0,255.0
1734907677.7149856,255.0,255.0
1734907677.7163682,255.0,255.0
1734907677.7167015,255.0,255.0
1734907677.7179081,255.0,255.0
1734907677.7180445,255.0,255.0
1734907677.720584,255.0,255.0
1734907677.7206252,255.0,255.0
1734907677.7218158,255.0,255.0
1734907677.7220364,255.0,255.0
1734907677.7232459,255.0,255.0
1734907677.723497,255.0,255.0
1734907677.724811,255.0,255.0
1734907677.7248654,255.0,255.0
1734907677.7260864,255.0,255.0
1734907677.72616,255.0,255.0
1734907677.7272763,255.0,255.0
1734907677.727364,255.0,255.0
1734907677.7291098,255.0,255.0
1734907677.729213,255.0,255.0
1734907677.7305505,255.0,255.0
1734907677.7305934,255.0,255.0
1734907677.7322052,255.0,255.0
1734907677.732246,255.0,255.0
1734907677.7338705,255.0,255.0
1734907677.734233,255.0,255.0
1734907677.7351663,255.0,255.0
1734907677.7352471,255.0,255.0
1734907677.7366903,255.0,255.0
1734907677.736718,255.0,255.0
1734907677.7381058,255.0,255.0
1734907677.738473,255.0,255.0
1734907677.7394369,255.0,255.0
1734907677.7395222,255.0,255.0
1734907677.7407324,255.0,255.0
1734907677.7408874,255.0,255.0
1734907677.7420335,255.0,255.0
1734907677.7421,255.0,255.0
1734907677.7435656,255.0,255.0
1734907677.7435863,255.0,255.0
1734907677.7452478,255.0,255.0
1734907677.7453132,255.0,255.0
1734907677.7469065,255.0,255.0
1734907677.7469542,255.0,255.0
1734907677.7485077,255.0,255.0
1734907677.7485347,255.0,255.0
1734907677.749754,255.0,255.0
1734907677.7512589,255.0,255.0
1734907677.7517638,255.0,255.0
1734907677.7523587,255.0,255.0
1734907677.7530763,255.0,255.0
1734907677.753712,255.0,255.0
1734907677.7544515,255.0,255.0
1734907677.7551625,255.0,255.0
1734907677.7559142,255.0,255.0
1734907677.7562335,255.0,255.0
1734907677.7570086,255.0,255.0
1734907677.7570744,255.0,255.0
1734907677.758439,255.0,255.0
1734907677.7585106,255.0,255.0
1734907677.7596207,255.0,255.0
1734907677.7598608,255.0,255.0
1734907677.7609363,255.0,255.0
1734907677.7614558,255.0,255.0
1734907677.7631242,255.0,255.0
1734907677.76315,255.0,255.0
1734907677.7648647,255.0,255.0
1734907677.764894,255.0,255.0
1734907677.7663474,255.0,255.0
1734907677.766834,255.0,255.0
1734907677.767682,255.0,255.0
1734907677.7681324,255.0,255.0
1734907677.7690983,255.0,255.0
1734907677.7694488,255.0,255.0
1734907677.7706265,255.0,255.0
1734907677.7706563,255.0,255.0
1734907677.771647,255.0,255.0
1734907677.7717752,255.0,255.0
1734907677.773039,255.0,255.0
1734907677.773297,255.0,255.0
1734907677.7745793,255.0,255.0
1734907677.7745984,255.0,255.0
1734907677.7759845,255.0,255.0
1734907677.7760162,255.0,255.0
1734907677.7775252,255.0,255.0
1734907677.7775562,255.0,255.0
1734907677.779322,255.0,255.0
1734907677.77936,255.0,255.0
1734907677.7806096,255.0,255.0
1734907677.7806885,255.0,255.0
1734907677.7819812,255.0,255.0
1734907677.7820616,255.0,255.0
1734907677.783313,255.0,255.0
1734907677.7837195,255.0,255.0
1734907677.7850232,255.0,255.0
1734907677.785056,255.0,255.0
1734907677.7866514,255.0,255.0
1734907677.7867768,255.0,255.0
1734907677.78804,255.0,255.0
1734907677.788064,255.0,255.0
1734907677.7893767,255.0,255.0
1734907677.789485,255.0,255.0
1734907677.7907271,255.0,255.0
1734907677.7909882,255.0,255.0
1734907677.7921896,255.0,255.0
1734907677.792234,255.0,255.0
1734907677.7936578,255.0,255.0
1734907677.7936761,255.0,255.0
1734907677.795246,255.0,255.0
1734907677.795286,255.0,255.0
1734907677.7972522,255.0,255.0
1734907677.797815,255.0,255.0
1734907677.799138,255.0,255.0
1734907677.799229,255.0,255.0
1734907677.8006487,255.0,255.0
1734907677.80078,255.0,255.0
1734907677.8018572,255.0,255.0
1734907677.802135,255.0,255.0
1734907677.8031492,255.0,255.0
1734907677.8033438,255.0,255.0
1734907677.804637,255.0,255.0
1734907677.8046765,255.0,255.0
1734907677.8058286,255.0,255.0
1734907677.805949,255.0,255.0
1734907677.8072858,255.0,255.0
1734907677.807388,255.0,255.0
1734907677.8086133,255.0,255.0
1734907677.808679,255.0,255.0
1734907677.8101735,255.0,255.0
1734907677.810193,255.0,255.0
1734907677.81188,255.0,255.0
1734907677.8121996,255.0,255.0
1734907677.81347,255.0,255.0
1734907677.813535,255.0,255.0
1734907677.8148723,255.0,255.0
1734907677.814924,255.0,255.0
1734907677.8173928,255.0,255.0
1734907677.8177848,255.0,255.0
1734907677.8187659,255.0,255.0
1734907677.8190546,255.0,255.0
1734907677.8204303,255.0,255.0
1734907677.8204553,255.0,255.0
1734907677.8217564,255.0,255.0
1734907677.821778,255.0,255.0
1734907677.8231087,255.0,255.0
1734907677.8232543,255.0,255.0
1734907677.8244658,255.0,255.0
1734907677.8244812,255.0,255.0
1734907677.8258445,255.0,255.0
1734907677.8261788,255.0,255.0
1734907677.8273828,255.0,255.0
1734907677.8281877,255.0,255.0
1734907677.8289425,255.0,255.0
1734907677.8292358,255.0,255.0
1734907677.830592,255.0,255.0
1734907677.8306215,255.0,255.0
1734907677.8319871,255.0,255.0
1734907677.831998,255.0,255.0
1734907677.8333113,255.0,255.0
1734907677.833336,255.0,255.0
1734907677.8348758,255.0,255.0
1734907677.8348885,255.0,255.0
1734907677.836105,255.0,255.0
1734907677.8362515,255.0,255.0
1734907677.837547,255.0,255.0
1734907677.8376887,255.0,255.0
1734907677.8387852,255.0,255.0
1734907677.8392859,255.0,255.0
1734907677.8403184,255.0,255.0
1734907677.8414795,255.0,255.0
1734907677.841897,255.0,255.0
1734907677.8432488,255.0,255.0
1734907677.8433495,255.0,255.0
1734907677.844975,255.0,255.0
1734907677.8455346,255.0,255.0
1734907677.8465385,255.0,255.0
1734907677.8465576,255.0,255.0
1734907677.847922,255.0,255.0
1734907677.8479803,255.0,255.0
1734907677.8491588,255.0,255.0
1734907677.8495147,255.0,255.0
1734907677.850808,255.0,255.0
1734907677.8510458,255.0,255.0
1734907677.8520932,255.0,255.0
1734907677.8522818,255.0,255.0
1734907677.853649,255.0,255.0
1734907677.8539524,255.0,255.0
1734907677.8548896,255.0,255.0
1734907677.855193,255.0,255.0
1734907677.8563192,255.0,255.0
1734907677.8564506,255.0,255.0
1734907677.8576922,255.0,255.0
1734907677.8578267,255.0,255.0
1734907677.8590283,255.0,255.0
1734907677.859161,255.0,255.0
1734907677.860468,255.0,255.0
1734907677.8605075,255.0,255.0
1734907677.8620284,255.0,255.0
1734907677.862139,255.0,255.0
1734907677.8636398,255.0,255.0
1734907677.8636687,255.0,255.0
1734907677.8649058,255.0,255.0
1734907677.8649971,255.0,255.0
1734907677.8665392,255.0,255.0
1734907677.866584,255.0,255.0
1734907677.8678021,255.0,255.0
1734907677.8685014,255.0,255.0
1734907677.8692374,255.0,255.0
1734907677.869966,255.0,255.0
1734907677.8707905,255.0,255.0
1734907677.871924,255.0,255.0
1734907677.8725126,255.0,255.0
1734907677.8734245,255.0,255.0
1734907677.8743265,255.0,255.0
1734907677.874842,255.0,255.0
1734907677.8754742,255.0,255.0
1734907677.8763802,255.0,255.0
1734907677.8765206,255.0,255.0
1734907677.8779879,255.0,255.0
1734907677.8780518,255.0,255.0
1734907677.879568,255.0,255.0
1734907677.8800132,255.0,255.0
1734907677.8807642,255.0,255.0
1734907677.8812625,255.0,255.0
1734907677.882397,255.0,255.0
1734907677.882427,255.0,255.0
1734907677.8839037,255.0,255.0
1734907677.8839433,255.0,255.0
1734907677.8852668,255.0,255.0
1734907677.885303,255.0,255.0
1734907677.886834,255.0,255.0
1734907677.8870752,255.0,255.0
1734907677.888196,255.0,255.0
1734907677.8886385,255.0,255.0
1734907677.8895996,255.0,255.0
1734907677.8901205,255.0,255.0
1734907677.8908987,255.0,255.0
1734907677.8911057,255.0,255.0
1734907677.8923163,255.0,255.0
1734907677.8924096,255.0,255.0
1734907677.8935893,255.0,255.0
1734907677.8937232,255.0,255.0
1734907677.8959723,255.0,255.0
1734907677.8964167,255.0,255.0
1734907677.8976922,255.0,255.0
1734907677.8977563,255.0,255.0
1734907677.899134,255.0,255.0
1734907677.900317,255.0,255.0
1734907677.9007344,255.0,255.0
1734907677.9015193,255.0,255.0
1734907677.9019449,255.0,255.0
1734907677.9024918,255.0,255.0
1734907677.90356,255.0,255.0
1734907677.903571,255.0,255.0
1734907677.9047403,255.0,255.0
1734907677.9049058,255.0,255.0
1734907677.9060886,255.0,255.0
1734907677.9063609,255.0,255.0
1734907677.9079032,255.0,255.0
1734907677.9080195,255.0,255.0
1734907677.909581,255.0,255.0
1734907677.909622,255.0,255.0
1734907677.9110272,255.0,255.0
1734907677.9110603,255.0,255.0
1734907677.91236,255.0,255.0
1734907677.9123864,255.0,255.0
1734907677.9147956,255.0,255.0
1734907677.9149592,255.0,255.0
1734907677.9161084,255.0,255.0
1734907677.9163744,255.0,255.0
1734907677.9177418,255.0,255.0
1734907677.9177864,255.0,255.0
1734907677.9194899,255.0,255.0
1734907677.9196987,255.0,255.0
1734907677.9207983,255.0,255.0
1734907677.9208283,255.0,255.0
1734907677.921806,255.0,255.0
1734907677.9218247,255.0,255.0
1734907677.9234965,255.0,255.0
1734907677.9235568,255.0,255.0
1734907677.9246848,255.0,255.0
1734907677.9248385,255.0,255.0
1734907677.9261196,255.0,255.0
1734907677.9261894,255.0,255.0
1734907677.9281287,255.0,255.0
1734907677.9281647,255.0,255.0
1734907677.9294643,255.0,255.0
1734907677.9296844,255.0,255.0
1734907677.9309988,255.0,255.0
1734907677.9311097,255.0,255.0
1734907677.9323626,255.0,255.0
1734907677.9324539,255.0,255.0
1734907677.9336061,255.0,255.0
1734907677.9337733,255.0,255.0
1734907677.9350293,255.0,255.0
1734907677.9350476,255.0,255.0
1734907677.9368014,255.0,255.0
1734907677.9369109,255.0,255.0
1734907677.9382172,255.0,255.0
1734907677.9384341,255.0,255.0
1734907677.9398997,255.0,255.0
1734907677.9399598,255.0,255.0
1734907677.9411929,255.0,255.0
1734907677.9413836,255.0,255.0
1734907677.9426224,255.0,255.0
1734907677.9427655,255.0,255.0
1734907677.9445307,255.0,255.0
1734907677.9454784,255.0,255.0
1734907677.9464135,255.0,255.0
1734907677.9473724,255.0,255.0
1734907677.9474618,255.0,255.0
1734907677.9487796,255.0,255.0
1734907677.9492147,255.0,255.0
1734907677.950222,255.0,255.0
1734907677.9502883,255.0,255.0
1734907677.9517627,255.0,255.0
1734907677.9519804,255.0,255.0
1734907677.9527726,255.0,255.0
1734907677.9527977,255.0,255.0
1734907677.954647,255.0,255.0
1734907677.9546633,255.0,255.0
1734907677.9558914,255.0,255.0
1734907677.9560895,255.0,255.0
1734907677.9571612,255.0,255.0
1734907677.9571755,255.0,255.0
1734907677.9586613,255.0,255.0
1734907677.9587054,255.0,255.0
1734907677.960032,255.0,255.0
1734907677.9601924,255.0,255.0
1734907677.9619775,255.0,255.0
1734907677.9619956,255.0,255.0
1734907677.9633687,255.0,255.0
1734907677.9635544,255.0,255.0
1734907677.964907,255.0,255.0
1734907677.9649355,255.0,255.0
1734907677.9665313,255.0,255.0
1734907677.9665492,255.0,255.0
1734907677.9673824,255.0,255.0
1734907677.9676838,255.0,255.0
1734907677.9690924,255.0,255.0
1734907677.9691322,255.0,255.0
1734907677.9707496,255.0,255.0
1734907677.9714592,255.0,255.0
1734907677.9729307,255.0,255.0
1734907677.9730916,255.0,255.0
1734907677.973721,255.0,255.0
1734907677.973865,255.0,255.0
1734907677.975386,255.0,255.0
1734907677.9757326,255.0,255.0
1734907677.9765089,255.0,255.0
1734907677.9769754,255.0,255.0
1734907677.9781907,255.0,255.0
1734907677.9785414,255.0,255.0
1734907677.9798453,255.0,255.0
1734907677.979896,255.0,255.0
1734907677.9815044,255.0,255.0
1734907677.9823549,255.0,255.0
1734907677.9839625,255.0,255.0
1734907677.9844275,255.0,255.0
1734907677.986057,255.0,255.0
1734907677.9868112,255.0,255.0
1734907677.9885833,255.0,255.0
1734907677.989427,255.0,255.0
1734907677.9896066,255.0,255.0
1734907677.9906316,255.0,255.0
1734907677.9908724,255.0,255.0
1734907677.993484,255.0,255.0
1734907677.993521,255.0,255.0
1734907677.9949493,255.0,255.0
1734907677.9949605,255.0,255.0
1734907677.9963892,255.0,255.0
1734907677.9964068,255.0,255.0
1734907677.997856,255.0,255.0
1734907677.9980886,255.0,255.0
1734907677.999069,255.0,255.0
1734907677.9990842,255.0,255.0
1734907678.0003567,255.0,255.0
1734907678.0005076,255.0,255.0
1734907678.0019345,255.0,255.0
1734907678.002046,255.0,255.0
1734907678.003553,255.0,255.0
1734907678.0038502,255.0,255.0
1734907678.0050375,255.0,255.0
1734907678.0052385,255.0,255.0
1734907678.0066385,255.0,255.0
1734907678.0066514,255.0,255.0
1734907678.0078945,255.0,255.0
1734907678.0079243,255.0,255.0
1734907678.0101697,255.0,255.0
1734907678.010347,255.0,255.0
1734907678.0121465,255.0,255.0
1734907678.0121806,255.0,255.0
1734907678.013234,255.0,255.0
1734907678.0137837,255.0,255.0
1734907678.014931,255.0,255.0
1734907678.0149505,255.0,255.0
1734907678.0161319,255.0,255.0
1734907678.0162642,255.0,255.0
1734907678.0175273,255.0,255.0
1734907678.0175414,255.0,255.0
1734907678.0187075,255.0,255.0
1734907678.0187511,255.0,255.0
1734907678.020693,255.0,255.0
1734907678.0207183,255.0,255.0
1734907678.0216556,255.0,255.0
1734907678.0216815,255.0,255.0
1734907678.0229356,255.0,255.0
1734907678.0230865,255.0,255.0
1734907678.0245128,255.0,255.0
1734907678.0245705,255.0,255.0
1734907678.0259924,255.0,255.0
1734907678.0260277,255.0,255.0
1734907678.0273957,255.0,255.0
1734907678.0274544,255.0,255.0
1734907678.0291913,255.0,255.0
1734907678.0292127,255.0,255.0
1734907678.0304985,255.0,255.0
1734907678.0306287,255.0,255.0
1734907678.0320818,255.0,255.0
1734907678.0321896,255.0,255.0
1734907678.0332417,255.0,255.0
1734907678.0333853,255.0,255.0
1734907678.0348697,255.0,255.0
1734907678.034911,255.0,255.0
1734907678.036689,255.0,255.0
1734907678.0367336,255.0,255.0
1734907678.0380924,255.0,255.0
1734907678.0384936,255.0,255.0
1734907678.0396938,255.0,255.0
1734907678.039946,255.0,255.0
1734907678.0409248,255.0,255.0
1734907678.041154,255.0,255.0
1734907678.0430138,255.0,255.0
1734907678.0430286,255.0,255.0
1734907678.044165,255.0,255.0
1734907678.0445256,255.0,255.0
1734907678.0464556,255.0,255.0
1734907678.0467432,255.0,255.0
1734907678.0478592,255.0,255.0
1734907678.0479472,255.0,255.0
1734907678.0488183,255.0,255.0
1734907678.0490205,255.0,255.0
1734907678.0498772,255.0,255.0
1734907678.0502021,255.0,255.0
1734907678.0513055,255.0,255.0
1734907678.0515285,255.0,255.0
1734907678.0525398,255.0,255.0
1734907678.0527499,255.0,255.0
1734907678.0543563,255.0,255.0
1734907678.0543678,255.0,255.0
1734907678.0555215,255.0,255.0
1734907678.0558727,255.0,255.0
1734907678.0567997,255.0,255.0
1734907678.0574682,255.0,255.0
1734907678.0582948,255.0,255.0
1734907678.0585122,255.0,255.0
1734907678.0598276,255.0,255.0
1734907678.0598526,255.0,255.0
1734907678.0615036,255.0,255.0
1734907678.0616052,255.0,255.0
1734907678.0630755,255.0,255.0
1734907678.063281,255.0,255.0
1734907678.0646443,255.0,255.0
1734907678.0646775,255.0,255.0
1734907678.0657969,255.0,255.0
1734907678.0659497,255.0,255.0
1734907678.0668976,255.0,255.0
1734907678.067208,255.0,255.0
1734907678.0690863,255.0,255.0
1734907678.0693514,255.0,255.0
1734907678.0704455,255.0,255.0
1734907678.0707772,255.0,255.0
1734907678.0717573,255.0,255.0
1734907678.072173,255.0,255.0
1734907678.0734184,255.0,255.0
1734907678.0744627,255.0,255.0
1734907678.0747955,255.0,255.0
1734907678.0750842,255.0,255.0
1734907678.075887,255.0,255.0
1734907678.0762165,255.0,255.0
1734907678.0775256,255.0,255.0
1734907678.0775485,255.0,255.0
1734907678.0792768,255.0,255.0
1734907678.0793984,255.0,255.0
1734907678.0807447,255.0,255.0
1734907678.081425,255.0,255.0
1734907678.082345,255.0,255.0
1734907678.0825276,255.0,255.0
1734907678.083702,255.0,255.0
1734907678.0837233,255.0,255.0
1734907678.0848505,255.0,255.0
1734907678.0849838,255.0,255.0
1734907678.0865242,255.0,255.0
1734907678.0867488,255.0,255.0
1734907678.0879889,255.0,255.0
1734907678.0881627,255.0,255.0
1734907678.0891366,255.0,255.0
1734907678.0893815,255.0,255.0
1734907678.0916262,255.0,255.0
1734907678.0918016,255.0,255.0
1734907678.093509,255.0,255.0
1734907678.0936146,255.0,255.0
1734907678.0948713,255.0,255.0
1734907678.0949776,255.0,255.0
1734907678.096323,255.0,255.0
1734907678.0966175,255.0,255.0
1734907678.0977814,255.0,255.0
1734907678.0980103,255.0,255.0
1734907678.099288,255.0,255.0
1734907678.0994997,255.0,255.0
1734907678.1011245,255.0,255.0
1734907678.101162,255.0,255.0
1734907678.1026027,255.0,255.0
1734907678.1026294,255.0,255.0
1734907678.1039627,255.0,255.0
1734907678.1041439,255.0,255.0
1734907678.1052477,255.0,255.0
1734907678.1053298,255.0,255.0
1734907678.1078107,255.0,255.0
1734907678.1080194,255.0,255.0
1734907678.1092532,255.0,255.0
1734907678.1092765,255.0,255.0
1734907678.1109846,255.0,255.0
1734907678.1111667,255.0,255.0
1734907678.112349,255.0,255.0
1734907678.112547,255.0,255.0
1734907678.1140323,255.0,255.0
1734907678.114108,255.0,255.0
1734907678.1152532,255.0,255.0
1734907678.1154733,255.0,255.0
1734907678.1167405,255.0,255.0
1734907678.1167731,255.0,255.0
1734907678.1178606,255.0,255.0
1734907678.1182344,255.0,255.0
1734907678.1194463,255.0,255.0
1734907678.1196623,255.0,255.0
1734907678.1210365,255.0,255.0
1734907678.121307,255.0,255.0
1734907678.1225,255.0,255.0
1734907678.1229668,255.0,255.0
1734907678.123767,255.0,255.0
1734907678.124265,255.0,255.0
1734907678.1251621,255.0,255.0
1734907678.1252356,255.0,255.0
1734907678.1266649,255.0,255.0
1734907678.126695,255.0,255.0
1734907678.1281707,255.0,255.0
1734907678.1285148,255.0,255.0
1734907678.1298933,255.0,255.0
1734907678.1299407,255.0,255.0
1734907678.1312456,255.0,255.0
1734907678.131877,255.0,255.0
1734907678.1326406,255.0,255.0
1734907678.1330538,255.0,255.0
1734907678.1341488,255.0,255.0
1734907678.134648,255.0,255.0
1734907678.1357536,255.0,255.0
1734907678.1358914,255.0,255.0
1734907678.137354,255.0,255.0
1734907678.137422,255.0,255.0
1734907678.1386669,255.0,255.0
1734907678.1387029,255.0,255.0
1734907678.1400616,255.0,255.0
1734907678.1400695,255.0,255.0
1734907678.1410942,255.0,255.0
1734907678.1412888,255.0,255.0
1734907678.1423957,255.0,255.0
1734907678.1428208,255.0,255.0
1734907678.1443906,255.0,255.0
1734907678.1444037,255.0,255.0
1734907678.145801,255.0,255.0
1734907678.1462536,255.0,255.0
1734907678.147151,255.0,255.0
1734907678.1472735,255.0,255.0
1734907678.1485074,255.0,255.0
1734907678.1485493,255.0,255.0
1734907678.1495695,255.0,255.0
1734907678.149761,255.0,255.0
1734907678.1508615,255.0,255.0
1734907678.1510878,255.0,255.0
1734907678.1524029,255.0,255.0
1734907678.1525257,255.0,255.0
1734907678.153968,255.0,255.0
1734907678.1542764,255.0,255.0
1734907678.1553986,255.0,255.0
1734907678.1555388,255.0,255.0
1734907678.1577,255.0,255.0
1734907678.157712,255.0,255.0
1734907678.1590822,255.0,255.0
1734907678.1595967,255.0,255.0
1734907678.1608958,255.0,255.0
1734907678.1609917,255.0,255.0
1734907678.1625314,255.0,255.0
1734907678.1625519,255.0,255.0
1734907678.164068,255.0,255.0
1734907678.1642842,255.0,255.0
1734907678.1654294,255.0,255.0
1734907678.1656673,255.0,255.0
1734907678.167121,255.0,255.0
1734907678.1671383,255.0,255.0
1734907678.168564,255.0,255.0
1734907678.1689694,255.0,255.0
1734907678.1700542,255.0,255.0
1734907678.1702125,255.0,255.0
1734907678.171503,255.0,255.0
1734907678.1715646,255.0,255.0
1734907678.1727982,255.0,255.0
1734907678.1728356,255.0,255.0
1734907678.1739461,255.0,255.0
1734907678.174496,255.0,255.0
1734907678.1754992,255.0,255.0
1734907678.1755857,255.0,255.0
1734907678.1768513,255.0,255.0
1734907678.1770296,255.0,255.0
1734907678.178965,255.0,255.0
1734907678.1791627,255.0,255.0
1734907678.1804428,255.0,255.0
1734907678.1809797,255.0,255.0
1734907678.181856,255.0,255.0
1734907678.1819346,255.0,255.0
1734907678.183195,255.0,255.0
1734907678.1833575,255.0,255.0
1734907678.1845145,255.0,255.0
1734907678.1845388,255.0,255.0
1734907678.185966,255.0,255.0
1734907678.1863267,255.0,255.0
1734907678.188257,255.0,255.0
1734907678.1898046,255.0,255.0
1734907678.189829,255.0,255.0
1734907678.1908906,255.0,255.0
1734907678.1911926,255.0,255.0
1734907678.1923664,255.0,255.0
1734907678.1926482,255.0,255.0
1734907678.1942265,255.0,255.0
1734907678.1944807,255.0,255.0
1734907678.1960154,255.0,255.0
1734907678.196485,255.0,255.0
1734907678.197609,255.0,255.0
1734907678.200465,255.0,255.0
1734907678.2011154,255.0,255.0
1734907678.2018592,255.0,255.0
1734907678.2020552,255.0,255.0
1734907678.2037888,255.0,255.0
1734907678.2043428,255.0,255.0
1734907678.2050045,255.0,255.0
1734907678.205024,255.0,255.0
1734907678.2060566,255.0,255.0
1734907678.20682,255.0,255.0
1734907678.2070146,255.0,255.0
1734907678.207842,255.0,255.0
1734907678.2079391,255.0,255.0
1734907678.2092953,255.0,255.0
1734907678.2093742,255.0,255.0
1734907678.210827,255.0,255.0
1734907678.211089,255.0,255.0
1734907678.2122211,255.0,255.0
1734907678.2124345,255.0,255.0
1734907678.2140083,255.0,255.0
1734907678.214109,255.0,255.0
1734907678.215241,255.0,255.0
1734907678.2153049,255.0,255.0
1734907678.216727,255.0,255.0
1734907678.2168405,255.0,255.0
1734907678.218157,255.0,255.0
1734907678.2182279,255.0,255.0
1734907678.219443,255.0,255.0
1734907678.2197015,255.0,255.0
1734907678.2208803,255.0,255.0
1734907678.2210765,255.0,255.0
1734907678.2219207,255.0,255.0
1734907678.222039,255.0,255.0
1734907678.223263,255.0,255.0
1734907678.2236342,255.0,255.0
1734907678.2250059,255.0,255.0
1734907678.2252517,255.0,255.0
1734907678.2265713,255.0,255.0
1734907678.2265885,255.0,255.0
1734907678.2282953,255.0,255.0
1734907678.228362,255.0,255.0
1734907678.2298353,255.0,255.0
1734907678.2300122,255.0,255.0
1734907678.2311149,255.0,255.0
1734907678.2314177,255.0,255.0
1734907678.2328444,255.0,255.0
1734907678.234059,255.0,255.0
1734907678.235754,255.0,255.0
1734907678.235923,255.0,255.0
1734907678.2371209,255.0,255.0
1734907678.2372448,255.0,255.0
1734907678.2384503,255.0,255.0
1734907678.2385511,255.0,255.0
1734907678.239899,255.0,255.0
1734907678.2399733,255.0,255.0
1734907678.2412076,255.0,255.0
1734907678.241368,255.0,255.0
1734907678.2426212,255.0,255.0
1734907678.2426393,255.0,255.0
1734907678.2442427,255.0,255.0
1734907678.24434,255.0,255.0
1734907678.2457721,255.0,255.0
1734907678.2460406,255.0,255.0
1734907678.2472444,255.0,255.0
1734907678.2472737,255.0,255.0
1734907678.248598,255.0,255.0
1734907678.2487342,255.0,255.0
1734907678.2502277,255.0,255.0
1734907678.25058,255.0,255.0
1734907678.2528498,255.0,255.0
1734907678.2532122,255.0,255.0
1734907678.2543232,255.0,255.0
1734907678.2544188,255.0,255.0
1734907678.2555451,255.0,255.0
1734907678.2555523,255.0,255.0
1734907678.257019,255.0,255.0
1734907678.2570474,255.0,255.0
1734907678.2584753,255.0,255.0
1734907678.2585196,255.0,255.0
1734907678.2600093,255.0,255.0
1734907678.2609053,255.0,255.0
1734907678.2619753,255.0,255.0
1734907678.262007,255.0,255.0
1734907678.2631238,255.0,255.0
1734907678.2632608,255.0,255.0
1734907678.2645853,255.0,255.0
1734907678.2650032,255.0,255.0
1734907678.265999,255.0,255.0
1734907678.2660587,255.0,255.0
1734907678.2673142,255.0,255.0
1734907678.267464,255.0,255.0
1734907678.268873,255.0,255.0
1734907678.268982,255.0,255.0
1734907678.270239,255.0,255.0
1734907678.270464,255.0,255.0
1734907678.2716568,255.0,255.0
1734907678.272788,255.0,255.0
1734907678.2740645,255.0,255.0
1734907678.2744899,255.0,255.0
1734907678.2746274,255.0,255.0
1734907678.275735,255.0,255.0
1734907678.2757607,255.0,255.0
1734907678.2771742,255.0,255.0
1734907678.2781742,255.0,255.0
1734907678.2784848,255.0,255.0
1734907678.2790833,255.0,255.0
1734907678.2801688,255.0,255.0
1734907678.280267,255.0,255.0
1734907678.2816176,255.0,255.0
1734907678.281853,255.0,255.0
1734907678.2832112,255.0,255.0
1734907678.283263,255.0,255.0
1734907678.2847319,255.0,255.0
1734907678.2847722,255.0,255.0
1734907678.2870436,255.0,255.0
1734907678.2871642,255.0,255.0
1734907678.2885652,255.0,255.0
1734907678.288581,255.0,255.0
1734907678.2899008,255.0,255.0
1734907678.2899454,255.0,255.0
1734907678.291116,255.0,255.0
1734907678.2912164,255.0,255.0
1734907678.29283,255.0,255.0
1734907678.2930014,255.0,255.0
1734907678.2945566,255.0,255.0
1734907678.2945817,255.0,255.0
1734907678.2959554,255.0,255.0
1734907678.2959867,255.0,255.0
1734907678.2971435,255.0,255.0
1734907678.2973032,255.0,255.0
1734907678.2987263,255.0,255.0
1734907678.2988515,255.0,255.0
1734907678.3003123,255.0,255.0
1734907678.3003433,255.0,255.0
1734907678.3016393,255.0,255.0
1734907678.3017275,255.0,255.0
1734907678.3032625,255.0,255.0
1734907678.3033307,255.0,255.0
1734907678.3047428,255.0,255.0
1734907678.304799,255.0,255.0
1734907678.3059058,255.0,255.0
1734907678.3059459,255.0,255.0
1734907678.3072934,255.0,255.0
1734907678.3073783,255.0,255.0
1734907678.3086462,255.0,255.0
1734907678.3087192,255.0,255.0
1734907678.3100476,255.0,255.0
1734907678.310124,255.0,255.0
1734907678.3117445,255.0,255.0
1734907678.3119273,255.0,255.0
1734907678.3131185,255.0,255.0
1734907678.3133252,255.0,255.0
1734907678.3147244,255.0,255.0
1734907678.3147583,255.0,255.0
1734907678.3161232,255.0,255.0
1734907678.3162868,255.0,255.0
1734907678.3175406,255.0,255.0
1734907678.317575,255.0,255.0
1734907678.3188937,255.0,255.0
1734907678.3189342,255.0,255.0
1734907678.320508,255.0,255.0
1734907678.3205853,255.0,255.0
1734907678.3217242,255.0,255.0
1734907678.3217404,255.0,255.0
1734907678.323557,255.0,255.0
1734907678.3235843,255.0,255.0
1734907678.32504,255.0,255.0
1734907678.3251345,255.0,255.0
1734907678.326645,255.0,255.0
1734907678.326682,255.0,255.0
1734907678.3277903,255.0,255.0
1734907678.3280857,255.0,255.0
1734907678.3295228,255.0,255.0
1734907678.3303323,255.0,255.0
1734907678.331056,255.0,255.0
1734907678.331181,255.0,255.0
1734907678.3323655,255.0,255.0
1734907678.3324885,255.0,255.0
1734907678.3340216,255.0,255.0
1734907678.334043,255.0,255.0
1734907678.3352969,255.0,255.0
1734907678.3353293,255.0,255.0
1734907678.3367872,255.0,255.0
1734907678.3369756,255.0,255.0
1734907678.3382654,255.0,255.0
1734907678.3383698,255.0,255.0
1734907678.339444,255.0,255.0
1734907678.3395176,255.0,255.0
1734907678.3407826,255.0,255.0
1734907678.340799,255.0,255.0
1734907678.3424733,255.0,255.0
1734907678.3426428,255.0,255.0
1734907678.343937,255.0,255.0
1734907678.3440921,255.0,255.0
1734907678.3454175,255.0,255.0
1734907678.3454852,255.0,255.0
1734907678.3466916,255.0,255.0
1734907678.3467894,255.0,255.0
1734907678.3493505,255.0,255.0
1734907678.3493743,255.0,255.0
1734907678.3506446,255.0,255.0
1734907678.3511448,255.0,255.0
1734907678.3521426,255.0,255.0
1734907678.3526425,255.0,255.0
1734907678.3535955,255.0,255.0
1734907678.3537474,255.0,255.0
1734907678.3548884,255.0,255.0
1734907678.3553548,255.0,255.0
1734907678.3567128,255.0,255.0
1734907678.356746,255.0,255.0
1734907678.358074,255.0,255.0
1734907678.35816,255.0,255.0
1734907678.359624,255.0,255.0
1734907678.3597176,255.0,255.0
1734907678.3614457,255.0,255.0
1734907678.3620656,255.0,255.0
1734907678.3627818,255.0,255.0
1734907678.362986,255.0,255.0
1734907678.3641272,255.0,255.0
1734907678.364236,255.0,255.0
1734907678.3653886,255.0,255.0
1734907678.3655524,255.0,255.0
1734907678.3668437,255.0,255.0
1734907678.3669481,255.0,255.0
1734907678.368205,255.0,255.0
1734907678.3682256,255.0,255.0
1734907678.369867,255.0,255.0
1734907678.370169,255.0,255.0
1734907678.3710976,255.0,255.0
1734907678.3711236,255.0,255.0
1734907678.3723292,255.0,255.0
1734907678.372405,255.0,255.0
1734907678.3737712,255.0,255.0
1734907678.3745663,255.0,255.0
1734907678.3756561,255.0,255.0
1734907678.375711,255.0,255.0
1734907678.3769548,255.0,255.0
1734907678.3774452,255.0,255.0
1734907678.378552,255.0,255.0
1734907678.3787007,255.0,255.0
1734907678.380134,255.0,255.0
1734907678.3806152,255.0,255.0
1734907678.3815372,255.0,255.0
1734907678.3815606,255.0,255.0
1734907678.3826506,255.0,255.0
1734907678.382669,255.0,255.0
1734907678.384895,255.0,255.0
1734907678.3849802,255.0,255.0
1734907678.3864002,255.0,255.0
1734907678.3865814,255.0,255.0
1734907678.3884187,255.0,255.0
1734907678.3884552,255.0,255.0
1734907678.3896768,255.0,255.0
1734907678.3898492,255.0,255.0
1734907678.3908422,255.0,255.0
1734907678.391039,255.0,255.0
1734907678.392531,255.0,255.0
1734907678.3925602,255.0,255.0
1734907678.393836,255.0,255.0
1734907678.393998,255.0,255.0
1734907678.3953435,255.0,255.0
1734907678.3954942,255.0,255.0
1734907678.3967094,255.0,255.0
1734907678.3968725,255.0,255.0
1734907678.3983357,255.0,255.0
1734907678.399018,255.0,255.0
1734907678.3998725,255.0,255.0
1734907678.3999238,255.0,255.0
1734907678.40097,255.0,255.0
1734907678.4011166,255.0,255.0
1734907678.4023087,255.0,255.0
1734907678.4023278,255.0,255.0
1734907678.4037075,255.0,255.0
1734907678.4041188,255.0,255.0
1734907678.4052975,255.0,255.0
1734907678.4053407,255.0,255.0
1734907678.4065554,255.0,255.0
1734907678.4066336,255.0,255.0
1734907678.4087923,255.0,255.0
1734907678.4093409,255.0,255.0
1734907678.4099822,255.0,255.0
1734907678.41112,255.0,255.0
1734907678.4116356,255.0,255.0
1734907678.4125419,255.0,255.0
1734907678.412886,255.0,255.0
1734907678.4139302,255.0,255.0
1734907678.4143863,255.0,255.0
1734907678.4147997,255.0,255.0
1734907678.415627,255.0,255.0
1734907678.4158142,255.0,255.0
1734907678.4168355,255.0,255.0
1734907678.4169269,255.0,255.0
1734907678.4183023,255.0,255.0
1734907678.4183555,255.0,255.0
1734907678.4197454,255.0,255.0
1734907678.419844,255.0,255.0
1734907678.4214377,255.0,255.0
1734907678.4214976,255.0,255.0
1734907678.4229393,255.0,255.0
1734907678.4229603,255.0,255.0
1734907678.4241488,255.0,255.0
1734907678.424421,255.0,255.0
1734907678.4256613,255.0,255.0
1734907678.4257486,255.0,255.0
1734907678.4270947,255.0,255.0
1734907678.4271145,255.0,255.0
1734907678.4285595,255.0,255.0
1734907678.4286418,255.0,255.0
1734907678.4298937,255.0,255.0
1734907678.4301562,255.0,255.0
1734907678.4316304,255.0,255.0
1734907678.4316456,255.0,255.0
1734907678.432819,255.0,255.0
1734907678.4328637,255.0,255.0
1734907678.433861,255.0,255.0
1734907678.4338906,255.0,255.0
1734907678.435508,255.0,255.0
1734907678.4358473,255.0,255.0
1734907678.4370542,255.0,255.0
1734907678.4371958,255.0,255.0
1734907678.4381692,255.0,255.0
1734907678.4385087,255.0,255.0
1734907678.4398222,255.0,255.0
1734907678.4406424,255.0,255.0
1734907678.44134,255.0,255.0
1734907678.4415,255.0,255.0
1734907678.44289,255.0,255.0
1734907678.4429414,255.0,255.0
1734907678.4443529,255.0,255.0
1734907678.444546,255.0,255.0
1734907678.4468963,255.0,255.0
1734907678.4469314,255.0,255.0
1734907678.4480572,255.0,255.0
1734907678.4481924,255.0,255.0
1734907678.4493089,255.0,255.0
1734907678.4493232,255.0,255.0
1734907678.4508615,255.0,255.0
1734907678.4509084,255.0,255.0
1734907678.4526749,255.0,255.0
1734907678.4526863,255.0,255.0
1734907678.4540882,255.0,255.0
1734907678.4543521,255.0,255.0
1734907678.4555776,255.0,255.0
1734907678.4556344,255.0,255.0
1734907678.4569309,255.0,255.0
1734907678.4572582,255.0,255.0
1734907678.458221,255.0,255.0
1734907678.4582314,255.0,255.0
1734907678.4598398,255.0,255.0
1734907678.460001,255.0,255.0
1734907678.461387,255.0,255.0
1734907678.4613974,255.0,255.0
1734907678.4630125,255.0,255.0
1734907678.4630356,255.0,255.0
1734907678.4641955,255.0,255.0
1734907678.4642684,255.0,255.0
1734907678.4658039,255.0,255.0
1734907678.465857,255.0,255.0
1734907678.4669068,255.0,255.0
1734907678.4670029,255.0,255.0
1734907678.468185,255.0,255.0
1734907678.468293,255.0,255.0
1734907678.4696465,255.0,255.0
1734907678.4696755,255.0,255.0
1734907678.4712768,255.0,255.0
1734907678.4714112,255.0,255.0
1734907678.4725685,255.0,255.0
1734907678.4729435,255.0,255.0
1734907678.4739013,255.0,255.0
1734907678.4739213,255.0,255.0
1734907678.4752586,255.0,255.0
1734907678.475634,255.0,255.0
1734907678.476956,255.0,255.0
1734907678.4769864,255.0,255.0
1734907678.4783816,255.0,255.0
1734907678.4785469,255.0,255.0
1734907678.479982,255.0,255.0
1734907678.4800475,255.0,255.0
1734907678.4822142,255.0,255.0
1734907678.4822931,255.0,255.0
1734907678.4839673,255.0,255.0
1734907678.4839933,255.0,255.0
1734907678.4852097,255.0,255.0
1734907678.485248,255.0,255.0
1734907678.486769,255.0,255.0
1734907678.4868636,255.0,255.0
1734907678.4881501,255.0,255.0
1734907678.4883716,255.0,255.0
1734907678.489406,255.0,255.0
1734907678.4897058,255.0,255.0
1734907678.4908674,255.0,255.0
1734907678.4909227,255.0,255.0
1734907678.4927247,255.0,255.0
1734907678.492805,255.0,255.0
1734907678.494078,255.0,255.0
1734907678.4941568,255.0,255.0
1734907678.4956036,255.0,255.0
1734907678.4956293,255.0,255.0
1734907678.496723,255.0,255.0
1734907678.4970343,255.0,255.0
1734907678.4983099,255.0,255.0
1734907678.4983525,255.0,255.0
1734907678.4995267,255.0,255.0
1734907678.4996057,255.0,255.0
1734907678.5007927,255.0,255.0
1734907678.5008917,255.0,255.0
1734907678.502329,255.0,255.0
1734907678.5023808,255.0,255.0
1734907678.5037332,255.0,255.0
1734907678.5037737,255.0,255.0
1734907678.5051253,255.0,255.0
1734907678.5052989,255.0,255.0
1734907678.5063574,255.0,255.0
1734907678.506401,255.0,255.0
1734907678.5076926,255.0,255.0
1734907678.5077102,255.0,255.0
1734907678.5090683,255.0,255.0
1734907678.5093112,255.0,255.0
1734907678.510889,255.0,255.0
1734907678.5109692,255.0,255.0
1734907678.512181,255.0,255.0
1734907678.512214,255.0,255.0
1734907678.5134435,255.0,255.0
1734907678.51361,255.0,255.0
1734907678.5149915,255.0,255.0
1734907678.5150807,255.0,255.0
1734907678.516657,255.0,255.0
1734907678.5168169,255.0,255.0
1734907678.517955,255.0,255.0
1734907678.5182846,255.0,255.0
1734907678.5193927,255.0,255.0
1734907678.5196083,255.0,255.0
1734907678.5211935,255.0,255.0
1734907678.5213513,255.0,255.0
1734907678.52247,255.0,255.0
1734907678.5224962,255.0,255.0
1734907678.523443,255.0,255.0
1734907678.5249743,255.0,255.0
1734907678.5260499,255.0,255.0
1734907678.5265532,255.0,255.0
1734907678.527343,255.0,255.0
1734907678.5281374,255.0,255.0
1734907678.5286996,255.0,255.0
1734907678.5298412,255.0,255.0
1734907678.530023,255.0,255.0
1734907678.5311615,255.0,255.0
1734907678.5311859,255.0,255.0
1734907678.532245,255.0,255.0
1734907678.5323253,255.0,255.0
1734907678.533977,255.0,255.0
1734907678.5341842,255.0,255.0
1734907678.5354614,255.0,255.0
1734907678.5357947,255.0,255.0
1734907678.5370393,255.0,255.0
1734907678.5371656,255.0,255.0
1734907678.5386531,255.0,255.0
1734907678.5389016,255.0,255.0
1734907678.5397751,255.0,255.0
1734907678.540292,255.0,255.0
1734907678.541195,255.0,255.0
1734907678.5412745,255.0,255.0
1734907678.543788,255.0,255.0
1734907678.5438588,255.0,255.0
1734907678.545267,255.0,255.0
1734907678.5452867,255.0,255.0
1734907678.5465732,255.0,255.0
1734907678.5468314,255.0,255.0
1734907678.5480826,255.0,255.0
1734907678.5482898,255.0,255.0
1734907678.549307,255.0,255.0
1734907678.549407,255.0,255.0
1734907678.5512307,255.0,255.0
1734907678.551258,255.0,255.0
1734907678.552702,255.0,255.0
1734907678.5528314,255.0,255.0
1734907678.5541203,255.0,255.0
1734907678.5541902,255.0,255.0
1734907678.5554755,255.0,255.0
1734907678.555509,255.0,255.0
1734907678.5565143,255.0,255.0
1734907678.556787,255.0,255.0
1734907678.558137,255.0,255.0
1734907678.5589547,255.0,255.0
1734907678.5599644,255.0,255.0
1734907678.559988,255.0,255.0
1734907678.5610445,255.0,255.0
1734907678.5612724,255.0,255.0
1734907678.5627964,255.0,255.0
1734907678.5628335,255.0,255.0
1734907678.5645003,255.0,255.0
1734907678.5658538,255.0,255.0
1734907678.5662484,255.0,255.0
1734907678.567028,255.0,255.0
1734907678.5678713,255.0,255.0
1734907678.5683289,255.0,255.0
1734907678.5687473,255.0,255.0
1734907678.5702899,255.0,255.0
1734907678.57031,255.0,255.0
1734907678.5718403,255.0,255.0
1734907678.571886,255.0,255.0
1734907678.5729465,255.0,255.0
1734907678.5729594,255.0,255.0
1734907678.5745213,255.0,255.0
1734907678.5748198,255.0,255.0
1734907678.575952,255.0,255.0
1734907678.576846,255.0,255.0
1734907678.5776498,255.0,255.0
1734907678.5778496,255.0,255.0
1734907678.580478,255.0,255.0
1734907678.5806668,255.0,255.0
1734907678.581523,255.0,255.0
1734907678.5816972,255.0,255.0
1734907678.5830727,255.0,255.0
1734907678.5831065,255.0,255.0
1734907678.5845451,255.0,255.0
1734907678.584629,255.0,255.0
1734907678.586041,255.0,255.0
1734907678.5862682,255.0,255.0
1734907678.5873377,255.0,255.0
1734907678.587517,255.0,255.0
1734907678.5888762,255.0,255.0
1734907678.5889022,255.0,255.0
1734907678.589967,255.0,255.0
1734907678.5902476,255.0,255.0
1734907678.592499,255.0,255.0
1734907678.5929544,255.0,255.0
1734907678.5936923,255.0,255.0
1734907678.594112,255.0,255.0
1734907678.595787,255.0,255.0
1734907678.5960014,255.0,255.0
1734907678.597216,255.0,255.0
1734907678.5974312,255.0,255.0
1734907678.5988393,255.0,255.0
1734907678.5988696,255.0,255.0
1734907678.6000452,255.0,255.0
1734907678.600075,255.0,255.0
1734907678.6010501,255.0,255.0
1734907678.6010964,255.0,255.0
1734907678.6026843,255.0,255.0
1734907678.602695,255.0,255.0
1734907678.604158,255.0,255.0
1734907678.6041987,255.0,255.0
1734907678.6053023,255.0,255.0
1734907678.6055233,255.0,255.0
1734907678.6068318,255.0,255.0
1734907678.6068444,255.0,255.0
1734907678.6079948,255.0,255.0
1734907678.6082034,255.0,255.0
1734907678.6095846,255.0,255.0
1734907678.6098301,255.0,255.0
1734907678.6113348,255.0,255.0
1734907678.611475,255.0,255.0
1734907678.6126945,255.0,255.0
1734907678.6128478,255.0,255.0
1734907678.6140199,255.0,255.0
1734907678.6144006,255.0,255.0
1734907678.6155267,255.0,255.0
1734907678.6158395,255.0,255.0
1734907678.6171572,255.0,255.0
1734907678.6172895,255.0,255.0
1734907678.618512,255.0,255.0
1734907678.6187856,255.0,255.0
1734907678.6202533,255.0,255.0
1734907678.6203308,255.0,255.0
1734907678.6216063,255.0,255.0
1734907678.6216862,255.0,255.0
1734907678.6227992,255.0,255.0
1734907678.6228728,255.0,255.0
1734907678.6239088,255.0,255.0
1734907678.6241817,255.0,255.0
1734907678.6256952,255.0,255.0
1734907678.6260087,255.0,255.0
1734907678.627112,255.0,255.0
1734907678.627139,255.0,255.0
1734907678.6287646,255.0,255.0
1734907678.6287925,255.0,255.0
1734907678.6305037,255.0,255.0
1734907678.6311781,255.0,255.0
1734907678.631565,255.0,255.0
1734907678.6321898,255.0,255.0
1734907678.6330535,255.0,255.0
1734907678.6334054,255.0,255.0
1734907678.6345446,255.0,255.0
1734907678.6353865,255.0,255.0
1734907678.63605,255.0,255.0
1734907678.636616,255.0,255.0
1734907678.6374555,255.0,255.0
1734907678.6378732,255.0,255.0
1734907678.6386619,255.0,255.0
1734907678.6388357,255.0,255.0
1734907678.6401093,255.0,255.0
1734907678.640277,255.0,255.0
1734907678.6414156,255.0,255.0
1734907678.6420996,255.0,255.0
1734907678.6434839,255.0,255.0
1734907678.6435227,255.0,255.0
1734907678.6450684,255.0,255.0
1734907678.6451051,255.0,255.0
1734907678.6465416,255.0,255.0
1734907678.646658,255.0,255.0
1734907678.6477258,255.0,255.0
1734907678.6481311,255.0,255.0
1734907678.6493573,255.0,255.0
1734907678.649497,255.0,255.0
1734907678.650596,255.0,255.0
1734907678.650928,255.0,255.0
1734907678.652181,255.0,255.0
1734907678.6525013,255.0,255.0
1734907678.6536748,255.0,255.0
1734907678.6536996,255.0,255.0
1734907678.6549926,255.0,255.0
1734907678.655009,255.0,255.0
1734907678.656605,255.0,255.0
1734907678.6572561,255.0,255.0
1734907678.6578147,255.0,255.0
1734907678.6589777,255.0,255.0
1734907678.659202,255.0,255.0
1734907678.660038,255.0,255.0
1734907678.6606185,255.0,255.0
1734907678.6620865,255.0,255.0
1734907678.6626444,255.0,255.0
1734907678.6636026,255.0,255.0
1734907678.663756,255.0,255.0
1734907678.6649728,255.0,255.0
1734907678.6651258,255.0,255.0
1734907678.6663995,255.0,255.0
1734907678.666586,255.0,255.0
1734907678.6679516,255.0,255.0
1734907678.6680658,255.0,255.0
1734907678.6691988,255.0,255.0
1734907678.6695228,255.0,255.0
1734907678.6706803,255.0,255.0
1734907678.6708176,255.0,255.0
1734907678.6717448,255.0,255.0
1734907678.6721056,255.0,255.0
1734907678.673328,255.0,255.0
1734907678.673387,255.0,255.0
1734907678.6746035,255.0,255.0
1734907678.674694,255.0,255.0
1734907678.6774898,255.0,255.0
1734907678.6775303,255.0,255.0
1734907678.678903,255.0,255.0
1734907678.6790013,255.0,255.0
1734907678.680192,255.0,255.0
1734907678.6804185,255.0,255.0
1734907678.6820583,255.0,255.0
1734907678.682882,255.0,255.0
1734907678.6836867,255.0,255.0
1734907678.684234,255.0,255.0
1734907678.6848931,255.0,255.0
1734907678.686079,255.0,255.0
1734907678.686217,255.0,255.0
1734907678.6883934,255.0,255.0
1734907678.688659,255.0,255.0
1734907678.6899297,255.0,255.0
1734907678.6900198,255.0,255.0
1734907678.6909697,255.0,255.0
1734907678.6912441,255.0,255.0
1734907678.6922288,255.0,255.0
1734907678.6925147,255.0,255.0
1734907678.6937144,255.0,255.0
1734907678.6939406,255.0,255.0
1734907678.6951025,255.0,255.0
1734907678.6953518,255.0,255.0
1734907678.6970258,255.0,255.0
1734907678.6970606,255.0,255.0
1734907678.6981134,255.0,255.0
1734907678.6982474,255.0,255.0
1734907678.6999114,255.0,255.0
1734907678.6999688,255.0,255.0
1734907678.7015429,255.0,255.0
1734907678.701998,255.0,255.0
1734907678.7031066,255.0,255.0
1734907678.7032504,255.0,255.0
1734907678.7043793,255.0,255.0
1734907678.7044208,255.0,255.0
1734907678.705548,255.0,255.0
1734907678.7055955,255.0,255.0
1734907678.7073405,255.0,255.0
1734907678.7074661,255.0,255.0
1734907678.708861,255.0,255.0
1734907678.7089586,255.0,255.0
1734907678.710243,255.0,255.0
1734907678.710403,255.0,255.0
1734907678.7114978,255.0,255.0
1734907678.7116208,255.0,255.0
1734907678.7129412,255.0,255.0
1734907678.7131197,255.0,255.0
1734907678.7144911,255.0,255.0
1734907678.7146862,255.0,255.0
1734907678.7160208,255.0,255.0
1734907678.716046,255.0,255.0
1734907678.7175653,255.0,255.0
1734907678.7176082,255.0,255.0
1734907678.719255,255.0,255.0
1734907678.7196126,255.0,255.0
1734907678.720593,255.0,255.0
1734907678.7206886,255.0,255.0
1734907678.7216053,255.0,255.0
1734907678.7219474,255.0,255.0
1734907678.722948,255.0,255.0
1734907678.7232049,255.0,255.0
1734907678.7244515,255.0,255.0
1734907678.7250338,255.0,255.0
1734907678.726213,255.0,255.0
1734907678.726396,255.0,255.0
1734907678.727806,255.0,255.0
1734907678.7281353,255.0,255.0
1734907678.729199,255.0,255.0
1734907678.7294915,255.0,255.0
1734907678.7305079,255.0,255.0
1734907678.7305207,255.0,255.0
1734907678.7315722,255.0,255.0
1734907678.731978,255.0,255.0
1734907678.7330046,255.0,255.0
1734907678.7334414,255.0,255.0
1734907678.7345018,255.0,255.0
1734907678.734572,255.0,255.0
1734907678.7360013,255.0,255.0
1734907678.7363176,255.0,255.0
1734907678.7389042,255.0,255.0
1734907678.7389412,255.0,255.0
1734907678.7400415,255.0,255.0
1734907678.740306,255.0,255.0
1734907678.741612,255.0,255.0
1734907678.7418272,255.0,255.0
1734907678.7431004,255.0,255.0
1734907678.7431817,255.0,255.0
1734907678.7444787,255.0,255.0
1734907678.745078,255.0,255.0
1734907678.746054,255.0,255.0
1734907678.7470994,255.0,255.0
1734907678.7474568,255.0,255.0
1734907678.7485495,255.0,255.0
1734907678.7491121,255.0,255.0
1734907678.7500396,255.0,255.0
1734907678.7504911,255.0,255.0
1734907678.751209,255.0,255.0
1734907678.7519581,255.0,255.0
1734907678.7524219,255.0,255.0
1734907678.75331,255.0,255.0
1734907678.7534497,255.0,255.0
1734907678.754562,255.0,255.0
1734907678.754606,255.0,255.0
1734907678.755989,255.0,255.0
1734907678.755998,255.0,255.0
1734907678.7573645,255.0,255.0
1734907678.7574387,255.0,255.0
1734907678.7590048,255.0,255.0
1734907678.7590992,255.0,255.0
1734907678.760391,255.0,255.0
1734907678.760533,255.0,255.0
1734907678.762008,255.0,255.0
1734907678.7620323,255.0,255.0
1734907678.7633216,255.0,255.0
1734907678.7634006,255.0,255.0
1734907678.7645707,255.0,255.0
1734907678.7646945,255.0,255.0
1734907678.765673,255.0,255.0
1734907678.766003,255.0,255.0
1734907678.7671525,255.0,255.0
1734907678.767749,255.0,255.0
1734907678.768703,255.0,255.0
1734907678.7687278,255.0,255.0
1734907678.7702157,255.0,255.0
1734907678.7704484,255.0,255.0
1734907678.771833,255.0,255.0
1734907678.7719731,255.0,255.0
1734907678.7733243,255.0,255.0
1734907678.7733593,255.0,255.0
1734907678.775704,255.0,255.0
1734907678.7758472,255.0,255.0
1734907678.777157,255.0,255.0
1734907678.7771862,255.0,255.0
1734907678.778537,255.0,255.0
1734907678.7786026,255.0,255.0
1734907678.7799695,255.0,255.0
1734907678.7800758,255.0,255.0
1734907678.7814481,255.0,255.0
1734907678.7815754,255.0,255.0
1734907678.783133,255.0,255.0
1734907678.7833507,255.0,255.0
1734907678.784422,255.0,255.0
1734907678.7850761,255.0,255.0
1734907678.7860649,255.0,255.0
1734907678.7862365,255.0,255.0
1734907678.7871673,255.0,255.0
1734907678.7873259,255.0,255.0
1734907678.788601,255.0,255.0
1734907678.7886229,255.0,255.0
1734907678.7898831,255.0,255.0
1734907678.7899592,255.0,255.0
1734907678.7918694,255.0,255.0
1734907678.7921472,255.0,255.0
1734907678.7931685,255.0,255.0
1734907678.7941697,255.0,255.0
1734907678.7945094,255.0,255.0
1734907678.7958493,255.0,255.0
1734907678.7959,255.0,255.0
1734907678.7974675,255.0,255.0
1734907678.798518,255.0,255.0
1734907678.7987676,255.0,255.0
1734907678.7994792,255.0,255.0
1734907678.8001204,255.0,255.0
1734907678.8003476,255.0,255.0
1734907678.8014324,255.0,255.0
1734907678.8018804,255.0,255.0
1734907678.8034403,255.0,255.0
1734907678.8035586,255.0,255.0
1734907678.804896,255.0,255.0
1734907678.804924,255.0,255.0
1734907678.8062596,255.0,255.0
1734907678.8069382,255.0,255.0
1734907678.8077865,255.0,255.0
1734907678.8080637,255.0,255.0
1734907678.8092694,255.0,255.0
1734907678.8097172,255.0,255.0
1734907678.8107588,255.0,255.0
1734907678.8108494,255.0,255.0
1734907678.8122427,255.0,255.0
1734907678.8123386,255.0,255.0
1734907678.8137932,255.0,255.0
1734907678.8140779,255.0,255.0
1734907678.8150089,255.0,255.0
1734907678.8153896,255.0,255.0
1734907678.8164587,255.0,255.0
1734907678.8164818,255.0,255.0
1734907678.8176768,255.0,255.0
1734907678.817862,255.0,255.0
1734907678.8193493,255.0,255.0
1734907678.8198595,255.0,255.0
1734907678.8206782,255.0,255.0
1734907678.8209324,255.0,255.0
1734907678.8219993,255.0,255.0
1734907678.8220255,255.0,255.0
1734907678.8233035,255.0,255.0
1734907678.8233583,255.0,255.0
1734907678.824801,255.0,255.0
1734907678.8250675,255.0,255.0
1734907678.8272502,255.0,255.0
1734907678.8274267,255.0,255.0
1734907678.8285942,255.0,255.0
1734907678.8287232,255.0,255.0
1734907678.829938,255.0,255.0
1734907678.830139,255.0,255.0
1734907678.831181,255.0,255.0
1734907678.831234,255.0,255.0
1734907678.8337338,255.0,255.0
1734907678.8337576,255.0,255.0
1734907678.8354278,255.0,255.0
1734907678.8354454,255.0,255.0
1734907678.83694,255.0,255.0
1734907678.8370423,255.0,255.0
1734907678.8385663,255.0,255.0
1734907678.8385808,255.0,255.0
1734907678.8398216,255.0,255.0
1734907678.8401089,255.0,255.0
1734907678.841487,255.0,255.0
1734907678.8419247,255.0,255.0
1734907678.8429556,255.0,255.0
1734907678.842994,255.0,255.0
1734907678.8443947,255.0,255.0
1734907678.8444126,255.0,255.0
1734907678.8457294,255.0,255.0
1734907678.8459592,255.0,255.0
1734907678.8470092,255.0,255.0
1734907678.847262,255.0,255.0
1734907678.8485432,255.0,255.0
1734907678.849235,255.0,255.0
1734907678.849833,255.0,255.0
1734907678.851872,255.0,255.0
1734907678.8519084,255.0,255.0
1734907678.8527105,255.0,255.0
1734907678.8528345,255.0,255.0
1734907678.8542902,255.0,255.0
1734907678.8545263,255.0,255.0
1734907678.8554776,255.0,255.0
1734907678.855509,255.0,255.0
1734907678.8568027,255.0,255.0
1734907678.8570309,255.0,255.0
1734907678.8583996,255.0,255.0
1734907678.8585968,255.0,255.0
1734907678.8600914,255.0,255.0
1734907678.8601086,255.0,255.0
1734907678.861241,255.0,255.0
1734907678.861415,255.0,255.0
1734907678.8629873,255.0,255.0
1734907678.8630116,255.0,255.0
1734907678.864443,255.0,255.0
1734907678.864488,255.0,255.0
1734907678.8658023,255.0,255.0
1734907678.8659666,255.0,255.0
1734907678.8669937,255.0,255.0
1734907678.867028,255.0,255.0
1734907678.8685837,255.0,255.0
1734907678.8686323,255.0,255.0
1734907678.8700395,255.0,255.0
1734907678.8702846,255.0,255.0
1734907678.8715808,255.0,255.0
1734907678.8717752,255.0,255.0
1734907678.8729508,255.0,255.0
1734907678.8730543,255.0,255.0
1734907678.874579,255.0,255.0
1734907678.8747315,255.0,255.0
1734907678.8763738,255.0,255.0
1734907678.8764696,255.0,255.0
1734907678.877566,255.0,255.0
1734907678.8776965,255.0,255.0
1734907678.8791513,255.0,255.0
1734907678.879194,255.0,255.0
1734907678.8806236,255.0,255.0
1734907678.8809562,255.0,255.0
1734907678.8821294,255.0,255.0
1734907678.882159,255.0,255.0
1734907678.883362,255.0,255.0
1734907678.8834105,255.0,255.0
1734907678.8847363,255.0,255.0
1734907678.8847528,255.0,255.0
1734907678.8863342,255.0,255.0
1734907678.8865912,255.0,255.0
1734907678.887657,255.0,255.0
1734907678.8877978,255.0,255.0
1734907678.888793,255.0,255.0
1734907678.889052,255.0,255.0
1734907678.8906963,255.0,255.0
1734907678.89078,255.0,255.0
1734907678.892677,255.0,255.0
1734907678.8927152,255.0,255.0
1734907678.8940203,255.0,255.0
1734907678.8941796,255.0,255.0
1734907678.8956075,255.0,255.0
1734907678.8956404,255.0,255.0
1734907678.8967621,255.0,255.0
1734907678.8968391,255.0,255.0
1734907678.8981194,255.0,255.0
1734907678.8987792,255.0,255.0
1734907678.8998196,255.0,255.0
1734907678.9003558,255.0,255.0
1734907678.901256,255.0,255.0
1734907678.9015045,255.0,255.0
1734907678.9025567,255.0,255.0
1734907678.9028149,255.0,255.0
1734907678.9044104,255.0,255.0
1734907678.9044423,255.0,255.0
1734907678.9055178,255.0,255.0
1734907678.9055765,255.0,255.0
1734907678.9066472,255.0,255.0
1734907678.9067476,255.0,255.0
1734907678.9086406,255.0,255.0
1734907678.9086833,255.0,255.0
1734907678.9099867,255.0,255.0
1734907678.9100604,255.0,255.0
1734907678.9115725,255.0,255.0
1734907678.9117606,255.0,255.0
1734907678.9130914,255.0,255.0
1734907678.9131062,255.0,255.0
1734907678.9142692,255.0,255.0
1734907678.9146507,255.0,255.0
1734907678.9157515,255.0,255.0
1734907678.9158843,255.0,255.0
1734907678.9170983,255.0,255.0
1734907678.9171867,255.0,255.0
1734907678.918566,255.0,255.0
1734907678.9185925,255.0,255.0
1734907678.920053,255.0,255.0
1734907678.9200847,255.0,255.0
1734907678.922045,255.0,255.0
1734907678.9221897,255.0,255.0
1734907678.9237993,255.0,255.0
1734907678.924567,255.0,255.0
1734907678.9254146,255.0,255.0
1734907678.9258482,255.0,255.0
1734907678.9269671,255.0,255.0
1734907678.927181,255.0,255.0
1734907678.9284928,255.0,255.0
1734907678.9287503,255.0,255.0
1734907678.9305625,255.0,255.0
1734907678.9312005,255.0,255.0
1734907678.9324508,255.0,255.0
1734907678.932514,255.0,255.0
1734907678.9342577,255.0,255.0
1734907678.934473,255.0,255.0
1734907678.9364445,255.0,255.0
1734907678.9377031,255.0,255.0
1734907678.9384775,255.0,255.0
1734907678.9396386,255.0,255.0
1734907678.9399824,255.0,255.0
1734907678.9410868,255.0,255.0
1734907678.9414585,255.0,255.0
1734907678.9426742,255.0,255.0
1734907678.9430969,255.0,255.0
1734907678.9443645,255.0,255.0
1734907678.9466217,255.0,255.0
1734907678.9472544,255.0,255.0
1734907678.948266,255.0,255.0
1734907678.9492252,255.0,255.0
1734907678.9504118,255.0,255.0
1734907678.9517634,255.0,255.0
1734907678.9535515,255.0,255.0
1734907678.9536593,255.0,255.0
1734907678.9548476,255.0,255.0
1734907678.9551508,255.0,255.0
1734907678.9556773,255.0,255.0
1734907678.9562223,255.0,255.0
1734907678.956271,255.0,255.0
1734907678.9575038,255.0,255.0
1734907678.9576905,255.0,255.0
1734907678.959289,255.0,255.0
1734907678.9593396,255.0,255.0
1734907678.9604614,255.0,255.0
1734907678.9606254,255.0,255.0
1734907678.9620717,255.0,255.0
1734907678.962337,255.0,255.0
1734907678.9639645,255.0,255.0
1734907678.9639935,255.0,255.0
1734907678.96554,255.0,255.0
1734907678.9655654,255.0,255.0
1734907678.9668581,255.0,255.0
1734907678.9669056,255.0,255.0
1734907678.9686272,255.0,255.0
1734907678.9689536,255.0,255.0
1734907678.9700146,255.0,255.0
1734907678.9700375,255.0,255.0
1734907678.971508,255.0,255.0
1734907678.971544,255.0,255.0
1734907678.9734435,255.0,255.0
1734907678.97353,255.0,255.0
1734907678.975383,255.0,255.0
1734907678.975411,255.0,255.0
1734907678.9768312,255.0,255.0
1734907678.9771585,255.0,255.0
1734907678.9780402,255.0,255.0
1734907678.9785635,255.0,255.0
1734907678.9797423,255.0,255.0
1734907678.979867,255.0,255.0
1734907678.981058,255.0,255.0
1734907678.9812422,255.0,255.0
1734907678.9823778,255.0,255.0
1734907678.9825065,255.0,255.0
1734907678.9835868,255.0,255.0
1734907678.9839854,255.0,255.0
1734907678.9852679,255.0,255.0
1734907678.985354,255.0,255.0
1734907678.9870787,255.0,255.0
1734907678.9871125,255.0,255.0
1734907678.9879959,255.0,255.0
1734907678.9882615,255.0,255.0
1734907678.9894338,255.0,255.0
1734907678.9896092,255.0,255.0
1734907678.9909039,255.0,255.0
1734907678.9909356,255.0,255.0
1734907678.9926257,255.0,255.0
1734907678.9927902,255.0,255.0
1734907678.9943428,255.0,255.0
1734907678.9944282,255.0,255.0
1734907678.9962106,255.0,255.0
1734907678.9962387,255.0,255.0
1734907678.9976728,255.0,255.0
1734907678.9977114,255.0,255.0
1734907678.9988782,255.0,255.0
1734907678.9989264,255.0,255.0
1734907679.0002706,255.0,255.0
1734907679.0004559,255.0,255.0
1734907679.0017214,255.0,255.0
1734907679.0018106,255.0,255.0
1734907679.003122,255.0,255.0
1734907679.0031567,255.0,255.0
1734907679.00551,255.0,255.0
1734907679.0055294,255.0,255.0
1734907679.0061598,255.0,255.0
1734907679.006241,255.0,255.0
1734907679.0070858,255.0,255.0
1734907679.007125,255.0,255.0
1734907679.0085776,255.0,255.0
1734907679.0093062,255.0,255.0
1734907679.0102131,255.0,255.0
1734907679.010657,255.0,255.0
1734907679.0116484,255.0,255.0
1734907679.0117116,255.0,255.0
1734907679.0131118,255.0,255.0
1734907679.0133247,255.0,255.0
1734907679.014505,255.0,255.0
1734907679.0146613,255.0,255.0
1734907679.0160859,255.0,255.0
1734907679.0174305,255.0,255.0
1734907679.0189257,255.0,255.0
1734907679.0196314,255.0,255.0
1734907679.0204372,255.0,255.0
1734907679.0208678,255.0,255.0
1734907679.0214982,255.0,255.0
1734907679.0218287,255.0,255.0
1734907679.0228748,255.0,255.0
1734907679.0230374,255.0,255.0
1734907679.0242047,255.0,255.0
1734907679.0243118,255.0,255.0
1734907679.027411,255.0,255.0
1734907679.0274472,255.0,255.0
1734907679.0288305,255.0,255.0
1734907679.0288875,255.0,255.0
1734907679.0302365,255.0,255.0
1734907679.0303106,255.0,255.0
1734907679.0317848,255.0,255.0
1734907679.0320134,255.0,255.0
1734907679.033277,255.0,255.0
1734907679.0333176,255.0,255.0
1734907679.0348852,255.0,255.0
1734907679.0349116,255.0,255.0
1734907679.03584,255.0,255.0
1734907679.0361006,255.0,255.0
1734907679.0377214,255.0,255.0
1734907679.0377822,255.0,255.0
1734907679.0388396,255.0,255.0
1734907679.0390544,255.0,255.0
1734907679.0402343,255.0,255.0
1734907679.040542,255.0,255.0
1734907679.0417912,255.0,255.0
1734907679.0421405,255.0,255.0
1734907679.04359,255.0,255.0
1734907679.0436404,255.0,255.0
1734907679.0452278,255.0,255.0
1734907679.0452871,255.0,255.0
1734907679.0466375,255.0,255.0
1734907679.0468104,255.0,255.0
1734907679.0482128,255.0,255.0
1734907679.0483527,255.0,255.0
1734907679.0497196,255.0,255.0
1734907679.05008,255.0,255.0
1734907679.0510626,255.0,255.0
1734907679.0510845,255.0,255.0
1734907679.0525763,255.0,255.0
1734907679.0525992,255.0,255.0
1734907679.0542467,255.0,255.0
1734907679.054392,255.0,255.0
1734907679.0553725,255.0,255.0
1734907679.055444,255.0,255.0
1734907679.056803,255.0,255.0
1734907679.056828,255.0,255.0
1734907679.058577,255.0,255.0
1734907679.0587113,255.0,255.0
1734907679.060492,255.0,255.0
1734907679.0605338,255.0,255.0
1734907679.06154,255.0,255.0
1734907679.061671,255.0,255.0
1734907679.06346,255.0,255.0
1734907679.0635097,255.0,255.0
1734907679.0648048,255.0,255.0
1734907679.0649593,255.0,255.0
1734907679.0662224,255.0,255.0
1734907679.0664175,255.0,255.0
1734907679.0687175,255.0,255.0
1734907679.0687416,255.0,255.0
1734907679.0702167,255.0,255.0
1734907679.0704455,255.0,255.0
1734907679.0718484,255.0,255.0
1734907679.0719364,255.0,255.0
1734907679.0729294,255.0,255.0
1734907679.0732355,255.0,255.0
1734907679.0743756,255.0,255.0
1734907679.0749621,255.0,255.0
1734907679.0757902,255.0,255.0
1734907679.0758085,255.0,255.0
1734907679.0772421,255.0,255.0
1734907679.0774195,255.0,255.0
1734907679.0790565,255.0,255.0
1734907679.079092,255.0,255.0
1734907679.0809278,255.0,255.0
1734907679.0813448,255.0,255.0
1734907679.0824401,255.0,255.0
1734907679.0825768,255.0,255.0
1734907679.0835192,255.0,255.0
1734907679.0837407,255.0,255.0
1734907679.0852432,255.0,255.0
1734907679.0852854,255.0,255.0
1734907679.086766,255.0,255.0
1734907679.086806,255.0,255.0
1734907679.087853,255.0,255.0
1734907679.0878692,255.0,255.0
1734907679.0891225,255.0,255.0
1734907679.0892777,255.0,255.0
1734907679.0905006,255.0,255.0
1734907679.0910378,255.0,255.0
1734907679.092171,255.0,255.0
1734907679.0923717,255.0,255.0
1734907679.093968,255.0,255.0
1734907679.0950844,255.0,255.0
1734907679.0954597,255.0,255.0
1734907679.0964046,255.0,255.0
1734907679.0968304,255.0,255.0
1734907679.0977,255.0,255.0
1734907679.0985446,255.0,255.0
1734907679.0997894,255.0,255.0
1734907679.0999415,255.0,255.0
1734907679.1010785,255.0,255.0
1734907679.1019795,255.0,255.0
1734907679.1021543,255.0,255.0
1734907679.1030517,255.0,255.0
1734907679.1033943,255.0,255.0
1734907679.1045442,255.0,255.0
1734907679.1045728,255.0,255.0
1734907679.1057029,255.0,255.0
1734907679.1061585,255.0,255.0
1734907679.1070344,255.0,255.0
1734907679.107173,255.0,255.0
1734907679.1084642,255.0,255.0
1734907679.1085398,255.0,255.0
1734907679.1104167,255.0,255.0
1734907679.1105015,255.0,255.0
1734907679.1117866,255.0,255.0
1734907679.1122732,255.0,255.0
1734907679.1130176,255.0,255.0
1734907679.1133854,255.0,255.0
1734907679.1146057,255.0,255.0
1734907679.1146338,255.0,255.0
1734907679.1158795,255.0,255.0
1734907679.1160476,255.0,255.0
1734907679.1173532,255.0,255.0
1734907679.1182578,255.0,255.0
1734907679.1199083,255.0,255.0
1734907679.1199665,255.0,255.0
1734907679.1210997,255.0,255.0
1734907679.1212578,255.0,255.0
1734907679.1241071,255.0,255.0
1734907679.12414,255.0,255.0
1734907679.125402,255.0,255.0
1734907679.1256852,255.0,255.0
1734907679.1267304,255.0,255.0
1734907679.1274068,255.0,255.0
1734907679.1281195,255.0,255.0
1734907679.1286194,255.0,255.0
1734907679.1299806,255.0,255.0
1734907679.1300943,255.0,255.0
1734907679.1311228,255.0,255.0
1734907679.1321428,255.0,255.0
1734907679.132498,255.0,255.0
1734907679.133038,255.0,255.0
1734907679.1338456,255.0,255.0
1734907679.1341941,255.0,255.0
1734907679.1357098,255.0,255.0
1734907679.1359837,255.0,255.0
1734907679.1371903,255.0,255.0
1734907679.1372232,255.0,255.0
1734907679.1382077,255.0,255.0
1734907679.1386588,255.0,255.0
1734907679.1396523,255.0,255.0
1734907679.1400855,255.0,255.0
1734907679.1422377,255.0,255.0
1734907679.1428103,255.0,255.0
1734907679.14334,255.0,255.0
1734907679.1441882,255.0,255.0
1734907679.144459,255.0,255.0
1734907679.1457818,255.0,255.0
1734907679.1458058,255.0,255.0
1734907679.1470082,255.0,255.0
1734907679.1473894,255.0,255.0
1734907679.1483374,255.0,255.0
1734907679.1485875,255.0,255.0
1734907679.1498096,255.0,255.0
1734907679.1498318,255.0,255.0
1734907679.1511562,255.0,255.0
1734907679.1511834,255.0,255.0
1734907679.1526122,255.0,255.0
1734907679.152644,255.0,255.0
1734907679.154555,255.0,255.0
1734907679.1546001,255.0,255.0
1734907679.1558604,255.0,255.0
1734907679.1562645,255.0,255.0
1734907679.1576552,255.0,255.0
1734907679.1585135,255.0,255.0
1734907679.1594145,255.0,255.0
1734907679.159716,255.0,255.0
1734907679.160783,255.0,255.0
1734907679.1612072,255.0,255.0
1734907679.1624424,255.0,255.0
1734907679.1625874,255.0,255.0
1734907679.1635277,255.0,255.0
1734907679.1636732,255.0,255.0
1734907679.164879,255.0,255.0
1734907679.1650074,255.0,255.0
1734907679.1662452,255.0,255.0
1734907679.1665273,255.0,255.0
1734907679.1677303,255.0,255.0
1734907679.1679568,255.0,255.0
1734907679.1691208,255.0,255.0
1734907679.1695924,255.0,255.0
1734907679.1709325,255.0,255.0
1734907679.171305,255.0,255.0
1734907679.1718314,255.0,255.0
1734907679.1721144,255.0,255.0
1734907679.1734412,255.0,255.0
1734907679.1734834,255.0,255.0
1734907679.174887,255.0,255.0
1734907679.1749814,255.0,255.0
1734907679.1765475,255.0,255.0
1734907679.17676,255.0,255.0
1734907679.1778944,255.0,255.0
1734907679.178094,255.0,255.0
1734907679.1796877,255.0,255.0
1734907679.1797159,255.0,255.0
1734907679.181043,255.0,255.0
1734907679.181061,255.0,255.0
1734907679.182302,255.0,255.0
1734907679.1832743,255.0,255.0
1734907679.1837475,255.0,255.0
1734907679.1843233,255.0,255.0
1734907679.185049,255.0,255.0
1734907679.1855795,255.0,255.0
1734907679.1872566,255.0,255.0
1734907679.1874325,255.0,255.0
1734907679.1886592,255.0,255.0
1734907679.1887243,255.0,255.0
1734907679.1902902,255.0,255.0
1734907679.1903713,255.0,255.0
1734907679.1915755,255.0,255.0
1734907679.1916063,255.0,255.0
1734907679.1930103,255.0,255.0
1734907679.193159,255.0,255.0
1734907679.194466,255.0,255.0
1734907679.1944976,255.0,255.0
1734907679.195859,255.0,255.0
1734907679.195994,255.0,255.0
1734907679.1970928,255.0,255.0
1734907679.197905,255.0,255.0
1734907679.1987407,255.0,255.0
1734907679.1988115,255.0,255.0
1734907679.2001574,255.0,255.0
1734907679.2002897,255.0,255.0
1734907679.2014065,255.0,255.0
1734907679.2015166,255.0,255.0
1734907679.2028031,255.0,255.0
1734907679.2029681,255.0,255.0
1734907679.2044795,255.0,255.0
1734907679.2045257,255.0,255.0
1734907679.205701,255.0,255.0
1734907679.2057955,255.0,255.0
1734907679.2069783,255.0,255.0
1734907679.2069952,255.0,255.0
1734907679.208267,255.0,255.0
1734907679.208511,255.0,255.0
1734907679.2100854,255.0,255.0
1734907679.2101216,255.0,255.0
1734907679.211496,255.0,255.0
1734907679.2115192,255.0,255.0
1734907679.2130482,255.0,255.0
1734907679.2132683,255.0,255.0
1734907679.2153242,255.0,255.0
1734907679.2154653,255.0,255.0
1734907679.2166026,255.0,255.0
1734907679.2166588,255.0,255.0
1734907679.2180936,255.0,255.0
1734907679.2182667,255.0,255.0
1734907679.2209444,255.0,255.0
1734907679.2210329,255.0,255.0
1734907679.2224016,255.0,255.0
1734907679.2226355,255.0,255.0
1734907679.223713,255.0,255.0
1734907679.2237988,255.0,255.0
1734907679.2252698,255.0,255.0
1734907679.2255406,255.0,255.0
1734907679.226651,255.0,255.0
1734907679.2268636,255.0,255.0
1734907679.2284193,255.0,255.0
1734907679.228542,255.0,255.0
1734907679.2296655,255.0,255.0
1734907679.229786,255.0,255.0
1734907679.2311254,255.0,255.0
1734907679.231157,255.0,255.0
1734907679.2327607,255.0,255.0
1734907679.2339287,255.0,255.0
1734907679.2352858,255.0,255.0
1734907679.23636,255.0,255.0
1734907679.2370121,255.0,255.0
1734907679.2370443,255.0,255.0
1734907679.237968,255.0,255.0
1734907679.2382839,255.0,255.0
1734907679.2395175,255.0,255.0
1734907679.2402663,255.0,255.0
1734907679.2412348,255.0,255.0
1734907679.241434,255.0,255.0
1734907679.2426696,255.0,255.0
1734907679.2427661,255.0,255.0
1734907679.244164,255.0,255.0
1734907679.2446077,255.0,255.0
1734907679.245626,255.0,255.0
1734907679.245795,255.0,255.0
1734907679.2467809,255.0,255.0
1734907679.247842,255.0,255.0
1734907679.2484298,255.0,255.0
1734907679.2489495,255.0,255.0
1734907679.2498424,255.0,255.0
1734907679.2499034,255.0,255.0
1734907679.251129,255.0,255.0
1734907679.2515092,255.0,255.0
1734907679.2528741,255.0,255.0
1734907679.2530632,255.0,255.0
1734907679.25426,255.0,255.0
1734907679.2543178,255.0,255.0
1734907679.2558613,255.0,255.0
1734907679.2558987,255.0,255.0
1734907679.2569382,255.0,255.0
1734907679.2570078,255.0,255.0
1734907679.2585156,255.0,255.0
1734907679.258552,255.0,255.0
1734907679.259985,255.0,255.0
1734907679.2600148,255.0,255.0
1734907679.2612026,255.0,255.0
1734907679.2613602,255.0,255.0
1734907679.2626815,255.0,255.0
1734907679.2628686,255.0,255.0
1734907679.2641697,255.0,255.0
1734907679.2641816,255.0,255.0
1734907679.265565,255.0,255.0
1734907679.2656977,255.0,255.0
1734907679.26681,255.0,255.0
1734907679.2670126,255.0,255.0
1734907679.2680361,255.0,255.0
1734907679.2681904,255.0,255.0
1734907679.2706928,255.0,255.0
1734907679.270755,255.0,255.0
1734907679.272059,255.0,255.0
1734907679.2732697,255.0,255.0
1734907679.2740345,255.0,255.0
1734907679.2746139,255.0,255.0
1734907679.2748036,255.0,255.0
1734907679.2764738,255.0,255.0
1734907679.2765157,255.0,255.0
1734907679.277891,255.0,255.0
1734907679.2780333,255.0,255.0
1734907679.279503,255.0,255.0
1734907679.2795932,255.0,255.0
1734907679.2809775,255.0,255.0
1734907679.28127,255.0,255.0
1734907679.2820907,255.0,255.0
1734907679.282575,255.0,255.0
1734907679.2838948,255.0,255.0
1734907679.2840211,255.0,255.0
1734907679.2854276,255.0,255.0
1734907679.285464,255.0,255.0
1734907679.2868662,255.0,255.0
1734907679.2869055,255.0,255.0
1734907679.288154,255.0,255.0
1734907679.2882063,255.0,255.0
1734907679.2895658,255.0,255.0
1734907679.2896447,255.0,255.0
1734907679.290905,255.0,255.0
1734907679.2910402,255.0,255.0
1734907679.292449,255.0,255.0
1734907679.292461,255.0,255.0
1734907679.2936106,255.0,255.0
1734907679.2937024,255.0,255.0
1734907679.2952802,255.0,255.0
1734907679.295309,255.0,255.0
1734907679.2965393,255.0,255.0
1734907679.296573,255.0,255.0
1734907679.2979975,255.0,255.0
1734907679.2981987,255.0,255.0
1734907679.2993214,255.0,255.0
1734907679.2996752,255.0,255.0
1734907679.3008811,255.0,255.0
1734907679.3011806,255.0,255.0
1734907679.3021765,255.0,255.0
1734907679.3023136,255.0,255.0
1734907679.3039124,255.0,255.0
1734907679.3039663,255.0,255.0
1734907679.3052993,255.0,255.0
1734907679.3054023,255.0,255.0
1734907679.3063867,255.0,255.0
1734907679.3065896,255.0,255.0
1734907679.3083494,255.0,255.0
1734907679.3085818,255.0,255.0
1734907679.3096492,255.0,255.0
1734907679.3098924,255.0,255.0
1734907679.3114161,255.0,255.0
1734907679.3114622,255.0,255.0
1734907679.3137746,255.0,255.0
1734907679.3138402,255.0,255.0
1734907679.3152292,255.0,255.0
1734907679.3167682,255.0,255.0
1734907679.3172278,255.0,255.0
1734907679.3181841,255.0,255.0
1734907679.3183033,255.0,255.0
1734907679.3198829,255.0,255.0
1734907679.3211422,255.0,255.0
1734907679.3213973,255.0,255.0
1734907679.3225093,255.0,255.0
1734907679.3227394,255.0,255.0
1734907679.3238206,255.0,255.0
1734907679.3239443,255.0,255.0
1734907679.3257127,255.0,255.0
1734907679.3259013,255.0,255.0
1734907679.3271198,255.0,255.0
1734907679.327191,255.0,255.0
1734907679.328382,255.0,255.0
1734907679.3287342,255.0,255.0
1734907679.3300424,255.0,255.0
1734907679.3300974,255.0,255.0
1734907679.3315637,255.0,255.0
1734907679.3315902,255.0,255.0
1734907679.3326921,255.0,255.0
1734907679.3328757,255.0,255.0
1734907679.334022,255.0,255.0
1734907679.3341296,255.0,255.0
1734907679.335522,255.0,255.0
1734907679.3358512,255.0,255.0
1734907679.3373237,255.0,255.0
1734907679.3374736,255.0,255.0
1734907679.338551,255.0,255.0
1734907679.3386183,255.0,255.0
1734907679.3399668,255.0,255.0
1734907679.3401754,255.0,255.0
1734907679.341395,255.0,255.0
1734907679.3414524,255.0,255.0
1734907679.3430223,255.0,255.0
1734907679.3430448,255.0,255.0
1734907679.3444521,255.0,255.0
1734907679.3444676,255.0,255.0
1734907679.3458295,255.0,255.0
1734907679.3458738,255.0,255.0
1734907679.3471394,255.0,255.0
1734907679.3473525,255.0,255.0
1734907679.3487785,255.0,255.0
1734907679.3487935,255.0,255.0
1734907679.349999,255.0,255.0
1734907679.3504217,255.0,255.0
1734907679.3513713,255.0,255.0
1734907679.3517573,255.0,255.0
1734907679.3530915,255.0,255.0
1734907679.3531766,255.0,255.0
1734907679.3541377,255.0,255.0
1734907679.3545544,255.0,255.0
1734907679.3556292,255.0,255.0
1734907679.3558156,255.0,255.0
1734907679.356877,255.0,255.0
1734907679.3571146,255.0,255.0
1734907679.3586335,255.0,255.0
1734907679.3587282,255.0,255.0
1734907679.3601396,255.0,255.0
1734907679.360407,255.0,255.0
1734907679.3613782,255.0,255.0
1734907679.36182,255.0,255.0
1734907679.3630226,255.0,255.0
1734907679.363173,255.0,255.0
1734907679.3653517,255.0,255.0
1734907679.3654857,255.0,255.0
1734907679.366836,255.0,255.0
1734907679.3668501,255.0,255.0
1734907679.3680346,255.0,255.0
1734907679.3680878,255.0,255.0
1734907679.369677,255.0,255.0
1734907679.3699822,255.0,255.0
1734907679.371201,255.0,255.0
1734907679.3713331,255.0,255.0
1734907679.3724334,255.0,255.0
1734907679.3725142,255.0,255.0
1734907679.3736894,255.0,255.0
1734907679.373867,255.0,255.0
1734907679.3753588,255.0,255.0
1734907679.3753994,255.0,255.0
1734907679.3771005,255.0,255.0
1734907679.3772073,255.0,255.0
1734907679.3784115,255.0,255.0
1734907679.378598,255.0,255.0
1734907679.3801568,255.0,255.0
1734907679.3803685,255.0,255.0
1734907679.38232,255.0,255.0
1734907679.3835893,255.0,255.0
1734907679.3846822,255.0,255.0
1734907679.3856838,255.0,255.0
1734907679.385999,255.0,255.0
1734907679.3867545,255.0,255.0
1734907679.3878233,255.0,255.0
1734907679.3879595,255.0,255.0
1734907679.389173,255.0,255.0
1734907679.3895752,255.0,255.0
1734907679.3899379,255.0,255.0
1734907679.3910213,255.0,255.0
1734907679.3912802,255.0,255.0
1734907679.3928866,255.0,255.0
1734907679.3929782,255.0,255.0
1734907679.394315,255.0,255.0
1734907679.3943574,255.0,255.0
1734907679.3957224,255.0,255.0
1734907679.395755,255.0,255.0
1734907679.3969648,255.0,255.0
1734907679.397024,255.0,255.0
1734907679.3984942,255.0,255.0
1734907679.3985682,255.0,255.0
1734907679.3996394,255.0,255.0
1734907679.3996544,255.0,255.0
1734907679.4009953,255.0,255.0
1734907679.4010344,255.0,255.0
1734907679.4025135,255.0,255.0
1734907679.402582,255.0,255.0
1734907679.4040012,255.0,255.0
1734907679.4041307,255.0,255.0
1734907679.405298,255.0,255.0
1734907679.4054818,255.0,255.0
1734907679.4064493,255.0,255.0
1734907679.4067602,255.0,255.0
1734907679.407975,255.0,255.0
1734907679.4080026,255.0,255.0
1734907679.4108293,255.0,255.0
1734907679.411002,255.0,255.0
1734907679.4124095,255.0,255.0
1734907679.4126544,255.0,255.0
1734907679.413952,255.0,255.0
1734907679.4140337,255.0,255.0
1734907679.4151576,255.0,255.0
1734907679.4154694,255.0,255.0
1734907679.4166849,255.0,255.0
1734907679.4169943,255.0,255.0
1734907679.4182308,255.0,255.0
1734907679.418434,255.0,255.0
1734907679.419756,255.0,255.0
1734907679.4197888,255.0,255.0
1734907679.4210877,255.0,255.0
1734907679.421367,255.0,255.0
1734907679.422503,255.0,255.0
1734907679.4226654,255.0,255.0
1734907679.423897,255.0,255.0
1734907679.423928,255.0,255.0
1734907679.4254382,255.0,255.0
1734907679.4254541,255.0,255.0
1734907679.4270911,255.0,255.0
1734907679.4271276,255.0,255.0
1734907679.428653,255.0,255.0
1734907679.428686,255.0,255.0
1734907679.4297225,255.0,255.0
1734907679.429978,255.0,255.0
1734907679.431487,255.0,255.0
1734907679.4315352,255.0,255.0
1734907679.4330056,255.0,255.0
1734907679.4332345,255.0,255.0
1734907679.4341447,255.0,255.0
1734907679.4359264,255.0,255.0
1734907679.4359674,255.0,255.0
1734907679.437474,255.0,255.0
1734907679.438488,255.0,255.0
1734907679.43883,255.0,255.0
1734907679.4400418,255.0,255.0
1734907679.4400804,255.0,255.0
1734907679.4416199,255.0,255.0
1734907679.4416962,255.0,255.0
1734907679.443175,255.0,255.0
1734907679.443211,255.0,255.0
1734907679.4447668,255.0,255.0
1734907679.4454973,255.0,255.0
1734907679.4466102,255.0,255.0
1734907679.4467378,255.0,255.0
1734907679.4476538,255.0,255.0
1734907679.4480176,255.0,255.0
1734907679.4491682,255.0,255.0
1734907679.4492207,255.0,255.0
1734907679.450649,255.0,255.0
1734907679.450929,255.0,255.0
1734907679.4520721,255.0,255.0
1734907679.4522653,255.0,255.0
1734907679.4536088,255.0,255.0
1734907679.4536853,255.0,255.0
1734907679.4548323,255.0,255.0
1734907679.4550195,255.0,255.0
1734907679.4560964,255.0,255.0
1734907679.4563408,255.0,255.0
1734907679.4574142,255.0,255.0
1734907679.4591758,255.0,255.0
1734907679.459361,255.0,255.0
1734907679.4599996,255.0,255.0
1734907679.4612288,255.0,255.0
1734907679.4614785,255.0,255.0
1734907679.4631908,255.0,255.0
1734907679.4634712,255.0,255.0
1734907679.464711,255.0,255.0
1734907679.4647524,255.0,255.0
1734907679.4662344,255.0,255.0
1734907679.4662821,255.0,255.0
1734907679.467544,255.0,255.0
1734907679.4678438,255.0,255.0
1734907679.4688163,255.0,255.0
1734907679.469099,255.0,255.0
1734907679.4705112,255.0,255.0
1734907679.47061,255.0,255.0
