{
    "white_covariances": [
        [0.73244988, 0.69102536, 0.76623298, 0.79925195, 0.67936214, 0.78408977, 0.91532104, 1.0615134 ],
        [0.5001106, 0.72585413, 0.66838263, 0.65567375, 0.79832693, 0.66938808, 0.78111364, 0.76088399],
        [0.71306481, 0.74093587, 0.66230972, 0.83428181, 0.79414426, 0.62386133, 0.80560639, 0.81996421],
        [0.75002514, 0.72251604, 1.19777192, 0.91817652, 0.78859418, 0.92794949, 0.87088017, 1.05178065],
        [0.62237326, 0.57395081, 0.77837881, 0.80411832, 0.88495646, 0.94258883, 0.68270024, 0.74885881],
        [0.82780671, 0.96716202, 0.72521064, 0.63142231, 0.92658207, 0.83504595, 0.42261055, 0.78577892],
        [0.98172093, 0.80560639, 0.86774317, 0.97918719, 1.033763, 0.64312574, 0.99225804, 0.616421  ],
        [0.64091375, 0.51897283, 0.72513021, 0.62567114, 0.73864345, 0.67481751, 0.92368638, 0.55090591]
    ],
    "black_covariances": [
        [1.56464573, 1.16727538, 1.11021833, 1.53455483, 1.69994319, 2.0885683 ,2.48250954 ,4.29285366 ],
        [1.17336255, 1.39241945, 1.03759841, 1.37385358, 1.81724292, 2.21548576, 2.17815112, 2.72017288],
        [1.14041068, 1.09465547, 0.53260693, 0.98849525, 0.99206639, 1.58988718, 2.17817141, 2.87373184],
        [1.58308985, 1.18563834, 0.66968996, 0.95706517, 1.01284393, 1.07296486, 1.64808051, 1.85187891],
        [1.70197224, 1.31604578, 0.86656927, 1.04206233, 1.00643211, 1.61539242, 2.36928821, 3.28205909],
        [2.1614317, 1.68162081, 1.50442334, 1.32042854, 1.46564808, 2.22051782, 2.00527555, 2.01071342],
        [2.88160458, 2.15771853, 2.3493223 , 2.72228309, 2.05835565, 1.46254362, 1.64864865, 2.57156481],
        [3.61563591, 2.26412223, 3.49452155, 2.93417742, 3.05707735, 2.33035062, 1.53510267, 2.39030923]
    ]
}